station_id,timestamp,bikes_available,docks_available,is_renting,is_returning
608535280,2026-08-17T01:38:51.685442+00:00,6,0,True,True
608535281,2026-08-17T01:38:51.685442+00:00,5,0,True,True
608535282,2026-08-17T01:38:51.685442+00:00,6,0,True,True
608535283,2026-08-17T01:38:51.685442+00:00,2,0,True,True
608535284,2026-08-17T01:38:51.685442+00:00,4,0,True,True
608535285,2026-08-17T01:38:51.685442+00:00,3,0,True,True
608535286,2026-08-17T01:38:51.685442+00:00,4,0,True,True
608535287,2026-08-17T01:38:51.685442+00:00,5,0,True,True
608535288,2026-08-17T01:38:51.685442+00:00,3,0,True,True
608535289,2026-08-17T01:38:51.685442+00:00,4,0,True,True
608535290,2026-08-17T01:38:51.685442+00:00,6,0,True,True
608535291,2026-08-17T01:38:51.685442+00:00,8,0,True,True
608535292,2026-08-17T01:38:51.685442+00:00,2,0,True,True
608535293,2026-08-17T01:38:51.685442+00:00,7,0,True,True
608535294,2026-08-17T01:38:51.685442+00:00,5,0,True,True
608535295,2026-08-17T01:38:51.685442+00:00,6,0,True,True
608535296,2026-08-17T01:38:51.685442+00:00,4,0,True,True
608535297,2026-08-17T01:38:51.685442+00:00,8,0,True,True
608535298,2026-08-17T01:38:51.685442+00:00,6,0,True,True
608535299,2026-08-17T01:38:51.685442+00:00,7,0,True,True
608535300,2026-08-17T01:38:51.685442+00:00,7,0,True,True
608535301,2026-08-17T01:38:51.685442+00:00,8,0,True,True
608535302,2026-08-17T01:38:51.685442+00:00,6,0,True,True
608535303,2026-08-17T01:38:51.685442+00:00,5,0,True,True
608535304,2026-08-17T01:38:51.685442+00:00,5,0,True,True
608535305,2026-08-17T01:38:51.685442+00:00,7,0,True,True
608535306,2026-08-17T01:38:51.685442+00:00,2,0,True,True
608535307,2026-08-17T01:38:51.685442+00:00,7,0,True,True
608535308,2026-08-17T01:38:51.685442+00:00,6,0,True,True
608535309,2026-08-17T01:38:51.685442+00:00,3,0,True,True
608535310,2026-08-17T01:38:51.685442+00:00,6,0,True,True
608535311,2026-08-17T01:38:51.685442+00:00,5,0,True,True
608535312,2026-08-17T01:38:51.685442+00:00,4,0,True,True
608535313,2026-08-17T01:38:51.685442+00:00,0,0,True,True
608535314,2026-08-17T01:38:51.685442+00:00,5,0,True,True
608535315,2026-08-17T01:38:51.685442+00:00,4,0,True,True
608535316,2026-08-17T01:38:51.685442+00:00,11,0,True,True
608535317,2026-08-17T01:38:51.685442+00:00,6,0,True,True
608535318,2026-08-17T01:38:51.685442+00:00,10,0,True,True
608535319,2026-08-17T01:38:51.685442+00:00,5,0,True,True
608535320,2026-08-17T01:38:51.685442+00:00,6,0,True,True
608535321,2026-08-17T01:38:51.685442+00:00,3,0,True,True
608535322,2026-08-17T01:38:51.685442+00:00,12,0,True,True
608535323,2026-08-17T01:38:51.685442+00:00,4,0,True,True
608535324,2026-08-17T01:38:51.685442+00:00,2,0,True,True
608535325,2026-08-17T01:38:51.685442+00:00,6,0,True,True
608535326,2026-08-17T01:38:51.685442+00:00,5,0,True,True
608535327,2026-08-17T01:38:51.685442+00:00,9,0,True,True
608535328,2026-08-17T01:38:51.685442+00:00,10,0,True,True
608535329,2026-08-17T01:38:51.685442+00:00,5,0,True,True
608535330,2026-08-17T01:38:51.685442+00:00,7,0,True,True
608535331,2026-08-17T01:38:51.685442+00:00,1,0,True,True
608535332,2026-08-17T01:38:51.685442+00:00,11,0,True,True
608535333,2026-08-17T01:38:51.685442+00:00,5,0,True,True
608535334,2026-08-17T01:38:51.685442+00:00,3,0,True,True
608535335,2026-08-17T01:38:51.685442+00:00,4,0,True,True
608535336,2026-08-17T01:38:51.685442+00:00,8,0,True,True
608535337,2026-08-17T01:38:51.685442+00:00,4,0,True,True
608535338,2026-08-17T01:38:51.685442+00:00,1,0,True,True
608535339,2026-08-17T01:38:51.685442+00:00,7,0,True,True
608535340,2026-08-17T01:38:51.685442+00:00,7,0,True,True
608535341,2026-08-17T01:38:51.685442+00:00,6,0,True,True
608535342,2026-08-17T01:38:51.685442+00:00,1,0,True,True
608535343,2026-08-17T01:38:51.685442+00:00,5,0,True,True
608535344,2026-08-17T01:38:51.685442+00:00,5,0,True,True
608535345,2026-08-17T01:38:51.685442+00:00,8,0,True,True
608535346,2026-08-17T01:38:51.685442+00:00,2,0,True,True
608535256,2026-08-17T01:38:51.685442+00:00,6,0,True,True
608535257,2026-08-17T01:38:51.685442+00:00,6,0,True,True
608535258,2026-08-17T01:38:51.685442+00:00,4,0,True,True
608535259,2026-08-17T01:38:51.685442+00:00,1,0,True,True
608535260,2026-08-17T01:38:51.685442+00:00,14,0,True,True
608535261,2026-08-17T01:38:51.685442+00:00,3,0,True,True
608535262,2026-08-17T01:38:51.685442+00:00,9,0,True,True
608535263,2026-08-17T01:38:51.685442+00:00,3,0,True,True
608535265,2026-08-17T01:38:51.685442+00:00,0,0,True,True
608535266,2026-08-17T01:38:51.685442+00:00,4,0,True,True
608535267,2026-08-17T01:38:51.685442+00:00,4,0,True,True
608535268,2026-08-17T01:38:51.685442+00:00,3,0,True,True
608535270,2026-08-17T01:38:51.685442+00:00,9,0,True,True
608535271,2026-08-17T01:38:51.685442+00:00,1,0,True,True
608535272,2026-08-17T01:38:51.685442+00:00,1,0,True,True
608535273,2026-08-17T01:38:51.685442+00:00,0,0,True,True
608535274,2026-08-17T01:38:51.685442+00:00,5,0,True,True
608535276,2026-08-17T01:38:51.685442+00:00,8,0,True,True
608535277,2026-08-17T01:38:51.685442+00:00,2,0,True,True
608535278,2026-08-17T01:38:51.685442+00:00,12,0,True,True
608535279,2026-08-17T01:38:51.685442+00:00,5,0,True,True
608535378,2026-08-17T01:38:51.685442+00:00,6,0,True,True
608535379,2026-08-17T01:38:51.685442+00:00,6,0,True,True
608535380,2026-08-17T01:38:51.685442+00:00,8,0,True,True
608535381,2026-08-17T01:38:51.685442+00:00,1,0,True,True
608535383,2026-08-17T01:38:51.685442+00:00,6,0,True,True
608535384,2026-08-17T01:38:51.685442+00:00,5,0,True,True
608535385,2026-08-17T01:38:51.685442+00:00,1,0,True,True
608535386,2026-08-17T01:38:51.685442+00:00,15,0,True,True
608535387,2026-08-17T01:38:51.685442+00:00,4,0,True,True
608535388,2026-08-17T01:38:51.685442+00:00,7,0,True,True
608535389,2026-08-17T01:38:51.685442+00:00,2,0,True,True
608535390,2026-08-17T01:38:51.685442+00:00,6,0,True,True
608535391,2026-08-17T01:38:51.685442+00:00,1,0,True,True
608535392,2026-08-17T01:38:51.685442+00:00,7,0,True,True
608535393,2026-08-17T01:38:51.685442+00:00,9,0,True,True
608535394,2026-08-17T01:38:51.685442+00:00,7,0,True,True
608535395,2026-08-17T01:38:51.685442+00:00,14,0,True,True
608535396,2026-08-17T01:38:51.685442+00:00,4,0,True,True
608535440,2026-08-17T01:38:51.685442+00:00,0,0,True,True
608535441,2026-08-17T01:38:51.685442+00:00,0,0,True,True
608535442,2026-08-17T01:38:51.685442+00:00,1,0,True,True
608535443,2026-08-17T01:38:51.685442+00:00,4,0,True,True
608535444,2026-08-17T01:38:51.685442+00:00,14,0,True,True
608535445,2026-08-17T01:38:51.685442+00:00,28,0,True,True
608535446,2026-08-17T01:38:51.685442+00:00,0,0,True,True
608535447,2026-08-17T01:38:51.685442+00:00,2,0,True,True
608535461,2026-08-17T01:38:51.685442+00:00,2,0,True,True
608535462,2026-08-17T01:38:51.685442+00:00,0,0,True,True
608535463,2026-08-17T01:38:51.685442+00:00,1,0,True,True
608535464,2026-08-17T01:38:51.685442+00:00,9,0,True,True
608535491,2026-08-17T01:38:51.685442+00:00,1,0,True,True
608535492,2026-08-17T01:38:51.685442+00:00,1,0,True,True
608535493,2026-08-17T01:38:51.685442+00:00,12,0,True,True
608535494,2026-08-17T01:38:51.685442+00:00,3,0,True,True
608535495,2026-08-17T01:38:51.685442+00:00,1,0,True,True
608535496,2026-08-17T01:38:51.685442+00:00,6,0,True,True
608535497,2026-08-17T01:38:51.685442+00:00,7,0,True,True
608535498,2026-08-17T01:38:51.685442+00:00,11,0,True,True
608535499,2026-08-17T01:38:51.685442+00:00,3,0,True,True
608535500,2026-08-17T01:38:51.685442+00:00,4,0,True,True
608535501,2026-08-17T01:38:51.685442+00:00,1,0,True,True
608535502,2026-08-17T01:38:51.685442+00:00,2,0,True,True
608535503,2026-08-17T01:38:51.685442+00:00,8,0,True,True
608535504,2026-08-17T01:38:51.685442+00:00,2,0,True,True
608535505,2026-08-17T01:38:51.685442+00:00,0,0,True,True
637793366,2026-08-17T01:38:51.685442+00:00,0,0,True,True
608535516,2026-08-17T01:38:51.685442+00:00,4,0,True,True
608535517,2026-08-17T01:38:51.685442+00:00,2,0,True,True
608535518,2026-08-17T01:38:51.685442+00:00,3,0,True,True
608535519,2026-08-17T01:38:51.685442+00:00,6,0,True,True
608535520,2026-08-17T01:38:51.685442+00:00,9,0,True,True
608535521,2026-08-17T01:38:51.685442+00:00,8,0,True,True
608535522,2026-08-17T01:38:51.685442+00:00,9,0,True,True
608535523,2026-08-17T01:38:51.685442+00:00,5,0,True,True
608535524,2026-08-17T01:38:51.685442+00:00,5,0,True,True
608535525,2026-08-17T01:38:51.685442+00:00,3,0,True,True
608535526,2026-08-17T01:38:51.685442+00:00,1,0,True,True
608535527,2026-08-17T01:38:51.685442+00:00,5,0,True,True
608535528,2026-08-17T01:38:51.685442+00:00,11,0,True,True
608535529,2026-08-17T01:38:51.685442+00:00,7,0,True,True
608535530,2026-08-17T01:38:51.685442+00:00,3,0,True,True
608535531,2026-08-17T01:38:51.685442+00:00,5,0,True,True
608535532,2026-08-17T01:38:51.685442+00:00,4,0,True,True
608535533,2026-08-17T01:38:51.685442+00:00,3,0,True,True
608535534,2026-08-17T01:38:51.685442+00:00,3,0,True,True
608535537,2026-08-17T01:38:51.685442+00:00,3,0,True,True
608535398,2026-08-17T01:38:51.685442+00:00,6,0,True,True
608535399,2026-08-17T01:38:51.685442+00:00,2,0,True,True
608535400,2026-08-17T01:38:51.685442+00:00,4,0,True,True
608535402,2026-08-17T01:38:51.685442+00:00,7,0,True,True
608535403,2026-08-17T01:38:51.685442+00:00,4,0,True,True
608535404,2026-08-17T01:38:51.685442+00:00,5,0,True,True
608535405,2026-08-17T01:38:51.685442+00:00,1,0,True,True
608535406,2026-08-17T01:38:51.685442+00:00,7,0,True,True
608535407,2026-08-17T01:38:51.685442+00:00,6,0,True,True
608535408,2026-08-17T01:38:51.685442+00:00,5,0,True,True
608535409,2026-08-17T01:38:51.685442+00:00,5,0,True,True
608535410,2026-08-17T01:38:51.685442+00:00,6,0,True,True
608535411,2026-08-17T01:38:51.685442+00:00,5,0,True,True
608535412,2026-08-17T01:38:51.685442+00:00,8,0,True,True
608535413,2026-08-17T01:38:51.685442+00:00,6,0,True,True
608535414,2026-08-17T01:38:51.685442+00:00,7,0,True,True
608535415,2026-08-17T01:38:51.685442+00:00,0,0,True,True
608535416,2026-08-17T01:38:51.685442+00:00,8,0,True,True
608535417,2026-08-17T01:38:51.685442+00:00,11,0,True,True
608535418,2026-08-17T01:38:51.685442+00:00,9,0,True,True
608535419,2026-08-17T01:38:51.685442+00:00,9,0,True,True
608535420,2026-08-17T01:38:51.685442+00:00,9,0,True,True
608535421,2026-08-17T01:38:51.685442+00:00,3,0,True,True
608535422,2026-08-17T01:38:51.685442+00:00,6,0,True,True
608535423,2026-08-17T01:38:51.685442+00:00,7,0,True,True
608535424,2026-08-17T01:38:51.685442+00:00,7,0,True,True
608535425,2026-08-17T01:38:51.685442+00:00,4,0,True,True
608535426,2026-08-17T01:38:51.685442+00:00,3,0,True,True
608535427,2026-08-17T01:38:51.685442+00:00,2,0,True,True
608535428,2026-08-17T01:38:51.685442+00:00,13,0,True,True
608535429,2026-08-17T01:38:51.685442+00:00,5,0,True,True
608535430,2026-08-17T01:38:51.685442+00:00,0,0,True,True
608535431,2026-08-17T01:38:51.685442+00:00,2,0,True,True
608535438,2026-08-17T01:38:51.685442+00:00,1,0,True,True
608535439,2026-08-17T01:38:51.685442+00:00,6,0,True,True
608535432,2026-08-17T01:38:51.685442+00:00,3,0,True,True
608535433,2026-08-17T01:38:51.685442+00:00,3,0,True,True
608535434,2026-08-17T01:38:51.685442+00:00,3,0,True,True
608535435,2026-08-17T01:38:51.685442+00:00,0,0,True,True
608535436,2026-08-17T01:38:51.685442+00:00,3,0,True,True
608535437,2026-08-17T01:38:51.685442+00:00,6,0,True,True
608535448,2026-08-17T01:38:51.685442+00:00,3,0,True,True
608535449,2026-08-17T01:38:51.685442+00:00,6,0,True,True
608535450,2026-08-17T01:38:51.685442+00:00,4,0,True,True
608535451,2026-08-17T01:38:51.685442+00:00,4,0,True,True
608535483,2026-08-17T01:38:51.685442+00:00,0,0,True,True
608535484,2026-08-17T01:38:51.685442+00:00,3,0,True,True
608535485,2026-08-17T01:38:51.685442+00:00,4,0,True,True
608535486,2026-08-17T01:38:51.685442+00:00,1,0,True,True
608535487,2026-08-17T01:38:51.685442+00:00,10,0,True,True
608535488,2026-08-17T01:38:51.685442+00:00,6,0,True,True
608535489,2026-08-17T01:38:51.685442+00:00,4,0,True,True
608535490,2026-08-17T01:38:51.685442+00:00,14,0,True,True
608535452,2026-08-17T01:38:51.685442+00:00,6,0,True,True
608535453,2026-08-17T01:38:51.685442+00:00,2,0,True,True
608535454,2026-08-17T01:38:51.685442+00:00,4,0,True,True
608535455,2026-08-17T01:38:51.685442+00:00,4,0,True,True
608535456,2026-08-17T01:38:51.685442+00:00,4,0,True,True
608535457,2026-08-17T01:38:51.685442+00:00,6,0,True,True
608535458,2026-08-17T01:38:51.685442+00:00,19,0,True,True
608535459,2026-08-17T01:38:51.685442+00:00,11,0,True,True
608535460,2026-08-17T01:38:51.685442+00:00,2,0,True,True
608535465,2026-08-17T01:38:51.685442+00:00,1,0,True,True
608535466,2026-08-17T01:38:51.685442+00:00,1,0,True,True
608535467,2026-08-17T01:38:51.685442+00:00,2,0,True,True
608535468,2026-08-17T01:38:51.685442+00:00,6,0,True,True
608535469,2026-08-17T01:38:51.685442+00:00,7,0,True,True
608535470,2026-08-17T01:38:51.685442+00:00,0,0,True,True
608535471,2026-08-17T01:38:51.685442+00:00,2,0,True,True
608535473,2026-08-17T01:38:51.685442+00:00,2,0,True,True
608535474,2026-08-17T01:38:51.685442+00:00,6,0,True,True
608535475,2026-08-17T01:38:51.685442+00:00,1,0,True,True
608535476,2026-08-17T01:38:51.685442+00:00,9,0,True,True
608535477,2026-08-17T01:38:51.685442+00:00,4,0,True,True
608535478,2026-08-17T01:38:51.685442+00:00,0,0,True,True
608535479,2026-08-17T01:38:51.685442+00:00,2,0,True,True
608535480,2026-08-17T01:38:51.685442+00:00,1,0,True,True
608535481,2026-08-17T01:38:51.685442+00:00,3,0,True,True
608535482,2026-08-17T01:38:51.685442+00:00,4,0,True,True
608535507,2026-08-17T01:38:51.685442+00:00,2,0,True,True
608535508,2026-08-17T01:38:51.685442+00:00,4,0,True,True
608535509,2026-08-17T01:38:51.685442+00:00,4,0,True,True
608535510,2026-08-17T01:38:51.685442+00:00,2,0,True,True
608535511,2026-08-17T01:38:51.685442+00:00,0,0,True,True
608535512,2026-08-17T01:38:51.685442+00:00,4,0,True,True
608535513,2026-08-17T01:38:51.685442+00:00,4,0,True,True
608535514,2026-08-17T01:38:51.685442+00:00,4,0,True,True
608535515,2026-08-17T01:38:51.685442+00:00,8,0,True,True
608535347,2026-08-17T01:38:51.685442+00:00,2,0,True,True
608535348,2026-08-17T01:38:51.685442+00:00,10,0,True,True
608535349,2026-08-17T01:38:51.685442+00:00,7,0,True,True
608535350,2026-08-17T01:38:51.685442+00:00,2,0,True,True
608535351,2026-08-17T01:38:51.685442+00:00,5,0,True,True
608535352,2026-08-17T01:38:51.685442+00:00,2,0,True,True
608535353,2026-08-17T01:38:51.685442+00:00,3,0,True,True
608535354,2026-08-17T01:38:51.685442+00:00,8,0,True,True
608535538,2026-08-17T01:38:51.685442+00:00,6,0,True,True
608535539,2026-08-17T01:38:51.685442+00:00,9,0,True,True
608535540,2026-08-17T01:38:51.685442+00:00,3,0,True,True
608535355,2026-08-17T01:38:51.685442+00:00,5,0,True,True
608535356,2026-08-17T01:38:51.685442+00:00,7,0,True,True
608535357,2026-08-17T01:38:51.685442+00:00,3,0,True,True
608535358,2026-08-17T01:38:51.685442+00:00,7,0,True,True
608535359,2026-08-17T01:38:51.685442+00:00,2,0,True,True
608535360,2026-08-17T01:38:51.685442+00:00,1,0,True,True
608535361,2026-08-17T01:38:51.685442+00:00,3,0,True,True
608535362,2026-08-17T01:38:51.685442+00:00,1,0,True,True
608535363,2026-08-17T01:38:51.685442+00:00,1,0,True,True
608535364,2026-08-17T01:38:51.685442+00:00,5,0,True,True
608535365,2026-08-17T01:38:51.685442+00:00,2,0,True,True
608535366,2026-08-17T01:38:51.685442+00:00,2,0,True,True
608535367,2026-08-17T01:38:51.685442+00:00,5,0,True,True
608535368,2026-08-17T01:38:51.685442+00:00,2,0,True,True
608535369,2026-08-17T01:38:51.685442+00:00,1,0,True,True
608535370,2026-08-17T01:38:51.685442+00:00,2,0,True,True
608535371,2026-08-17T01:38:51.685442+00:00,0,0,True,True
608535372,2026-08-17T01:38:51.685442+00:00,7,0,True,True
608535373,2026-08-17T01:38:51.685442+00:00,9,0,True,True
608535375,2026-08-17T01:38:51.685442+00:00,2,0,True,True
608535376,2026-08-17T01:38:51.685442+00:00,10,0,True,True
606857330,2026-08-17T01:38:51.685442+00:00,3,0,True,True
608534898,2026-08-17T01:38:51.685442+00:00,1,0,True,True
608534899,2026-08-17T01:38:51.685442+00:00,0,0,True,True
608534900,2026-08-17T01:38:51.685442+00:00,6,0,True,True
608534901,2026-08-17T01:38:51.685442+00:00,2,0,True,True
608534902,2026-08-17T01:38:51.685442+00:00,6,0,True,True
608534903,2026-08-17T01:38:51.685442+00:00,7,0,True,True
608534904,2026-08-17T01:38:51.685442+00:00,2,0,True,True
608534905,2026-08-17T01:38:51.685442+00:00,1,0,True,True
608534906,2026-08-17T01:38:51.685442+00:00,0,6,True,True
608534907,2026-08-17T01:38:51.685442+00:00,15,0,True,True
608534908,2026-08-17T01:38:51.685442+00:00,1,0,True,True
608534909,2026-08-17T01:38:51.685442+00:00,12,0,True,True
608534910,2026-08-17T01:38:51.685442+00:00,5,0,True,True
608534912,2026-08-17T01:38:51.685442+00:00,1,0,True,True
608534913,2026-08-17T01:38:51.685442+00:00,1,0,True,True
608534914,2026-08-17T01:38:51.685442+00:00,0,0,True,True
608534915,2026-08-17T01:38:51.685442+00:00,9,0,True,True
608534916,2026-08-17T01:38:51.685442+00:00,8,0,True,True
608534917,2026-08-17T01:38:51.685442+00:00,5,0,True,True
608534918,2026-08-17T01:38:51.685442+00:00,12,0,True,True
608534919,2026-08-17T01:38:51.685442+00:00,0,0,True,True
608534920,2026-08-17T01:38:51.685442+00:00,1,0,True,True
608534921,2026-08-17T01:38:51.685442+00:00,2,0,True,True
608534922,2026-08-17T01:38:51.685442+00:00,4,0,True,True
608534923,2026-08-17T01:38:51.685442+00:00,12,0,True,True
608534924,2026-08-17T01:38:51.685442+00:00,4,0,True,True
608534925,2026-08-17T01:38:51.685442+00:00,6,0,True,True
608534926,2026-08-17T01:38:51.685442+00:00,4,0,True,True
608534927,2026-08-17T01:38:51.685442+00:00,0,0,True,True
608534928,2026-08-17T01:38:51.685442+00:00,9,0,True,True
608534930,2026-08-17T01:38:51.685442+00:00,6,0,True,True
608534932,2026-08-17T01:38:51.685442+00:00,3,0,True,True
608534933,2026-08-17T01:38:51.685442+00:00,6,0,True,True
608534934,2026-08-17T01:38:51.685442+00:00,6,0,False,False
608534936,2026-08-17T01:38:51.685442+00:00,3,0,True,True
608534937,2026-08-17T01:38:51.685442+00:00,6,0,True,True
608534939,2026-08-17T01:38:51.685442+00:00,7,0,True,True
608534940,2026-08-17T01:38:51.685442+00:00,6,0,True,True
608534942,2026-08-17T01:38:51.685442+00:00,20,0,True,True
608534943,2026-08-17T01:38:51.685442+00:00,4,0,True,True
608534944,2026-08-17T01:38:51.685442+00:00,0,0,True,True
608534945,2026-08-17T01:38:51.685442+00:00,1,0,True,True
608534946,2026-08-17T01:38:51.685442+00:00,11,0,True,True
608534947,2026-08-17T01:38:51.685442+00:00,11,0,True,True
608534948,2026-08-17T01:38:51.685442+00:00,3,0,True,True
608534950,2026-08-17T01:38:51.685442+00:00,2,0,True,True
608534952,2026-08-17T01:38:51.685442+00:00,0,0,True,True
608534953,2026-08-17T01:38:51.685442+00:00,0,0,True,True
608534954,2026-08-17T01:38:51.685442+00:00,0,0,True,True
608534955,2026-08-17T01:38:51.685442+00:00,1,0,True,True
608534956,2026-08-17T01:38:51.685442+00:00,0,0,True,True
608534957,2026-08-17T01:38:51.685442+00:00,3,0,True,True
608534958,2026-08-17T01:38:51.685442+00:00,1,0,True,True
608534959,2026-08-17T01:38:51.685442+00:00,0,8,True,True
608534960,2026-08-17T01:38:51.685442+00:00,4,0,True,True
608534961,2026-08-17T01:38:51.685442+00:00,3,0,True,True
608534962,2026-08-17T01:38:51.685442+00:00,6,0,True,True
608534963,2026-08-17T01:38:51.685442+00:00,12,0,True,True
608534964,2026-08-17T01:38:51.685442+00:00,7,0,True,True
608534965,2026-08-17T01:38:51.685442+00:00,0,0,True,True
608534967,2026-08-17T01:38:51.685442+00:00,2,0,True,True
608534968,2026-08-17T01:38:51.685442+00:00,17,0,True,True
608534969,2026-08-17T01:38:51.685442+00:00,2,0,True,True
608534970,2026-08-17T01:38:51.685442+00:00,4,0,True,True
608534971,2026-08-17T01:38:51.685442+00:00,4,0,True,True
608534973,2026-08-17T01:38:51.685442+00:00,5,0,True,True
608534974,2026-08-17T01:38:51.685442+00:00,16,0,True,True
608534975,2026-08-17T01:38:51.685442+00:00,1,0,True,True
608534977,2026-08-17T01:38:51.685442+00:00,1,0,True,True
608534978,2026-08-17T01:38:51.685442+00:00,2,0,True,True
608534979,2026-08-17T01:38:51.685442+00:00,3,0,True,True
608534980,2026-08-17T01:38:51.685442+00:00,0,0,True,True
608534981,2026-08-17T01:38:51.685442+00:00,0,0,True,True
608534982,2026-08-17T01:38:51.685442+00:00,1,0,True,True
608534983,2026-08-17T01:38:51.685442+00:00,2,0,True,True
608534984,2026-08-17T01:38:51.685442+00:00,3,0,True,True
608534985,2026-08-17T01:38:51.685442+00:00,4,0,True,True
608534986,2026-08-17T01:38:51.685442+00:00,0,0,True,True
608534987,2026-08-17T01:38:51.685442+00:00,2,0,True,True
608534988,2026-08-17T01:38:51.685442+00:00,1,0,True,True
608534990,2026-08-17T01:38:51.685442+00:00,4,0,True,True
608534991,2026-08-17T01:38:51.685442+00:00,1,0,True,True
608534992,2026-08-17T01:38:51.685442+00:00,1,0,True,True
608534993,2026-08-17T01:38:51.685442+00:00,3,0,True,True
608534994,2026-08-17T01:38:51.685442+00:00,1,0,True,True
608534995,2026-08-17T01:38:51.685442+00:00,10,0,True,True
608534996,2026-08-17T01:38:51.685442+00:00,0,0,True,True
608534998,2026-08-17T01:38:51.685442+00:00,0,0,True,True
608534999,2026-08-17T01:38:51.685442+00:00,6,0,True,True
608535000,2026-08-17T01:38:51.685442+00:00,1,0,True,True
608535001,2026-08-17T01:38:51.685442+00:00,7,0,True,True
608535002,2026-08-17T01:38:51.685442+00:00,2,0,True,True
608535003,2026-08-17T01:38:51.685442+00:00,0,0,True,True
608535004,2026-08-17T01:38:51.685442+00:00,2,0,True,True
608535005,2026-08-17T01:38:51.685442+00:00,13,0,True,True
608535006,2026-08-17T01:38:51.685442+00:00,7,0,True,True
608535007,2026-08-17T01:38:51.685442+00:00,1,0,True,True
608535008,2026-08-17T01:38:51.685442+00:00,2,0,True,True
608535009,2026-08-17T01:38:51.685442+00:00,10,0,True,True
608535010,2026-08-17T01:38:51.685442+00:00,0,0,True,True
608535011,2026-08-17T01:38:51.685442+00:00,0,0,True,True
608535012,2026-08-17T01:38:51.685442+00:00,12,0,True,True
608535013,2026-08-17T01:38:51.685442+00:00,0,0,True,True
608535014,2026-08-17T01:38:51.685442+00:00,11,0,True,True
608535015,2026-08-17T01:38:51.685442+00:00,1,0,True,True
608535016,2026-08-17T01:38:51.685442+00:00,1,0,True,True
608535017,2026-08-17T01:38:51.685442+00:00,10,0,True,True
608535018,2026-08-17T01:38:51.685442+00:00,1,0,True,True
608535019,2026-08-17T01:38:51.685442+00:00,5,0,True,True
608535020,2026-08-17T01:38:51.685442+00:00,0,0,True,True
608535021,2026-08-17T01:38:51.685442+00:00,0,0,True,True
608535022,2026-08-17T01:38:51.685442+00:00,4,0,True,True
608535023,2026-08-17T01:38:51.685442+00:00,7,0,True,True
608535024,2026-08-17T01:38:51.685442+00:00,5,0,True,True
608535025,2026-08-17T01:38:51.685442+00:00,2,0,True,True
608535026,2026-08-17T01:38:51.685442+00:00,3,0,True,True
608535027,2026-08-17T01:38:51.685442+00:00,8,0,True,True
608535028,2026-08-17T01:38:51.685442+00:00,8,0,True,True
608535029,2026-08-17T01:38:51.685442+00:00,6,0,True,True
608535030,2026-08-17T01:38:51.685442+00:00,0,0,True,True
608535031,2026-08-17T01:38:51.685442+00:00,13,0,True,True
608535032,2026-08-17T01:38:51.685442+00:00,5,0,True,True
608535033,2026-08-17T01:38:51.685442+00:00,5,0,True,True
608535034,2026-08-17T01:38:51.685442+00:00,6,0,True,True
608535036,2026-08-17T01:38:51.685442+00:00,7,0,True,True
608535037,2026-08-17T01:38:51.685442+00:00,8,0,True,True
608535038,2026-08-17T01:38:51.685442+00:00,3,0,True,True
608535039,2026-08-17T01:38:51.685442+00:00,6,0,True,True
608535040,2026-08-17T01:38:51.685442+00:00,2,0,True,True
608535041,2026-08-17T01:38:51.685442+00:00,3,0,True,True
608535042,2026-08-17T01:38:51.685442+00:00,10,0,True,True
608535043,2026-08-17T01:38:51.685442+00:00,5,0,True,True
608535044,2026-08-17T01:38:51.685442+00:00,0,0,True,True
608535045,2026-08-17T01:38:51.685442+00:00,9,0,True,True
608535046,2026-08-17T01:38:51.685442+00:00,5,0,True,True
608535047,2026-08-17T01:38:51.685442+00:00,5,0,True,True
608535048,2026-08-17T01:38:51.685442+00:00,16,0,True,True
608535049,2026-08-17T01:38:51.685442+00:00,9,0,True,True
608535050,2026-08-17T01:38:51.685442+00:00,10,0,True,True
608535051,2026-08-17T01:38:51.685442+00:00,12,0,True,True
608535052,2026-08-17T01:38:51.685442+00:00,8,0,True,True
608535053,2026-08-17T01:38:51.685442+00:00,3,0,True,True
608535054,2026-08-17T01:38:51.685442+00:00,4,0,True,True
608535055,2026-08-17T01:38:51.685442+00:00,6,0,True,True
608535057,2026-08-17T01:38:51.685442+00:00,13,0,True,True
608535058,2026-08-17T01:38:51.685442+00:00,11,0,True,True
608535059,2026-08-17T01:38:51.685442+00:00,17,0,True,True
608535060,2026-08-17T01:38:51.685442+00:00,14,0,True,True
608535061,2026-08-17T01:38:51.685442+00:00,4,0,True,True
608535062,2026-08-17T01:38:51.685442+00:00,2,0,True,True
608535063,2026-08-17T01:38:51.685442+00:00,6,0,True,True
608535064,2026-08-17T01:38:51.685442+00:00,7,0,True,True
608535065,2026-08-17T01:38:51.685442+00:00,5,0,True,True
608535066,2026-08-17T01:38:51.685442+00:00,12,0,True,True
608535067,2026-08-17T01:38:51.685442+00:00,23,0,True,True
608535068,2026-08-17T01:38:51.685442+00:00,4,0,True,True
608535069,2026-08-17T01:38:51.685442+00:00,6,0,True,True
608535070,2026-08-17T01:38:51.685442+00:00,0,0,True,True
608535071,2026-08-17T01:38:51.685442+00:00,3,0,True,True
608535072,2026-08-17T01:38:51.685442+00:00,3,0,True,True
608535073,2026-08-17T01:38:51.685442+00:00,0,0,True,True
608535074,2026-08-17T01:38:51.685442+00:00,8,0,True,True
608535075,2026-08-17T01:38:51.685442+00:00,3,0,True,True
608535077,2026-08-17T01:38:51.685442+00:00,1,0,True,True
608535078,2026-08-17T01:38:51.685442+00:00,5,0,True,True
608535079,2026-08-17T01:38:51.685442+00:00,5,0,True,True
608535080,2026-08-17T01:38:51.685442+00:00,5,0,True,True
608535081,2026-08-17T01:38:51.685442+00:00,27,0,True,True
608535082,2026-08-17T01:38:51.685442+00:00,6,0,True,True
608535083,2026-08-17T01:38:51.685442+00:00,4,0,True,True
608535084,2026-08-17T01:38:51.685442+00:00,5,0,True,True
608535085,2026-08-17T01:38:51.685442+00:00,8,0,True,True
608535086,2026-08-17T01:38:51.685442+00:00,7,0,True,True
608535087,2026-08-17T01:38:51.685442+00:00,0,0,True,True
608535088,2026-08-17T01:38:51.685442+00:00,2,0,True,True
608535089,2026-08-17T01:38:51.685442+00:00,1,0,True,True
608535090,2026-08-17T01:38:51.685442+00:00,3,0,True,True
608535091,2026-08-17T01:38:51.685442+00:00,0,0,True,True
608535092,2026-08-17T01:38:51.685442+00:00,6,0,True,True
608535093,2026-08-17T01:38:51.685442+00:00,1,0,True,True
608535094,2026-08-17T01:38:51.685442+00:00,11,0,True,True
608535095,2026-08-17T01:38:51.685442+00:00,5,0,True,True
608535096,2026-08-17T01:38:51.685442+00:00,4,0,True,True
608535097,2026-08-17T01:38:51.685442+00:00,3,0,True,True
608535098,2026-08-17T01:38:51.685442+00:00,8,0,True,True
608535099,2026-08-17T01:38:51.685442+00:00,15,0,True,True
608535100,2026-08-17T01:38:51.685442+00:00,5,0,True,True
608535101,2026-08-17T01:38:51.685442+00:00,6,0,True,True
608535102,2026-08-17T01:38:51.685442+00:00,1,0,True,True
608535103,2026-08-17T01:38:51.685442+00:00,12,0,True,True
608535104,2026-08-17T01:38:51.685442+00:00,2,0,True,True
608535105,2026-08-17T01:38:51.685442+00:00,10,0,True,True
608535106,2026-08-17T01:38:51.685442+00:00,2,0,True,True
608535107,2026-08-17T01:38:51.685442+00:00,4,0,True,True
608535108,2026-08-17T01:38:51.685442+00:00,8,0,True,True
608535109,2026-08-17T01:38:51.685442+00:00,9,0,True,True
608535110,2026-08-17T01:38:51.685442+00:00,11,0,True,True
608535111,2026-08-17T01:38:51.685442+00:00,2,0,True,True
608535112,2026-08-17T01:38:51.685442+00:00,4,0,True,True
608535113,2026-08-17T01:38:51.685442+00:00,5,0,True,True
608535114,2026-08-17T01:38:51.685442+00:00,1,0,True,True
608535116,2026-08-17T01:38:51.685442+00:00,3,0,True,True
608535117,2026-08-17T01:38:51.685442+00:00,11,0,True,True
608535118,2026-08-17T01:38:51.685442+00:00,4,0,True,True
608535119,2026-08-17T01:38:51.685442+00:00,0,0,True,True
608535120,2026-08-17T01:38:51.685442+00:00,6,0,True,True
608535121,2026-08-17T01:38:51.685442+00:00,2,0,True,True
608535122,2026-08-17T01:38:51.685442+00:00,4,0,True,True
608535123,2026-08-17T01:38:51.685442+00:00,0,0,True,True
608535124,2026-08-17T01:38:51.685442+00:00,1,0,True,True
608535125,2026-08-17T01:38:51.685442+00:00,0,0,True,True
608535126,2026-08-17T01:38:51.685442+00:00,9,0,True,True
608535127,2026-08-17T01:38:51.685442+00:00,0,0,True,True
608535128,2026-08-17T01:38:51.685442+00:00,1,0,True,True
608535129,2026-08-17T01:38:51.685442+00:00,6,0,True,True
608535130,2026-08-17T01:38:51.685442+00:00,4,0,True,True
608535131,2026-08-17T01:38:51.685442+00:00,8,0,True,True
608535132,2026-08-17T01:38:51.685442+00:00,0,0,True,True
608535133,2026-08-17T01:38:51.685442+00:00,3,0,True,True
608535134,2026-08-17T01:38:51.685442+00:00,2,0,True,True
608535135,2026-08-17T01:38:51.685442+00:00,3,0,True,True
608535136,2026-08-17T01:38:51.685442+00:00,2,0,True,True
608535137,2026-08-17T01:38:51.685442+00:00,0,0,True,True
608535138,2026-08-17T01:38:51.685442+00:00,4,0,True,True
608535139,2026-08-17T01:38:51.685442+00:00,4,0,True,True
608535140,2026-08-17T01:38:51.685442+00:00,3,0,True,True
608535141,2026-08-17T01:38:51.685442+00:00,6,0,True,True
608535142,2026-08-17T01:38:51.685442+00:00,6,0,True,True
608535143,2026-08-17T01:38:51.685442+00:00,0,0,True,True
608535144,2026-08-17T01:38:51.685442+00:00,9,0,True,True
608535145,2026-08-17T01:38:51.685442+00:00,23,0,True,True
608535146,2026-08-17T01:38:51.685442+00:00,5,0,True,True
608535147,2026-08-17T01:38:51.685442+00:00,6,0,True,True
608535148,2026-08-17T01:38:51.685442+00:00,3,0,True,True
608535149,2026-08-17T01:38:51.685442+00:00,3,0,True,True
608535150,2026-08-17T01:38:51.685442+00:00,11,0,True,True
608535151,2026-08-17T01:38:51.685442+00:00,0,0,True,True
608535152,2026-08-17T01:38:51.685442+00:00,2,0,True,True
608535153,2026-08-17T01:38:51.685442+00:00,3,0,True,True
608535154,2026-08-17T01:38:51.685442+00:00,0,0,True,True
608535155,2026-08-17T01:38:51.685442+00:00,0,0,True,True
608535156,2026-08-17T01:38:51.685442+00:00,2,0,True,True
608535157,2026-08-17T01:38:51.685442+00:00,3,0,True,True
608535158,2026-08-17T01:38:51.685442+00:00,4,0,True,True
608535159,2026-08-17T01:38:51.685442+00:00,0,0,True,True
608535160,2026-08-17T01:38:51.685442+00:00,2,0,True,True
608535162,2026-08-17T01:38:51.685442+00:00,1,0,True,True
608535163,2026-08-17T01:38:51.685442+00:00,4,0,True,True
608535164,2026-08-17T01:38:51.685442+00:00,3,0,True,True
608535165,2026-08-17T01:38:51.685442+00:00,2,0,True,True
608535166,2026-08-17T01:38:51.685442+00:00,5,0,True,True
608535167,2026-08-17T01:38:51.685442+00:00,3,0,True,True
608535168,2026-08-17T01:38:51.685442+00:00,5,0,True,True
608535169,2026-08-17T01:38:51.685442+00:00,10,0,True,True
608535170,2026-08-17T01:38:51.685442+00:00,4,0,True,True
608535171,2026-08-17T01:38:51.685442+00:00,3,0,True,True
608535172,2026-08-17T01:38:51.685442+00:00,8,0,True,True
608535173,2026-08-17T01:38:51.685442+00:00,8,0,True,True
608535174,2026-08-17T01:38:51.685442+00:00,0,0,True,True
608535175,2026-08-17T01:38:51.685442+00:00,2,0,True,True
608535176,2026-08-17T01:38:51.685442+00:00,2,0,True,True
608535178,2026-08-17T01:38:51.685442+00:00,8,0,True,True
608535179,2026-08-17T01:38:51.685442+00:00,7,0,True,True
608535180,2026-08-17T01:38:51.685442+00:00,1,0,True,True
608535181,2026-08-17T01:38:51.685442+00:00,4,0,True,True
608535182,2026-08-17T01:38:51.685442+00:00,7,0,True,True
608535183,2026-08-17T01:38:51.685442+00:00,3,0,True,True
608535184,2026-08-17T01:38:51.685442+00:00,4,0,True,True
608535185,2026-08-17T01:38:51.685442+00:00,5,0,True,True
608535186,2026-08-17T01:38:51.685442+00:00,9,0,True,True
608535187,2026-08-17T01:38:51.685442+00:00,1,0,True,True
608535188,2026-08-17T01:38:51.685442+00:00,11,0,True,True
608535189,2026-08-17T01:38:51.685442+00:00,1,0,True,True
608535190,2026-08-17T01:38:51.685442+00:00,8,0,True,True
608535192,2026-08-17T01:38:51.685442+00:00,13,0,True,True
608535193,2026-08-17T01:38:51.685442+00:00,9,0,True,True
608535194,2026-08-17T01:38:51.685442+00:00,3,0,True,True
608535195,2026-08-17T01:38:51.685442+00:00,2,0,True,True
608535196,2026-08-17T01:38:51.685442+00:00,4,0,True,True
608535197,2026-08-17T01:38:51.685442+00:00,2,0,True,True
608535198,2026-08-17T01:38:51.685442+00:00,2,0,True,True
608535199,2026-08-17T01:38:51.685442+00:00,7,0,True,True
608535200,2026-08-17T01:38:51.685442+00:00,0,0,True,True
608535201,2026-08-17T01:38:51.685442+00:00,3,0,True,True
608535202,2026-08-17T01:38:51.685442+00:00,2,0,True,True
608535203,2026-08-17T01:38:51.685442+00:00,11,0,True,True
608535204,2026-08-17T01:38:51.685442+00:00,4,0,True,True
608535205,2026-08-17T01:38:51.685442+00:00,8,0,True,True
608535206,2026-08-17T01:38:51.685442+00:00,6,0,True,True
608535207,2026-08-17T01:38:51.685442+00:00,4,0,True,True
608535208,2026-08-17T01:38:51.685442+00:00,6,0,True,True
608535209,2026-08-17T01:38:51.685442+00:00,2,0,True,True
608535210,2026-08-17T01:38:51.685442+00:00,11,0,True,True
608535211,2026-08-17T01:38:51.685442+00:00,5,0,True,True
608535212,2026-08-17T01:38:51.685442+00:00,2,0,True,True
608535213,2026-08-17T01:38:51.685442+00:00,12,0,True,True
608535214,2026-08-17T01:38:51.685442+00:00,7,0,True,True
608535215,2026-08-17T01:38:51.685442+00:00,4,0,True,True
608535216,2026-08-17T01:38:51.685442+00:00,8,0,True,True
608535217,2026-08-17T01:38:51.685442+00:00,8,0,True,True
608535218,2026-08-17T01:38:51.685442+00:00,8,0,True,True
608535219,2026-08-17T01:38:51.685442+00:00,4,0,True,True
608535220,2026-08-17T01:38:51.685442+00:00,4,0,True,True
608535221,2026-08-17T01:38:51.685442+00:00,3,0,True,True
608535222,2026-08-17T01:38:51.685442+00:00,7,0,True,True
608535223,2026-08-17T01:38:51.685442+00:00,11,0,True,True
608535224,2026-08-17T01:38:51.685442+00:00,3,0,True,True
608535225,2026-08-17T01:38:51.685442+00:00,5,0,True,True
608535226,2026-08-17T01:38:51.685442+00:00,0,0,True,True
608535227,2026-08-17T01:38:51.685442+00:00,4,0,True,True
608535228,2026-08-17T01:38:51.685442+00:00,10,0,True,True
608535229,2026-08-17T01:38:51.685442+00:00,12,0,True,True
608535230,2026-08-17T01:38:51.685442+00:00,4,0,True,True
608535231,2026-08-17T01:38:51.685442+00:00,3,0,True,True
608535232,2026-08-17T01:38:51.685442+00:00,3,0,True,True
608535234,2026-08-17T01:38:51.685442+00:00,13,0,True,True
608535235,2026-08-17T01:38:51.685442+00:00,8,0,True,True
608535236,2026-08-17T01:38:51.685442+00:00,5,0,True,True
608535237,2026-08-17T01:38:51.685442+00:00,5,0,True,True
608535238,2026-08-17T01:38:51.685442+00:00,3,0,True,True
608535239,2026-08-17T01:38:51.685442+00:00,6,0,True,True
608535240,2026-08-17T01:38:51.685442+00:00,1,0,True,True
608535241,2026-08-17T01:38:51.685442+00:00,1,0,True,True
608535242,2026-08-17T01:38:51.685442+00:00,7,0,True,True
608535243,2026-08-17T01:38:51.685442+00:00,7,0,True,True
608535244,2026-08-17T01:38:51.685442+00:00,4,0,True,True
608535245,2026-08-17T01:38:51.685442+00:00,12,0,True,True
608535246,2026-08-17T01:38:51.685442+00:00,6,0,True,True
608535247,2026-08-17T01:38:51.685442+00:00,4,0,True,True
608535248,2026-08-17T01:38:51.685442+00:00,3,0,True,True
608535249,2026-08-17T01:38:51.685442+00:00,9,0,True,True
608535250,2026-08-17T01:38:51.685442+00:00,5,0,True,True
608535251,2026-08-17T01:38:51.685442+00:00,8,0,True,True
608535252,2026-08-17T01:38:51.685442+00:00,1,0,True,True
608535254,2026-08-17T01:38:51.685442+00:00,4,0,True,True
608535255,2026-08-17T01:38:51.685442+00:00,0,0,True,True
613312171,2026-08-17T01:38:51.685442+00:00,5,0,True,True
613312172,2026-08-17T01:38:51.685442+00:00,0,0,True,True
613312173,2026-08-17T01:38:51.685442+00:00,2,0,True,True
613312174,2026-08-17T01:38:51.685442+00:00,0,0,True,True
613312175,2026-08-17T01:38:51.685442+00:00,0,0,True,True
613312176,2026-08-17T01:38:51.685442+00:00,11,0,True,True
613312177,2026-08-17T01:38:51.685442+00:00,5,0,True,True
613312179,2026-08-17T01:38:51.685442+00:00,5,0,True,True
613312180,2026-08-17T01:38:51.685442+00:00,10,0,True,True
613312181,2026-08-17T01:38:51.685442+00:00,16,0,True,True
613312182,2026-08-17T01:38:51.685442+00:00,3,0,True,True
613312183,2026-08-17T01:38:51.685442+00:00,4,0,True,True
613312184,2026-08-17T01:38:51.685442+00:00,4,0,True,True
613312185,2026-08-17T01:38:51.685442+00:00,4,0,True,True
613312186,2026-08-17T01:38:51.685442+00:00,4,0,True,True
613312187,2026-08-17T01:38:51.685442+00:00,3,0,True,True
613312188,2026-08-17T01:38:51.685442+00:00,1,0,True,True
613312189,2026-08-17T01:38:51.685442+00:00,3,0,True,True
613312190,2026-08-17T01:38:51.685442+00:00,1,0,True,True
613312191,2026-08-17T01:38:51.685442+00:00,3,0,True,True
613312192,2026-08-17T01:38:51.685442+00:00,3,0,True,True
613312193,2026-08-17T01:38:51.685442+00:00,0,0,True,True
613312194,2026-08-17T01:38:51.685442+00:00,5,0,True,True
613312195,2026-08-17T01:38:51.685442+00:00,2,0,True,True
613312196,2026-08-17T01:38:51.685442+00:00,6,0,True,True
613312197,2026-08-17T01:38:51.685442+00:00,3,0,True,True
613312198,2026-08-17T01:38:51.685442+00:00,7,0,True,True
613312199,2026-08-17T01:38:51.685442+00:00,4,0,True,True
613312200,2026-08-17T01:38:51.685442+00:00,10,0,True,True
613312201,2026-08-17T01:38:51.685442+00:00,1,0,True,True
613312202,2026-08-17T01:38:51.685442+00:00,10,0,True,True
613312203,2026-08-17T01:38:51.685442+00:00,2,0,True,True
613312204,2026-08-17T01:38:51.685442+00:00,7,0,True,True
613312205,2026-08-17T01:38:51.685442+00:00,11,0,True,True
613312206,2026-08-17T01:38:51.685442+00:00,7,0,True,True
613312207,2026-08-17T01:38:51.685442+00:00,1,0,True,True
613312208,2026-08-17T01:38:51.685442+00:00,0,0,True,True
613312209,2026-08-17T01:38:51.685442+00:00,7,0,True,True
613312210,2026-08-17T01:38:51.685442+00:00,6,0,True,True
613312211,2026-08-17T01:38:51.685442+00:00,7,0,True,True
613312212,2026-08-17T01:38:51.685442+00:00,5,0,True,True
613312213,2026-08-17T01:38:51.685442+00:00,0,0,True,True
613312214,2026-08-17T01:38:51.685442+00:00,5,0,True,True
613312215,2026-08-17T01:38:51.685442+00:00,6,0,True,True
613312216,2026-08-17T01:38:51.685442+00:00,5,0,True,True
613312217,2026-08-17T01:38:51.685442+00:00,1,0,True,True
613312218,2026-08-17T01:38:51.685442+00:00,6,0,True,True
613312219,2026-08-17T01:38:51.685442+00:00,1,0,True,True
613312220,2026-08-17T01:38:51.685442+00:00,3,0,True,True
613312221,2026-08-17T01:38:51.685442+00:00,11,0,True,True
613312222,2026-08-17T01:38:51.685442+00:00,7,0,True,True
613312223,2026-08-17T01:38:51.685442+00:00,2,0,True,True
613312224,2026-08-17T01:38:51.685442+00:00,6,0,True,True
613312225,2026-08-17T01:38:51.685442+00:00,17,0,True,True
613312226,2026-08-17T01:38:51.685442+00:00,4,0,True,True
613312227,2026-08-17T01:38:51.685442+00:00,5,0,True,True
613312228,2026-08-17T01:38:51.685442+00:00,4,0,True,True
613312229,2026-08-17T01:38:51.685442+00:00,9,0,True,True
613312230,2026-08-17T01:38:51.685442+00:00,1,0,True,True
613312231,2026-08-17T01:38:51.685442+00:00,3,0,True,True
613312233,2026-08-17T01:38:51.685442+00:00,2,0,True,True
613312234,2026-08-17T01:38:51.685442+00:00,4,0,True,True
613312236,2026-08-17T01:38:51.685442+00:00,3,0,True,True
613312237,2026-08-17T01:38:51.685442+00:00,13,0,True,True
613312238,2026-08-17T01:38:51.685442+00:00,3,0,True,True
613312239,2026-08-17T01:38:51.685442+00:00,1,0,True,True
613312240,2026-08-17T01:38:51.685442+00:00,7,0,True,True
613312241,2026-08-17T01:38:51.685442+00:00,2,0,True,True
613312242,2026-08-17T01:38:51.685442+00:00,3,0,True,True
613312243,2026-08-17T01:38:51.685442+00:00,2,0,True,True
613312244,2026-08-17T01:38:51.685442+00:00,8,0,True,True
613312245,2026-08-17T01:38:51.685442+00:00,0,0,True,True
613312246,2026-08-17T01:38:51.685442+00:00,7,0,True,True
613312247,2026-08-17T01:38:51.685442+00:00,6,0,True,True
613312248,2026-08-17T01:38:51.685442+00:00,5,0,True,True
613312249,2026-08-17T01:38:51.685442+00:00,2,0,True,True
613312250,2026-08-17T01:38:51.685442+00:00,10,0,True,True
613312251,2026-08-17T01:38:51.685442+00:00,7,0,True,True
613312252,2026-08-17T01:38:51.685442+00:00,5,0,True,True
613312253,2026-08-17T01:38:51.685442+00:00,2,0,True,True
613312254,2026-08-17T01:38:51.685442+00:00,8,0,True,True
613312255,2026-08-17T01:38:51.685442+00:00,3,0,True,True
613312256,2026-08-17T01:38:51.685442+00:00,10,0,True,True
613312257,2026-08-17T01:38:51.685442+00:00,6,0,True,True
613312258,2026-08-17T01:38:51.685442+00:00,9,0,True,True
613312259,2026-08-17T01:38:51.685442+00:00,7,0,True,True
613312260,2026-08-17T01:38:51.685442+00:00,0,0,True,True
613312261,2026-08-17T01:38:51.685442+00:00,0,0,True,True
613312262,2026-08-17T01:38:51.685442+00:00,0,0,True,True
613312263,2026-08-17T01:38:51.685442+00:00,2,0,True,True
613312264,2026-08-17T01:38:51.685442+00:00,6,0,True,True
613312265,2026-08-17T01:38:51.685442+00:00,6,0,True,True
613312266,2026-08-17T01:38:51.685442+00:00,7,0,True,True
613312267,2026-08-17T01:38:51.685442+00:00,5,0,True,True
613312268,2026-08-17T01:38:51.685442+00:00,10,0,True,True
613312269,2026-08-17T01:38:51.685442+00:00,13,0,True,True
613312270,2026-08-17T01:38:51.685442+00:00,11,0,True,True
613312271,2026-08-17T01:38:51.685442+00:00,1,0,True,True
613312272,2026-08-17T01:38:51.685442+00:00,4,0,True,True
613312273,2026-08-17T01:38:51.685442+00:00,7,0,True,True
613312274,2026-08-17T01:38:51.685442+00:00,9,0,True,True
613312275,2026-08-17T01:38:51.685442+00:00,14,0,True,True
613312276,2026-08-17T01:38:51.685442+00:00,2,0,True,True
613312277,2026-08-17T01:38:51.685442+00:00,4,0,True,True
613312278,2026-08-17T01:38:51.685442+00:00,5,0,True,True
613312279,2026-08-17T01:38:51.685442+00:00,14,0,True,True
613312281,2026-08-17T01:38:51.685442+00:00,3,0,True,True
613312282,2026-08-17T01:38:51.685442+00:00,2,0,True,True
613312283,2026-08-17T01:38:51.685442+00:00,2,0,True,True
613312284,2026-08-17T01:38:51.685442+00:00,7,0,True,True
613312285,2026-08-17T01:38:51.685442+00:00,3,0,True,True
613312286,2026-08-17T01:38:51.685442+00:00,3,0,True,True
613312287,2026-08-17T01:38:51.685442+00:00,6,0,True,True
613312288,2026-08-17T01:38:51.685442+00:00,5,0,True,True
613312289,2026-08-17T01:38:51.685442+00:00,8,0,True,True
613312290,2026-08-17T01:38:51.685442+00:00,11,0,True,True
613312291,2026-08-17T01:38:51.685442+00:00,1,0,True,True
613312292,2026-08-17T01:38:51.685442+00:00,4,0,True,True
613312293,2026-08-17T01:38:51.685442+00:00,11,0,True,True
613312294,2026-08-17T01:38:51.685442+00:00,11,0,True,True
613312295,2026-08-17T01:38:51.685442+00:00,16,0,True,True
613312296,2026-08-17T01:38:51.685442+00:00,8,0,True,True
613312297,2026-08-17T01:38:51.685442+00:00,5,0,True,True
613312298,2026-08-17T01:38:51.685442+00:00,5,0,True,True
613312299,2026-08-17T01:38:51.685442+00:00,6,0,True,True
613312300,2026-08-17T01:38:51.685442+00:00,16,0,True,True
613312301,2026-08-17T01:38:51.685442+00:00,9,0,True,True
613312302,2026-08-17T01:38:51.685442+00:00,4,0,True,True
613312303,2026-08-17T01:38:51.685442+00:00,9,0,True,True
613312304,2026-08-17T01:38:51.685442+00:00,9,0,True,True
613312305,2026-08-17T01:38:51.685442+00:00,22,0,True,True
613312306,2026-08-17T01:38:51.685442+00:00,12,0,True,True
613312307,2026-08-17T01:38:51.685442+00:00,8,0,True,True
613312308,2026-08-17T01:38:51.685442+00:00,5,0,True,True
613312309,2026-08-17T01:38:51.685442+00:00,9,0,True,True
613312310,2026-08-17T01:38:51.685442+00:00,6,0,True,True
613312311,2026-08-17T01:38:51.685442+00:00,15,0,True,True
613312312,2026-08-17T01:38:51.685442+00:00,18,0,True,True
613312313,2026-08-17T01:38:51.685442+00:00,6,0,True,True
613312314,2026-08-17T01:38:51.685442+00:00,9,0,True,True
613312315,2026-08-17T01:38:51.685442+00:00,9,0,True,True
613510037,2026-08-17T01:38:51.685442+00:00,3,0,True,True
624056982,2026-08-17T01:38:51.685442+00:00,5,0,True,True
624057057,2026-08-17T01:38:51.685442+00:00,3,0,True,True
631244273,2026-08-17T01:38:51.685442+00:00,0,0,True,True
631244274,2026-08-17T01:38:51.685442+00:00,4,0,True,True
631244275,2026-08-17T01:38:51.685442+00:00,0,0,True,True
631244276,2026-08-17T01:38:51.685442+00:00,14,0,True,True
631244277,2026-08-17T01:38:51.685442+00:00,3,0,True,True
631244278,2026-08-17T01:38:51.685442+00:00,0,0,True,True
631244280,2026-08-17T01:38:51.685442+00:00,7,0,True,True
631244281,2026-08-17T01:38:51.685442+00:00,8,0,True,True
631244286,2026-08-17T01:38:51.685442+00:00,2,0,True,True
631244287,2026-08-17T01:38:51.685442+00:00,6,0,True,True
631244288,2026-08-17T01:38:51.685442+00:00,6,0,True,True
631244289,2026-08-17T01:38:51.685442+00:00,2,0,True,True
631244290,2026-08-17T01:38:51.685442+00:00,2,0,True,True
631244291,2026-08-17T01:38:51.685442+00:00,2,0,True,True
631244292,2026-08-17T01:38:51.685442+00:00,2,0,True,True
631244293,2026-08-17T01:38:51.685442+00:00,2,0,True,True
631244294,2026-08-17T01:38:51.685442+00:00,3,0,True,True
631244295,2026-08-17T01:38:51.685442+00:00,3,0,True,True
631244297,2026-08-17T01:38:51.685442+00:00,7,0,True,True
631244302,2026-08-17T01:38:51.685442+00:00,4,0,True,True
631244303,2026-08-17T01:38:51.685442+00:00,5,0,True,True
631244304,2026-08-17T01:38:51.685442+00:00,4,0,True,True
631244306,2026-08-17T01:38:51.685442+00:00,2,0,True,True
631244308,2026-08-17T01:38:51.685442+00:00,15,0,True,True
631244309,2026-08-17T01:38:51.685442+00:00,11,0,True,True
631244311,2026-08-17T01:38:51.685442+00:00,8,0,True,True
631244312,2026-08-17T01:38:51.685442+00:00,1,0,True,True
631244313,2026-08-17T01:38:51.685442+00:00,1,0,True,True
631244315,2026-08-17T01:38:51.685442+00:00,10,0,True,True
631244316,2026-08-17T01:38:51.685442+00:00,1,0,True,True
637793642,2026-08-17T01:38:51.685442+00:00,14,0,True,True
637794034,2026-08-17T01:38:51.685442+00:00,1,0,True,True
608535280,2026-08-17T02:46:41.248048+00:00,6,0,True,True
608535281,2026-08-17T02:46:41.248048+00:00,5,0,True,True
608535282,2026-08-17T02:46:41.248048+00:00,6,0,True,True
608535283,2026-08-17T02:46:41.248048+00:00,2,0,True,True
608535284,2026-08-17T02:46:41.248048+00:00,4,0,True,True
608535285,2026-08-17T02:46:41.248048+00:00,3,0,True,True
608535286,2026-08-17T02:46:41.248048+00:00,4,0,True,True
608535287,2026-08-17T02:46:41.248048+00:00,5,0,True,True
608535288,2026-08-17T02:46:41.248048+00:00,3,0,True,True
608535289,2026-08-17T02:46:41.248048+00:00,4,0,True,True
608535290,2026-08-17T02:46:41.248048+00:00,6,0,True,True
608535291,2026-08-17T02:46:41.248048+00:00,8,0,True,True
608535292,2026-08-17T02:46:41.248048+00:00,2,0,True,True
608535293,2026-08-17T02:46:41.248048+00:00,7,0,True,True
608535294,2026-08-17T02:46:41.248048+00:00,5,0,True,True
608535295,2026-08-17T02:46:41.248048+00:00,6,0,True,True
608535296,2026-08-17T02:46:41.248048+00:00,4,0,True,True
608535297,2026-08-17T02:46:41.248048+00:00,8,0,True,True
608535298,2026-08-17T02:46:41.248048+00:00,6,0,True,True
608535299,2026-08-17T02:46:41.248048+00:00,6,0,True,True
608535300,2026-08-17T02:46:41.248048+00:00,7,0,True,True
608535301,2026-08-17T02:46:41.248048+00:00,8,0,True,True
608535302,2026-08-17T02:46:41.248048+00:00,6,0,True,True
608535303,2026-08-17T02:46:41.248048+00:00,5,0,True,True
608535304,2026-08-17T02:46:41.248048+00:00,5,0,True,True
608535305,2026-08-17T02:46:41.248048+00:00,7,0,True,True
608535306,2026-08-17T02:46:41.248048+00:00,2,0,True,True
608535307,2026-08-17T02:46:41.248048+00:00,7,0,True,True
608535308,2026-08-17T02:46:41.248048+00:00,6,0,True,True
608535309,2026-08-17T02:46:41.248048+00:00,3,0,True,True
608535310,2026-08-17T02:46:41.248048+00:00,6,0,True,True
608535311,2026-08-17T02:46:41.248048+00:00,5,0,True,True
608535312,2026-08-17T02:46:41.248048+00:00,4,0,True,True
608535313,2026-08-17T02:46:41.248048+00:00,0,0,True,True
608535314,2026-08-17T02:46:41.248048+00:00,5,0,True,True
608535315,2026-08-17T02:46:41.248048+00:00,4,0,True,True
608535316,2026-08-17T02:46:41.248048+00:00,11,0,True,True
608535317,2026-08-17T02:46:41.248048+00:00,6,0,True,True
608535318,2026-08-17T02:46:41.248048+00:00,10,0,True,True
608535319,2026-08-17T02:46:41.248048+00:00,5,0,True,True
608535320,2026-08-17T02:46:41.248048+00:00,6,0,True,True
608535321,2026-08-17T02:46:41.248048+00:00,3,0,True,True
608535322,2026-08-17T02:46:41.248048+00:00,12,0,True,True
608535323,2026-08-17T02:46:41.248048+00:00,4,0,True,True
608535324,2026-08-17T02:46:41.248048+00:00,2,0,True,True
608535325,2026-08-17T02:46:41.248048+00:00,6,0,True,True
608535326,2026-08-17T02:46:41.248048+00:00,5,0,True,True
608535327,2026-08-17T02:46:41.248048+00:00,9,0,True,True
608535328,2026-08-17T02:46:41.248048+00:00,10,0,True,True
608535329,2026-08-17T02:46:41.248048+00:00,5,0,True,True
608535330,2026-08-17T02:46:41.248048+00:00,7,0,True,True
608535331,2026-08-17T02:46:41.248048+00:00,1,0,True,True
608535332,2026-08-17T02:46:41.248048+00:00,11,0,True,True
608535333,2026-08-17T02:46:41.248048+00:00,5,0,True,True
608535334,2026-08-17T02:46:41.248048+00:00,3,0,True,True
608535335,2026-08-17T02:46:41.248048+00:00,4,0,True,True
608535336,2026-08-17T02:46:41.248048+00:00,8,0,True,True
608535337,2026-08-17T02:46:41.248048+00:00,4,0,True,True
608535338,2026-08-17T02:46:41.248048+00:00,1,0,True,True
608535339,2026-08-17T02:46:41.248048+00:00,7,0,True,True
608535340,2026-08-17T02:46:41.248048+00:00,7,0,True,True
608535341,2026-08-17T02:46:41.248048+00:00,6,0,True,True
608535342,2026-08-17T02:46:41.248048+00:00,1,0,True,True
608535343,2026-08-17T02:46:41.248048+00:00,5,0,True,True
608535344,2026-08-17T02:46:41.248048+00:00,5,0,True,True
608535345,2026-08-17T02:46:41.248048+00:00,8,0,True,True
608535346,2026-08-17T02:46:41.248048+00:00,2,0,True,True
608535256,2026-08-17T02:46:41.248048+00:00,6,0,True,True
608535257,2026-08-17T02:46:41.248048+00:00,6,0,True,True
608535258,2026-08-17T02:46:41.248048+00:00,4,0,True,True
608535259,2026-08-17T02:46:41.248048+00:00,1,0,True,True
608535260,2026-08-17T02:46:41.248048+00:00,14,0,True,True
608535261,2026-08-17T02:46:41.248048+00:00,3,0,True,True
608535262,2026-08-17T02:46:41.248048+00:00,9,0,True,True
608535263,2026-08-17T02:46:41.248048+00:00,3,0,True,True
608535265,2026-08-17T02:46:41.248048+00:00,0,0,True,True
608535266,2026-08-17T02:46:41.248048+00:00,4,0,True,True
608535267,2026-08-17T02:46:41.248048+00:00,4,0,True,True
608535268,2026-08-17T02:46:41.248048+00:00,3,0,True,True
608535270,2026-08-17T02:46:41.248048+00:00,9,0,True,True
608535271,2026-08-17T02:46:41.248048+00:00,1,0,True,True
608535272,2026-08-17T02:46:41.248048+00:00,1,0,True,True
608535273,2026-08-17T02:46:41.248048+00:00,0,0,True,True
608535274,2026-08-17T02:46:41.248048+00:00,5,0,True,True
608535276,2026-08-17T02:46:41.248048+00:00,8,0,True,True
608535277,2026-08-17T02:46:41.248048+00:00,2,0,True,True
608535278,2026-08-17T02:46:41.248048+00:00,12,0,True,True
608535279,2026-08-17T02:46:41.248048+00:00,5,0,True,True
608535378,2026-08-17T02:46:41.248048+00:00,6,0,True,True
608535379,2026-08-17T02:46:41.248048+00:00,6,0,True,True
608535380,2026-08-17T02:46:41.248048+00:00,8,0,True,True
608535381,2026-08-17T02:46:41.248048+00:00,1,0,True,True
608535383,2026-08-17T02:46:41.248048+00:00,6,0,True,True
608535384,2026-08-17T02:46:41.248048+00:00,5,0,True,True
608535385,2026-08-17T02:46:41.248048+00:00,1,0,True,True
608535386,2026-08-17T02:46:41.248048+00:00,15,0,True,True
608535387,2026-08-17T02:46:41.248048+00:00,4,0,True,True
608535388,2026-08-17T02:46:41.248048+00:00,7,0,True,True
608535389,2026-08-17T02:46:41.248048+00:00,3,0,True,True
608535390,2026-08-17T02:46:41.248048+00:00,6,0,True,True
608535391,2026-08-17T02:46:41.248048+00:00,1,0,True,True
608535392,2026-08-17T02:46:41.248048+00:00,7,0,True,True
608535393,2026-08-17T02:46:41.248048+00:00,9,0,True,True
608535394,2026-08-17T02:46:41.248048+00:00,7,0,True,True
608535395,2026-08-17T02:46:41.248048+00:00,14,0,True,True
608535396,2026-08-17T02:46:41.248048+00:00,4,0,True,True
608535440,2026-08-17T02:46:41.248048+00:00,0,0,True,True
608535441,2026-08-17T02:46:41.248048+00:00,0,0,True,True
608535442,2026-08-17T02:46:41.248048+00:00,1,0,True,True
608535443,2026-08-17T02:46:41.248048+00:00,4,0,True,True
608535444,2026-08-17T02:46:41.248048+00:00,14,0,True,True
608535445,2026-08-17T02:46:41.248048+00:00,28,0,True,True
608535446,2026-08-17T02:46:41.248048+00:00,0,0,True,True
608535447,2026-08-17T02:46:41.248048+00:00,2,0,True,True
608535461,2026-08-17T02:46:41.248048+00:00,2,0,True,True
608535462,2026-08-17T02:46:41.248048+00:00,0,0,True,True
608535463,2026-08-17T02:46:41.248048+00:00,1,0,True,True
608535464,2026-08-17T02:46:41.248048+00:00,9,0,True,True
608535491,2026-08-17T02:46:41.248048+00:00,1,0,True,True
608535492,2026-08-17T02:46:41.248048+00:00,1,0,True,True
608535493,2026-08-17T02:46:41.248048+00:00,12,0,True,True
608535494,2026-08-17T02:46:41.248048+00:00,3,0,True,True
608535495,2026-08-17T02:46:41.248048+00:00,1,0,True,True
608535496,2026-08-17T02:46:41.248048+00:00,6,0,True,True
608535497,2026-08-17T02:46:41.248048+00:00,7,0,True,True
608535498,2026-08-17T02:46:41.248048+00:00,11,0,True,True
608535499,2026-08-17T02:46:41.248048+00:00,3,0,True,True
608535500,2026-08-17T02:46:41.248048+00:00,4,0,True,True
608535501,2026-08-17T02:46:41.248048+00:00,0,0,True,True
608535502,2026-08-17T02:46:41.248048+00:00,2,0,True,True
608535503,2026-08-17T02:46:41.248048+00:00,8,0,True,True
608535504,2026-08-17T02:46:41.248048+00:00,2,0,True,True
608535505,2026-08-17T02:46:41.248048+00:00,0,0,True,True
637793366,2026-08-17T02:46:41.248048+00:00,0,0,True,True
608535516,2026-08-17T02:46:41.248048+00:00,4,0,True,True
608535517,2026-08-17T02:46:41.248048+00:00,2,0,True,True
608535518,2026-08-17T02:46:41.248048+00:00,3,0,True,True
608535519,2026-08-17T02:46:41.248048+00:00,6,0,True,True
608535520,2026-08-17T02:46:41.248048+00:00,9,0,True,True
608535521,2026-08-17T02:46:41.248048+00:00,8,0,True,True
608535522,2026-08-17T02:46:41.248048+00:00,9,0,True,True
608535523,2026-08-17T02:46:41.248048+00:00,5,0,True,True
608535524,2026-08-17T02:46:41.248048+00:00,5,0,True,True
608535525,2026-08-17T02:46:41.248048+00:00,3,0,True,True
608535526,2026-08-17T02:46:41.248048+00:00,1,0,True,True
608535527,2026-08-17T02:46:41.248048+00:00,5,0,True,True
608535528,2026-08-17T02:46:41.248048+00:00,11,0,True,True
608535529,2026-08-17T02:46:41.248048+00:00,7,0,True,True
608535530,2026-08-17T02:46:41.248048+00:00,3,0,True,True
608535531,2026-08-17T02:46:41.248048+00:00,5,0,True,True
608535532,2026-08-17T02:46:41.248048+00:00,4,0,True,True
608535533,2026-08-17T02:46:41.248048+00:00,3,0,True,True
608535534,2026-08-17T02:46:41.248048+00:00,3,0,True,True
608535537,2026-08-17T02:46:41.248048+00:00,3,0,True,True
608535398,2026-08-17T02:46:41.248048+00:00,6,0,True,True
608535399,2026-08-17T02:46:41.248048+00:00,1,0,True,True
608535400,2026-08-17T02:46:41.248048+00:00,4,0,True,True
608535402,2026-08-17T02:46:41.248048+00:00,7,0,True,True
608535403,2026-08-17T02:46:41.248048+00:00,4,0,True,True
608535404,2026-08-17T02:46:41.248048+00:00,5,0,True,True
608535405,2026-08-17T02:46:41.248048+00:00,1,0,True,True
608535406,2026-08-17T02:46:41.248048+00:00,7,0,True,True
608535407,2026-08-17T02:46:41.248048+00:00,6,0,True,True
608535408,2026-08-17T02:46:41.248048+00:00,5,0,True,True
608535409,2026-08-17T02:46:41.248048+00:00,5,0,True,True
608535410,2026-08-17T02:46:41.248048+00:00,6,0,True,True
608535411,2026-08-17T02:46:41.248048+00:00,5,0,True,True
608535412,2026-08-17T02:46:41.248048+00:00,8,0,True,True
608535413,2026-08-17T02:46:41.248048+00:00,7,0,True,True
608535414,2026-08-17T02:46:41.248048+00:00,7,0,True,True
608535415,2026-08-17T02:46:41.248048+00:00,0,0,True,True
608535416,2026-08-17T02:46:41.248048+00:00,8,0,True,True
608535417,2026-08-17T02:46:41.248048+00:00,11,0,True,True
608535418,2026-08-17T02:46:41.248048+00:00,9,0,True,True
608535419,2026-08-17T02:46:41.248048+00:00,9,0,True,True
608535420,2026-08-17T02:46:41.248048+00:00,9,0,True,True
608535421,2026-08-17T02:46:41.248048+00:00,3,0,True,True
608535422,2026-08-17T02:46:41.248048+00:00,6,0,True,True
608535423,2026-08-17T02:46:41.248048+00:00,7,0,True,True
608535424,2026-08-17T02:46:41.248048+00:00,7,0,True,True
608535425,2026-08-17T02:46:41.248048+00:00,4,0,True,True
608535426,2026-08-17T02:46:41.248048+00:00,3,0,True,True
608535427,2026-08-17T02:46:41.248048+00:00,2,0,True,True
608535428,2026-08-17T02:46:41.248048+00:00,13,0,True,True
608535429,2026-08-17T02:46:41.248048+00:00,5,0,True,True
608535430,2026-08-17T02:46:41.248048+00:00,0,0,True,True
608535431,2026-08-17T02:46:41.248048+00:00,2,0,True,True
608535438,2026-08-17T02:46:41.248048+00:00,1,0,True,True
608535439,2026-08-17T02:46:41.248048+00:00,6,0,True,True
608535432,2026-08-17T02:46:41.248048+00:00,3,0,True,True
608535433,2026-08-17T02:46:41.248048+00:00,3,0,True,True
608535434,2026-08-17T02:46:41.248048+00:00,3,0,True,True
608535435,2026-08-17T02:46:41.248048+00:00,0,0,True,True
608535436,2026-08-17T02:46:41.248048+00:00,3,0,True,True
608535437,2026-08-17T02:46:41.248048+00:00,6,0,True,True
608535448,2026-08-17T02:46:41.248048+00:00,3,0,True,True
608535449,2026-08-17T02:46:41.248048+00:00,6,0,True,True
608535450,2026-08-17T02:46:41.248048+00:00,4,0,True,True
608535451,2026-08-17T02:46:41.248048+00:00,4,0,True,True
608535483,2026-08-17T02:46:41.248048+00:00,0,0,True,True
608535484,2026-08-17T02:46:41.248048+00:00,3,0,True,True
608535485,2026-08-17T02:46:41.248048+00:00,4,0,True,True
608535486,2026-08-17T02:46:41.248048+00:00,1,0,True,True
608535487,2026-08-17T02:46:41.248048+00:00,10,0,True,True
608535488,2026-08-17T02:46:41.248048+00:00,6,0,True,True
608535489,2026-08-17T02:46:41.248048+00:00,4,0,True,True
608535490,2026-08-17T02:46:41.248048+00:00,14,0,True,True
608535452,2026-08-17T02:46:41.248048+00:00,6,0,True,True
608535453,2026-08-17T02:46:41.248048+00:00,2,0,True,True
608535454,2026-08-17T02:46:41.248048+00:00,4,0,True,True
608535455,2026-08-17T02:46:41.248048+00:00,4,0,True,True
608535456,2026-08-17T02:46:41.248048+00:00,4,0,True,True
608535457,2026-08-17T02:46:41.248048+00:00,6,0,True,True
608535458,2026-08-17T02:46:41.248048+00:00,19,0,True,True
608535459,2026-08-17T02:46:41.248048+00:00,11,0,True,True
608535460,2026-08-17T02:46:41.248048+00:00,2,0,True,True
608535465,2026-08-17T02:46:41.248048+00:00,1,0,True,True
608535466,2026-08-17T02:46:41.248048+00:00,1,0,True,True
608535467,2026-08-17T02:46:41.248048+00:00,2,0,True,True
608535468,2026-08-17T02:46:41.248048+00:00,6,0,True,True
608535469,2026-08-17T02:46:41.248048+00:00,7,0,True,True
608535470,2026-08-17T02:46:41.248048+00:00,0,0,True,True
608535471,2026-08-17T02:46:41.248048+00:00,2,0,True,True
608535473,2026-08-17T02:46:41.248048+00:00,2,0,True,True
608535474,2026-08-17T02:46:41.248048+00:00,6,0,True,True
608535475,2026-08-17T02:46:41.248048+00:00,1,0,True,True
608535476,2026-08-17T02:46:41.248048+00:00,9,0,True,True
608535477,2026-08-17T02:46:41.248048+00:00,4,0,True,True
608535478,2026-08-17T02:46:41.248048+00:00,0,0,True,True
608535479,2026-08-17T02:46:41.248048+00:00,2,0,True,True
608535480,2026-08-17T02:46:41.248048+00:00,1,0,True,True
608535481,2026-08-17T02:46:41.248048+00:00,3,0,True,True
608535482,2026-08-17T02:46:41.248048+00:00,4,0,True,True
608535507,2026-08-17T02:46:41.248048+00:00,2,0,True,True
608535508,2026-08-17T02:46:41.248048+00:00,4,0,True,True
608535509,2026-08-17T02:46:41.248048+00:00,4,0,True,True
608535510,2026-08-17T02:46:41.248048+00:00,2,0,True,True
608535511,2026-08-17T02:46:41.248048+00:00,0,0,True,True
608535512,2026-08-17T02:46:41.248048+00:00,4,0,True,True
608535513,2026-08-17T02:46:41.248048+00:00,4,0,True,True
608535514,2026-08-17T02:46:41.248048+00:00,4,0,True,True
608535515,2026-08-17T02:46:41.248048+00:00,8,0,True,True
608535347,2026-08-17T02:46:41.248048+00:00,2,0,True,True
608535348,2026-08-17T02:46:41.248048+00:00,10,0,True,True
608535349,2026-08-17T02:46:41.248048+00:00,7,0,True,True
608535350,2026-08-17T02:46:41.248048+00:00,2,0,True,True
608535351,2026-08-17T02:46:41.248048+00:00,5,0,True,True
608535352,2026-08-17T02:46:41.248048+00:00,2,0,True,True
608535353,2026-08-17T02:46:41.248048+00:00,3,0,True,True
608535354,2026-08-17T02:46:41.248048+00:00,8,0,True,True
608535538,2026-08-17T02:46:41.248048+00:00,6,0,True,True
608535539,2026-08-17T02:46:41.248048+00:00,9,0,True,True
608535540,2026-08-17T02:46:41.248048+00:00,3,0,True,True
608535355,2026-08-17T02:46:41.248048+00:00,5,0,True,True
608535356,2026-08-17T02:46:41.248048+00:00,7,0,True,True
608535357,2026-08-17T02:46:41.248048+00:00,3,0,True,True
608535358,2026-08-17T02:46:41.248048+00:00,7,0,True,True
608535359,2026-08-17T02:46:41.248048+00:00,2,0,True,True
608535360,2026-08-17T02:46:41.248048+00:00,2,0,True,True
608535361,2026-08-17T02:46:41.248048+00:00,3,0,True,True
608535362,2026-08-17T02:46:41.248048+00:00,1,0,True,True
608535363,2026-08-17T02:46:41.248048+00:00,1,0,True,True
608535364,2026-08-17T02:46:41.248048+00:00,5,0,True,True
608535365,2026-08-17T02:46:41.248048+00:00,2,0,True,True
608535366,2026-08-17T02:46:41.248048+00:00,2,0,True,True
608535367,2026-08-17T02:46:41.248048+00:00,5,0,True,True
608535368,2026-08-17T02:46:41.248048+00:00,2,0,True,True
608535369,2026-08-17T02:46:41.248048+00:00,1,0,True,True
608535370,2026-08-17T02:46:41.248048+00:00,2,0,True,True
608535371,2026-08-17T02:46:41.248048+00:00,0,0,True,True
608535372,2026-08-17T02:46:41.248048+00:00,7,0,True,True
608535373,2026-08-17T02:46:41.248048+00:00,9,0,True,True
608535375,2026-08-17T02:46:41.248048+00:00,2,0,True,True
608535376,2026-08-17T02:46:41.248048+00:00,10,0,True,True
606857330,2026-08-17T02:46:41.248048+00:00,3,0,True,True
608534898,2026-08-17T02:46:41.248048+00:00,1,0,True,True
608534899,2026-08-17T02:46:41.248048+00:00,0,0,True,True
608534900,2026-08-17T02:46:41.248048+00:00,6,0,True,True
608534901,2026-08-17T02:46:41.248048+00:00,2,0,True,True
608534902,2026-08-17T02:46:41.248048+00:00,6,0,True,True
608534903,2026-08-17T02:46:41.248048+00:00,7,0,True,True
608534904,2026-08-17T02:46:41.248048+00:00,2,0,True,True
608534905,2026-08-17T02:46:41.248048+00:00,1,0,True,True
608534906,2026-08-17T02:46:41.248048+00:00,0,6,True,True
608534907,2026-08-17T02:46:41.248048+00:00,15,0,True,True
608534908,2026-08-17T02:46:41.248048+00:00,1,0,True,True
608534909,2026-08-17T02:46:41.248048+00:00,12,0,True,True
608534910,2026-08-17T02:46:41.248048+00:00,5,0,True,True
608534912,2026-08-17T02:46:41.248048+00:00,1,0,True,True
608534913,2026-08-17T02:46:41.248048+00:00,1,0,True,True
608534914,2026-08-17T02:46:41.248048+00:00,0,0,True,True
608534915,2026-08-17T02:46:41.248048+00:00,9,0,True,True
608534916,2026-08-17T02:46:41.248048+00:00,8,0,True,True
608534917,2026-08-17T02:46:41.248048+00:00,5,0,True,True
608534918,2026-08-17T02:46:41.248048+00:00,12,0,True,True
608534919,2026-08-17T02:46:41.248048+00:00,0,0,True,True
608534920,2026-08-17T02:46:41.248048+00:00,1,0,True,True
608534921,2026-08-17T02:46:41.248048+00:00,2,0,True,True
608534922,2026-08-17T02:46:41.248048+00:00,4,0,True,True
608534923,2026-08-17T02:46:41.248048+00:00,12,0,True,True
608534924,2026-08-17T02:46:41.248048+00:00,4,0,True,True
608534925,2026-08-17T02:46:41.248048+00:00,6,0,True,True
608534926,2026-08-17T02:46:41.248048+00:00,4,0,True,True
608534927,2026-08-17T02:46:41.248048+00:00,0,0,True,True
608534928,2026-08-17T02:46:41.248048+00:00,9,0,True,True
608534930,2026-08-17T02:46:41.248048+00:00,6,0,True,True
608534932,2026-08-17T02:46:41.248048+00:00,3,0,True,True
608534933,2026-08-17T02:46:41.248048+00:00,6,0,True,True
608534934,2026-08-17T02:46:41.248048+00:00,6,0,False,False
608534936,2026-08-17T02:46:41.248048+00:00,3,0,True,True
608534937,2026-08-17T02:46:41.248048+00:00,6,0,True,True
608534939,2026-08-17T02:46:41.248048+00:00,7,0,True,True
608534940,2026-08-17T02:46:41.248048+00:00,6,0,True,True
608534942,2026-08-17T02:46:41.248048+00:00,20,0,True,True
608534943,2026-08-17T02:46:41.248048+00:00,4,0,True,True
608534944,2026-08-17T02:46:41.248048+00:00,0,0,True,True
608534945,2026-08-17T02:46:41.248048+00:00,1,0,True,True
608534946,2026-08-17T02:46:41.248048+00:00,11,0,True,True
608534947,2026-08-17T02:46:41.248048+00:00,11,0,True,True
608534948,2026-08-17T02:46:41.248048+00:00,3,0,True,True
608534950,2026-08-17T02:46:41.248048+00:00,2,0,True,True
608534952,2026-08-17T02:46:41.248048+00:00,1,0,True,True
608534953,2026-08-17T02:46:41.248048+00:00,0,0,True,True
608534954,2026-08-17T02:46:41.248048+00:00,0,0,True,True
608534955,2026-08-17T02:46:41.248048+00:00,1,0,True,True
608534956,2026-08-17T02:46:41.248048+00:00,0,0,True,True
608534957,2026-08-17T02:46:41.248048+00:00,3,0,True,True
608534958,2026-08-17T02:46:41.248048+00:00,1,0,True,True
608534959,2026-08-17T02:46:41.248048+00:00,1,7,True,True
608534960,2026-08-17T02:46:41.248048+00:00,4,0,True,True
608534961,2026-08-17T02:46:41.248048+00:00,3,0,True,True
608534962,2026-08-17T02:46:41.248048+00:00,6,0,True,True
608534963,2026-08-17T02:46:41.248048+00:00,12,0,True,True
608534964,2026-08-17T02:46:41.248048+00:00,7,0,True,True
608534965,2026-08-17T02:46:41.248048+00:00,0,0,True,True
608534967,2026-08-17T02:46:41.248048+00:00,2,0,True,True
608534968,2026-08-17T02:46:41.248048+00:00,17,0,True,True
608534969,2026-08-17T02:46:41.248048+00:00,2,0,True,True
608534970,2026-08-17T02:46:41.248048+00:00,4,0,True,True
608534971,2026-08-17T02:46:41.248048+00:00,4,0,True,True
608534973,2026-08-17T02:46:41.248048+00:00,5,0,True,True
608534974,2026-08-17T02:46:41.248048+00:00,16,0,True,True
608534975,2026-08-17T02:46:41.248048+00:00,1,0,True,True
608534977,2026-08-17T02:46:41.248048+00:00,1,0,True,True
608534978,2026-08-17T02:46:41.248048+00:00,1,0,True,True
608534979,2026-08-17T02:46:41.248048+00:00,3,0,True,True
608534980,2026-08-17T02:46:41.248048+00:00,0,0,True,True
608534981,2026-08-17T02:46:41.248048+00:00,0,0,True,True
608534982,2026-08-17T02:46:41.248048+00:00,1,0,True,True
608534983,2026-08-17T02:46:41.248048+00:00,2,0,True,True
608534984,2026-08-17T02:46:41.248048+00:00,3,0,True,True
608534985,2026-08-17T02:46:41.248048+00:00,4,0,True,True
608534986,2026-08-17T02:46:41.248048+00:00,0,0,True,True
608534987,2026-08-17T02:46:41.248048+00:00,2,0,True,True
608534988,2026-08-17T02:46:41.248048+00:00,1,0,True,True
608534990,2026-08-17T02:46:41.248048+00:00,4,0,True,True
608534991,2026-08-17T02:46:41.248048+00:00,1,0,True,True
608534992,2026-08-17T02:46:41.248048+00:00,1,0,True,True
608534993,2026-08-17T02:46:41.248048+00:00,3,0,True,True
608534994,2026-08-17T02:46:41.248048+00:00,1,0,True,True
608534995,2026-08-17T02:46:41.248048+00:00,9,0,True,True
608534996,2026-08-17T02:46:41.248048+00:00,0,0,True,True
608534998,2026-08-17T02:46:41.248048+00:00,0,0,True,True
608534999,2026-08-17T02:46:41.248048+00:00,6,0,True,True
608535000,2026-08-17T02:46:41.248048+00:00,1,0,True,True
608535001,2026-08-17T02:46:41.248048+00:00,7,0,True,True
608535002,2026-08-17T02:46:41.248048+00:00,2,0,True,True
608535003,2026-08-17T02:46:41.248048+00:00,0,0,True,True
608535004,2026-08-17T02:46:41.248048+00:00,2,0,True,True
608535005,2026-08-17T02:46:41.248048+00:00,13,0,True,True
608535006,2026-08-17T02:46:41.248048+00:00,7,0,True,True
608535007,2026-08-17T02:46:41.248048+00:00,1,0,True,True
608535008,2026-08-17T02:46:41.248048+00:00,2,0,True,True
608535009,2026-08-17T02:46:41.248048+00:00,10,0,True,True
608535010,2026-08-17T02:46:41.248048+00:00,0,0,True,True
608535011,2026-08-17T02:46:41.248048+00:00,0,0,True,True
608535012,2026-08-17T02:46:41.248048+00:00,12,0,True,True
608535013,2026-08-17T02:46:41.248048+00:00,0,0,True,True
608535014,2026-08-17T02:46:41.248048+00:00,11,0,True,True
608535015,2026-08-17T02:46:41.248048+00:00,1,0,True,True
608535016,2026-08-17T02:46:41.248048+00:00,1,0,True,True
608535017,2026-08-17T02:46:41.248048+00:00,10,0,True,True
608535018,2026-08-17T02:46:41.248048+00:00,1,0,True,True
608535019,2026-08-17T02:46:41.248048+00:00,5,0,True,True
608535020,2026-08-17T02:46:41.248048+00:00,0,0,True,True
608535021,2026-08-17T02:46:41.248048+00:00,0,0,True,True
608535022,2026-08-17T02:46:41.248048+00:00,4,0,True,True
608535023,2026-08-17T02:46:41.248048+00:00,7,0,True,True
608535024,2026-08-17T02:46:41.248048+00:00,5,0,True,True
608535025,2026-08-17T02:46:41.248048+00:00,2,0,True,True
608535026,2026-08-17T02:46:41.248048+00:00,3,0,True,True
608535027,2026-08-17T02:46:41.248048+00:00,8,0,True,True
608535028,2026-08-17T02:46:41.248048+00:00,8,0,True,True
608535029,2026-08-17T02:46:41.248048+00:00,6,0,True,True
608535030,2026-08-17T02:46:41.248048+00:00,0,0,True,True
608535031,2026-08-17T02:46:41.248048+00:00,13,0,True,True
608535032,2026-08-17T02:46:41.248048+00:00,5,0,True,True
608535033,2026-08-17T02:46:41.248048+00:00,5,0,True,True
608535034,2026-08-17T02:46:41.248048+00:00,6,0,True,True
608535036,2026-08-17T02:46:41.248048+00:00,7,0,True,True
608535037,2026-08-17T02:46:41.248048+00:00,8,0,True,True
608535038,2026-08-17T02:46:41.248048+00:00,3,0,True,True
608535039,2026-08-17T02:46:41.248048+00:00,6,0,True,True
608535040,2026-08-17T02:46:41.248048+00:00,2,0,True,True
608535041,2026-08-17T02:46:41.248048+00:00,3,0,True,True
608535042,2026-08-17T02:46:41.248048+00:00,10,0,True,True
608535043,2026-08-17T02:46:41.248048+00:00,5,0,True,True
608535044,2026-08-17T02:46:41.248048+00:00,0,0,True,True
608535045,2026-08-17T02:46:41.248048+00:00,9,0,True,True
608535046,2026-08-17T02:46:41.248048+00:00,5,0,True,True
608535047,2026-08-17T02:46:41.248048+00:00,5,0,True,True
608535048,2026-08-17T02:46:41.248048+00:00,16,0,True,True
608535049,2026-08-17T02:46:41.248048+00:00,9,0,True,True
608535050,2026-08-17T02:46:41.248048+00:00,10,0,True,True
608535051,2026-08-17T02:46:41.248048+00:00,12,0,True,True
608535052,2026-08-17T02:46:41.248048+00:00,8,0,True,True
608535053,2026-08-17T02:46:41.248048+00:00,3,0,True,True
608535054,2026-08-17T02:46:41.248048+00:00,4,0,True,True
608535055,2026-08-17T02:46:41.248048+00:00,6,0,True,True
608535057,2026-08-17T02:46:41.248048+00:00,13,0,True,True
608535058,2026-08-17T02:46:41.248048+00:00,11,0,True,True
608535059,2026-08-17T02:46:41.248048+00:00,17,0,True,True
608535060,2026-08-17T02:46:41.248048+00:00,14,0,True,True
608535061,2026-08-17T02:46:41.248048+00:00,4,0,True,True
608535062,2026-08-17T02:46:41.248048+00:00,2,0,True,True
608535063,2026-08-17T02:46:41.248048+00:00,6,0,True,True
608535064,2026-08-17T02:46:41.248048+00:00,7,0,True,True
608535065,2026-08-17T02:46:41.248048+00:00,5,0,True,True
608535066,2026-08-17T02:46:41.248048+00:00,12,0,True,True
608535067,2026-08-17T02:46:41.248048+00:00,23,0,True,True
608535068,2026-08-17T02:46:41.248048+00:00,4,0,True,True
608535069,2026-08-17T02:46:41.248048+00:00,6,0,True,True
608535070,2026-08-17T02:46:41.248048+00:00,0,0,True,True
608535071,2026-08-17T02:46:41.248048+00:00,3,0,True,True
608535072,2026-08-17T02:46:41.248048+00:00,3,0,True,True
608535073,2026-08-17T02:46:41.248048+00:00,0,0,True,True
608535074,2026-08-17T02:46:41.248048+00:00,8,0,True,True
608535075,2026-08-17T02:46:41.248048+00:00,3,0,True,True
608535077,2026-08-17T02:46:41.248048+00:00,1,0,True,True
608535078,2026-08-17T02:46:41.248048+00:00,5,0,True,True
608535079,2026-08-17T02:46:41.248048+00:00,5,0,True,True
608535080,2026-08-17T02:46:41.248048+00:00,5,0,True,True
608535081,2026-08-17T02:46:41.248048+00:00,27,0,True,True
608535082,2026-08-17T02:46:41.248048+00:00,6,0,True,True
608535083,2026-08-17T02:46:41.248048+00:00,4,0,True,True
608535084,2026-08-17T02:46:41.248048+00:00,5,0,True,True
608535085,2026-08-17T02:46:41.248048+00:00,7,0,True,True
608535086,2026-08-17T02:46:41.248048+00:00,7,0,True,True
608535087,2026-08-17T02:46:41.248048+00:00,0,0,True,True
608535088,2026-08-17T02:46:41.248048+00:00,2,0,True,True
608535089,2026-08-17T02:46:41.248048+00:00,1,0,True,True
608535090,2026-08-17T02:46:41.248048+00:00,3,0,True,True
608535091,2026-08-17T02:46:41.248048+00:00,0,0,True,True
608535092,2026-08-17T02:46:41.248048+00:00,6,0,True,True
608535093,2026-08-17T02:46:41.248048+00:00,1,0,True,True
608535094,2026-08-17T02:46:41.248048+00:00,11,0,True,True
608535095,2026-08-17T02:46:41.248048+00:00,5,0,True,True
608535096,2026-08-17T02:46:41.248048+00:00,4,0,True,True
608535097,2026-08-17T02:46:41.248048+00:00,3,0,True,True
608535098,2026-08-17T02:46:41.248048+00:00,8,0,True,True
608535099,2026-08-17T02:46:41.248048+00:00,15,0,True,True
608535100,2026-08-17T02:46:41.248048+00:00,5,0,True,True
608535101,2026-08-17T02:46:41.248048+00:00,6,0,True,True
608535102,2026-08-17T02:46:41.248048+00:00,1,0,True,True
608535103,2026-08-17T02:46:41.248048+00:00,12,0,True,True
608535104,2026-08-17T02:46:41.248048+00:00,1,0,True,True
608535105,2026-08-17T02:46:41.248048+00:00,10,0,True,True
608535106,2026-08-17T02:46:41.248048+00:00,2,0,True,True
608535107,2026-08-17T02:46:41.248048+00:00,4,0,True,True
608535108,2026-08-17T02:46:41.248048+00:00,8,0,True,True
608535109,2026-08-17T02:46:41.248048+00:00,9,0,True,True
608535110,2026-08-17T02:46:41.248048+00:00,11,0,True,True
608535111,2026-08-17T02:46:41.248048+00:00,2,0,True,True
608535112,2026-08-17T02:46:41.248048+00:00,5,0,True,True
608535113,2026-08-17T02:46:41.248048+00:00,5,0,True,True
608535114,2026-08-17T02:46:41.248048+00:00,1,0,True,True
608535116,2026-08-17T02:46:41.248048+00:00,3,0,True,True
608535117,2026-08-17T02:46:41.248048+00:00,11,0,True,True
608535118,2026-08-17T02:46:41.248048+00:00,4,0,True,True
608535119,2026-08-17T02:46:41.248048+00:00,0,0,True,True
608535120,2026-08-17T02:46:41.248048+00:00,6,0,True,True
608535121,2026-08-17T02:46:41.248048+00:00,2,0,True,True
608535122,2026-08-17T02:46:41.248048+00:00,4,0,True,True
608535123,2026-08-17T02:46:41.248048+00:00,0,0,True,True
608535124,2026-08-17T02:46:41.248048+00:00,1,0,True,True
608535125,2026-08-17T02:46:41.248048+00:00,0,0,True,True
608535126,2026-08-17T02:46:41.248048+00:00,9,0,True,True
608535127,2026-08-17T02:46:41.248048+00:00,0,0,True,True
608535128,2026-08-17T02:46:41.248048+00:00,1,0,True,True
608535129,2026-08-17T02:46:41.248048+00:00,6,0,True,True
608535130,2026-08-17T02:46:41.248048+00:00,4,0,True,True
608535131,2026-08-17T02:46:41.248048+00:00,8,0,True,True
608535132,2026-08-17T02:46:41.248048+00:00,0,0,True,True
608535133,2026-08-17T02:46:41.248048+00:00,3,0,True,True
608535134,2026-08-17T02:46:41.248048+00:00,2,0,True,True
608535135,2026-08-17T02:46:41.248048+00:00,3,0,True,True
608535136,2026-08-17T02:46:41.248048+00:00,2,0,True,True
608535137,2026-08-17T02:46:41.248048+00:00,0,0,True,True
608535138,2026-08-17T02:46:41.248048+00:00,4,0,True,True
608535139,2026-08-17T02:46:41.248048+00:00,4,0,True,True
608535140,2026-08-17T02:46:41.248048+00:00,3,0,True,True
608535141,2026-08-17T02:46:41.248048+00:00,6,0,True,True
608535142,2026-08-17T02:46:41.248048+00:00,6,0,True,True
608535143,2026-08-17T02:46:41.248048+00:00,0,0,True,True
608535144,2026-08-17T02:46:41.248048+00:00,9,0,True,True
608535145,2026-08-17T02:46:41.248048+00:00,23,0,True,True
608535146,2026-08-17T02:46:41.248048+00:00,5,0,True,True
608535147,2026-08-17T02:46:41.248048+00:00,6,0,True,True
608535148,2026-08-17T02:46:41.248048+00:00,3,0,True,True
608535149,2026-08-17T02:46:41.248048+00:00,3,0,True,True
608535150,2026-08-17T02:46:41.248048+00:00,11,0,True,True
608535151,2026-08-17T02:46:41.248048+00:00,0,0,True,True
608535152,2026-08-17T02:46:41.248048+00:00,2,0,True,True
608535153,2026-08-17T02:46:41.248048+00:00,3,0,True,True
608535154,2026-08-17T02:46:41.248048+00:00,0,0,True,True
608535155,2026-08-17T02:46:41.248048+00:00,0,0,True,True
608535156,2026-08-17T02:46:41.248048+00:00,2,0,True,True
608535157,2026-08-17T02:46:41.248048+00:00,3,0,True,True
608535158,2026-08-17T02:46:41.248048+00:00,4,0,True,True
608535159,2026-08-17T02:46:41.248048+00:00,0,0,True,True
608535160,2026-08-17T02:46:41.248048+00:00,1,0,True,True
608535162,2026-08-17T02:46:41.248048+00:00,1,0,True,True
608535163,2026-08-17T02:46:41.248048+00:00,4,0,True,True
608535164,2026-08-17T02:46:41.248048+00:00,3,0,True,True
608535165,2026-08-17T02:46:41.248048+00:00,2,0,True,True
608535166,2026-08-17T02:46:41.248048+00:00,5,0,True,True
608535167,2026-08-17T02:46:41.248048+00:00,3,0,True,True
608535168,2026-08-17T02:46:41.248048+00:00,5,0,True,True
608535169,2026-08-17T02:46:41.248048+00:00,10,0,True,True
608535170,2026-08-17T02:46:41.248048+00:00,4,0,True,True
608535171,2026-08-17T02:46:41.248048+00:00,3,0,True,True
608535172,2026-08-17T02:46:41.248048+00:00,8,0,True,True
608535173,2026-08-17T02:46:41.248048+00:00,8,0,True,True
608535174,2026-08-17T02:46:41.248048+00:00,0,0,True,True
608535175,2026-08-17T02:46:41.248048+00:00,2,0,True,True
608535176,2026-08-17T02:46:41.248048+00:00,2,0,True,True
608535178,2026-08-17T02:46:41.248048+00:00,8,0,True,True
608535179,2026-08-17T02:46:41.248048+00:00,7,0,True,True
608535180,2026-08-17T02:46:41.248048+00:00,2,0,True,True
608535181,2026-08-17T02:46:41.248048+00:00,4,0,True,True
608535182,2026-08-17T02:46:41.248048+00:00,7,0,True,True
608535183,2026-08-17T02:46:41.248048+00:00,3,0,True,True
608535184,2026-08-17T02:46:41.248048+00:00,4,0,True,True
608535185,2026-08-17T02:46:41.248048+00:00,5,0,True,True
608535186,2026-08-17T02:46:41.248048+00:00,9,0,True,True
608535187,2026-08-17T02:46:41.248048+00:00,1,0,True,True
608535188,2026-08-17T02:46:41.248048+00:00,11,0,True,True
608535189,2026-08-17T02:46:41.248048+00:00,1,0,True,True
608535190,2026-08-17T02:46:41.248048+00:00,8,0,True,True
608535192,2026-08-17T02:46:41.248048+00:00,13,0,True,True
608535193,2026-08-17T02:46:41.248048+00:00,9,0,True,True
608535194,2026-08-17T02:46:41.248048+00:00,3,0,True,True
608535195,2026-08-17T02:46:41.248048+00:00,2,0,True,True
608535196,2026-08-17T02:46:41.248048+00:00,4,0,True,True
608535197,2026-08-17T02:46:41.248048+00:00,2,0,True,True
608535198,2026-08-17T02:46:41.248048+00:00,2,0,True,True
608535199,2026-08-17T02:46:41.248048+00:00,7,0,True,True
608535200,2026-08-17T02:46:41.248048+00:00,0,0,True,True
608535201,2026-08-17T02:46:41.248048+00:00,3,0,True,True
608535202,2026-08-17T02:46:41.248048+00:00,2,0,True,True
608535203,2026-08-17T02:46:41.248048+00:00,11,0,True,True
608535204,2026-08-17T02:46:41.248048+00:00,4,0,True,True
608535205,2026-08-17T02:46:41.248048+00:00,8,0,True,True
608535206,2026-08-17T02:46:41.248048+00:00,6,0,True,True
608535207,2026-08-17T02:46:41.248048+00:00,4,0,True,True
608535208,2026-08-17T02:46:41.248048+00:00,6,0,True,True
608535209,2026-08-17T02:46:41.248048+00:00,2,0,True,True
608535210,2026-08-17T02:46:41.248048+00:00,11,0,True,True
608535211,2026-08-17T02:46:41.248048+00:00,5,0,True,True
608535212,2026-08-17T02:46:41.248048+00:00,3,0,True,True
608535213,2026-08-17T02:46:41.248048+00:00,12,0,True,True
608535214,2026-08-17T02:46:41.248048+00:00,7,0,True,True
608535215,2026-08-17T02:46:41.248048+00:00,4,0,True,True
608535216,2026-08-17T02:46:41.248048+00:00,8,0,True,True
608535217,2026-08-17T02:46:41.248048+00:00,8,0,True,True
608535218,2026-08-17T02:46:41.248048+00:00,8,0,True,True
608535219,2026-08-17T02:46:41.248048+00:00,4,0,True,True
608535220,2026-08-17T02:46:41.248048+00:00,4,0,True,True
608535221,2026-08-17T02:46:41.248048+00:00,3,0,True,True
608535222,2026-08-17T02:46:41.248048+00:00,7,0,True,True
608535223,2026-08-17T02:46:41.248048+00:00,11,0,True,True
608535224,2026-08-17T02:46:41.248048+00:00,3,0,True,True
608535225,2026-08-17T02:46:41.248048+00:00,5,0,True,True
608535226,2026-08-17T02:46:41.248048+00:00,0,0,True,True
608535227,2026-08-17T02:46:41.248048+00:00,4,0,True,True
608535228,2026-08-17T02:46:41.248048+00:00,10,0,True,True
608535229,2026-08-17T02:46:41.248048+00:00,12,0,True,True
608535230,2026-08-17T02:46:41.248048+00:00,4,0,True,True
608535231,2026-08-17T02:46:41.248048+00:00,3,0,True,True
608535232,2026-08-17T02:46:41.248048+00:00,3,0,True,True
608535234,2026-08-17T02:46:41.248048+00:00,13,0,True,True
608535235,2026-08-17T02:46:41.248048+00:00,8,0,True,True
608535236,2026-08-17T02:46:41.248048+00:00,5,0,True,True
608535237,2026-08-17T02:46:41.248048+00:00,5,0,True,True
608535238,2026-08-17T02:46:41.248048+00:00,3,0,True,True
608535239,2026-08-17T02:46:41.248048+00:00,6,0,True,True
608535240,2026-08-17T02:46:41.248048+00:00,1,0,True,True
608535241,2026-08-17T02:46:41.248048+00:00,1,0,True,True
608535242,2026-08-17T02:46:41.248048+00:00,7,0,True,True
608535243,2026-08-17T02:46:41.248048+00:00,7,0,True,True
608535244,2026-08-17T02:46:41.248048+00:00,4,0,True,True
608535245,2026-08-17T02:46:41.248048+00:00,11,0,True,True
608535246,2026-08-17T02:46:41.248048+00:00,6,0,True,True
608535247,2026-08-17T02:46:41.248048+00:00,4,0,True,True
608535248,2026-08-17T02:46:41.248048+00:00,3,0,True,True
608535249,2026-08-17T02:46:41.248048+00:00,9,0,True,True
608535250,2026-08-17T02:46:41.248048+00:00,5,0,True,True
608535251,2026-08-17T02:46:41.248048+00:00,8,0,True,True
608535252,2026-08-17T02:46:41.248048+00:00,1,0,True,True
608535254,2026-08-17T02:46:41.248048+00:00,4,0,True,True
608535255,2026-08-17T02:46:41.248048+00:00,1,0,True,True
613312171,2026-08-17T02:46:41.248048+00:00,5,0,True,True
613312172,2026-08-17T02:46:41.248048+00:00,0,0,True,True
613312173,2026-08-17T02:46:41.248048+00:00,2,0,True,True
613312174,2026-08-17T02:46:41.248048+00:00,0,0,True,True
613312175,2026-08-17T02:46:41.248048+00:00,0,0,True,True
613312176,2026-08-17T02:46:41.248048+00:00,11,0,True,True
613312177,2026-08-17T02:46:41.248048+00:00,4,0,True,True
613312179,2026-08-17T02:46:41.248048+00:00,5,0,True,True
613312180,2026-08-17T02:46:41.248048+00:00,10,0,True,True
613312181,2026-08-17T02:46:41.248048+00:00,16,0,True,True
613312182,2026-08-17T02:46:41.248048+00:00,3,0,True,True
613312183,2026-08-17T02:46:41.248048+00:00,4,0,True,True
613312184,2026-08-17T02:46:41.248048+00:00,4,0,True,True
613312185,2026-08-17T02:46:41.248048+00:00,4,0,True,True
613312186,2026-08-17T02:46:41.248048+00:00,4,0,True,True
613312187,2026-08-17T02:46:41.248048+00:00,3,0,True,True
613312188,2026-08-17T02:46:41.248048+00:00,1,0,True,True
613312189,2026-08-17T02:46:41.248048+00:00,3,0,True,True
613312190,2026-08-17T02:46:41.248048+00:00,1,0,True,True
613312191,2026-08-17T02:46:41.248048+00:00,3,0,True,True
613312192,2026-08-17T02:46:41.248048+00:00,3,0,True,True
613312193,2026-08-17T02:46:41.248048+00:00,0,0,True,True
613312194,2026-08-17T02:46:41.248048+00:00,5,0,True,True
613312195,2026-08-17T02:46:41.248048+00:00,2,0,True,True
613312196,2026-08-17T02:46:41.248048+00:00,6,0,True,True
613312197,2026-08-17T02:46:41.248048+00:00,3,0,True,True
613312198,2026-08-17T02:46:41.248048+00:00,8,0,True,True
613312199,2026-08-17T02:46:41.248048+00:00,4,0,True,True
613312200,2026-08-17T02:46:41.248048+00:00,10,0,True,True
613312201,2026-08-17T02:46:41.248048+00:00,1,0,True,True
613312202,2026-08-17T02:46:41.248048+00:00,10,0,True,True
613312203,2026-08-17T02:46:41.248048+00:00,2,0,True,True
613312204,2026-08-17T02:46:41.248048+00:00,7,0,True,True
613312205,2026-08-17T02:46:41.248048+00:00,11,0,True,True
613312206,2026-08-17T02:46:41.248048+00:00,7,0,True,True
613312207,2026-08-17T02:46:41.248048+00:00,1,0,True,True
613312208,2026-08-17T02:46:41.248048+00:00,0,0,True,True
613312209,2026-08-17T02:46:41.248048+00:00,7,0,True,True
613312210,2026-08-17T02:46:41.248048+00:00,6,0,True,True
613312211,2026-08-17T02:46:41.248048+00:00,7,0,True,True
613312212,2026-08-17T02:46:41.248048+00:00,4,0,True,True
613312213,2026-08-17T02:46:41.248048+00:00,0,0,True,True
613312214,2026-08-17T02:46:41.248048+00:00,5,0,True,True
613312215,2026-08-17T02:46:41.248048+00:00,6,0,True,True
613312216,2026-08-17T02:46:41.248048+00:00,5,0,True,True
613312217,2026-08-17T02:46:41.248048+00:00,1,0,True,True
613312218,2026-08-17T02:46:41.248048+00:00,6,0,True,True
613312219,2026-08-17T02:46:41.248048+00:00,1,0,True,True
613312220,2026-08-17T02:46:41.248048+00:00,3,0,True,True
613312221,2026-08-17T02:46:41.248048+00:00,11,0,True,True
613312222,2026-08-17T02:46:41.248048+00:00,7,0,True,True
613312223,2026-08-17T02:46:41.248048+00:00,2,0,True,True
613312224,2026-08-17T02:46:41.248048+00:00,6,0,True,True
613312225,2026-08-17T02:46:41.248048+00:00,17,0,True,True
613312226,2026-08-17T02:46:41.248048+00:00,4,0,True,True
613312227,2026-08-17T02:46:41.248048+00:00,5,0,True,True
613312228,2026-08-17T02:46:41.248048+00:00,4,0,True,True
613312229,2026-08-17T02:46:41.248048+00:00,9,0,True,True
613312230,2026-08-17T02:46:41.248048+00:00,1,0,True,True
613312231,2026-08-17T02:46:41.248048+00:00,3,0,True,True
613312233,2026-08-17T02:46:41.248048+00:00,2,0,True,True
613312234,2026-08-17T02:46:41.248048+00:00,4,0,True,True
613312236,2026-08-17T02:46:41.248048+00:00,3,0,True,True
613312237,2026-08-17T02:46:41.248048+00:00,13,0,True,True
613312238,2026-08-17T02:46:41.248048+00:00,3,0,True,True
613312239,2026-08-17T02:46:41.248048+00:00,1,0,True,True
613312240,2026-08-17T02:46:41.248048+00:00,7,0,True,True
613312241,2026-08-17T02:46:41.248048+00:00,2,0,True,True
613312242,2026-08-17T02:46:41.248048+00:00,3,0,True,True
613312243,2026-08-17T02:46:41.248048+00:00,2,0,True,True
613312244,2026-08-17T02:46:41.248048+00:00,8,0,True,True
613312245,2026-08-17T02:46:41.248048+00:00,0,0,True,True
613312246,2026-08-17T02:46:41.248048+00:00,7,0,True,True
613312247,2026-08-17T02:46:41.248048+00:00,5,0,True,True
613312248,2026-08-17T02:46:41.248048+00:00,5,0,True,True
613312249,2026-08-17T02:46:41.248048+00:00,2,0,True,True
613312250,2026-08-17T02:46:41.248048+00:00,10,0,True,True
613312251,2026-08-17T02:46:41.248048+00:00,7,0,True,True
613312252,2026-08-17T02:46:41.248048+00:00,5,0,True,True
613312253,2026-08-17T02:46:41.248048+00:00,2,0,True,True
613312254,2026-08-17T02:46:41.248048+00:00,8,0,True,True
613312255,2026-08-17T02:46:41.248048+00:00,3,0,True,True
613312256,2026-08-17T02:46:41.248048+00:00,10,0,True,True
613312257,2026-08-17T02:46:41.248048+00:00,6,0,True,True
613312258,2026-08-17T02:46:41.248048+00:00,9,0,True,True
613312259,2026-08-17T02:46:41.248048+00:00,7,0,True,True
613312260,2026-08-17T02:46:41.248048+00:00,0,0,True,True
613312261,2026-08-17T02:46:41.248048+00:00,0,0,True,True
613312262,2026-08-17T02:46:41.248048+00:00,0,0,True,True
613312263,2026-08-17T02:46:41.248048+00:00,2,0,True,True
613312264,2026-08-17T02:46:41.248048+00:00,6,0,True,True
613312265,2026-08-17T02:46:41.248048+00:00,6,0,True,True
613312266,2026-08-17T02:46:41.248048+00:00,7,0,True,True
613312267,2026-08-17T02:46:41.248048+00:00,5,0,True,True
613312268,2026-08-17T02:46:41.248048+00:00,10,0,True,True
613312269,2026-08-17T02:46:41.248048+00:00,13,0,True,True
613312270,2026-08-17T02:46:41.248048+00:00,11,0,True,True
613312271,2026-08-17T02:46:41.248048+00:00,1,0,True,True
613312272,2026-08-17T02:46:41.248048+00:00,4,0,True,True
613312273,2026-08-17T02:46:41.248048+00:00,7,0,True,True
613312274,2026-08-17T02:46:41.248048+00:00,9,0,True,True
613312275,2026-08-17T02:46:41.248048+00:00,14,0,True,True
613312276,2026-08-17T02:46:41.248048+00:00,2,0,True,True
613312277,2026-08-17T02:46:41.248048+00:00,4,0,True,True
613312278,2026-08-17T02:46:41.248048+00:00,5,0,True,True
613312279,2026-08-17T02:46:41.248048+00:00,14,0,True,True
613312281,2026-08-17T02:46:41.248048+00:00,3,0,True,True
613312282,2026-08-17T02:46:41.248048+00:00,2,0,True,True
613312283,2026-08-17T02:46:41.248048+00:00,2,0,True,True
613312284,2026-08-17T02:46:41.248048+00:00,7,0,True,True
613312285,2026-08-17T02:46:41.248048+00:00,3,0,True,True
613312286,2026-08-17T02:46:41.248048+00:00,3,0,True,True
613312287,2026-08-17T02:46:41.248048+00:00,6,0,True,True
613312288,2026-08-17T02:46:41.248048+00:00,5,0,True,True
613312289,2026-08-17T02:46:41.248048+00:00,8,0,True,True
613312290,2026-08-17T02:46:41.248048+00:00,11,0,True,True
613312291,2026-08-17T02:46:41.248048+00:00,2,0,True,True
613312292,2026-08-17T02:46:41.248048+00:00,4,0,True,True
613312293,2026-08-17T02:46:41.248048+00:00,11,0,True,True
613312294,2026-08-17T02:46:41.248048+00:00,11,0,True,True
613312295,2026-08-17T02:46:41.248048+00:00,16,0,True,True
613312296,2026-08-17T02:46:41.248048+00:00,8,0,True,True
613312297,2026-08-17T02:46:41.248048+00:00,4,0,True,True
613312298,2026-08-17T02:46:41.248048+00:00,5,0,True,True
613312299,2026-08-17T02:46:41.248048+00:00,6,0,True,True
613312300,2026-08-17T02:46:41.248048+00:00,16,0,True,True
613312301,2026-08-17T02:46:41.248048+00:00,9,0,True,True
613312302,2026-08-17T02:46:41.248048+00:00,4,0,True,True
613312303,2026-08-17T02:46:41.248048+00:00,9,0,True,True
613312304,2026-08-17T02:46:41.248048+00:00,9,0,True,True
613312305,2026-08-17T02:46:41.248048+00:00,22,0,True,True
613312306,2026-08-17T02:46:41.248048+00:00,12,0,True,True
613312307,2026-08-17T02:46:41.248048+00:00,8,0,True,True
613312308,2026-08-17T02:46:41.248048+00:00,5,0,True,True
613312309,2026-08-17T02:46:41.248048+00:00,9,0,True,True
613312310,2026-08-17T02:46:41.248048+00:00,6,0,True,True
613312311,2026-08-17T02:46:41.248048+00:00,15,0,True,True
613312312,2026-08-17T02:46:41.248048+00:00,18,0,True,True
613312313,2026-08-17T02:46:41.248048+00:00,6,0,True,True
613312314,2026-08-17T02:46:41.248048+00:00,8,0,True,True
613312315,2026-08-17T02:46:41.248048+00:00,9,0,True,True
613510037,2026-08-17T02:46:41.248048+00:00,3,0,True,True
624056982,2026-08-17T02:46:41.248048+00:00,5,0,True,True
624057057,2026-08-17T02:46:41.248048+00:00,3,0,True,True
631244273,2026-08-17T02:46:41.248048+00:00,0,0,True,True
631244274,2026-08-17T02:46:41.248048+00:00,4,0,True,True
631244275,2026-08-17T02:46:41.248048+00:00,0,0,True,True
631244276,2026-08-17T02:46:41.248048+00:00,14,0,True,True
631244277,2026-08-17T02:46:41.248048+00:00,3,0,True,True
631244278,2026-08-17T02:46:41.248048+00:00,0,0,True,True
631244280,2026-08-17T02:46:41.248048+00:00,7,0,True,True
631244281,2026-08-17T02:46:41.248048+00:00,8,0,True,True
631244286,2026-08-17T02:46:41.248048+00:00,2,0,True,True
631244287,2026-08-17T02:46:41.248048+00:00,6,0,True,True
631244288,2026-08-17T02:46:41.248048+00:00,6,0,True,True
631244289,2026-08-17T02:46:41.248048+00:00,2,0,True,True
631244290,2026-08-17T02:46:41.248048+00:00,2,0,True,True
631244291,2026-08-17T02:46:41.248048+00:00,2,0,True,True
631244292,2026-08-17T02:46:41.248048+00:00,2,0,True,True
631244293,2026-08-17T02:46:41.248048+00:00,2,0,True,True
631244294,2026-08-17T02:46:41.248048+00:00,3,0,True,True
631244295,2026-08-17T02:46:41.248048+00:00,3,0,True,True
631244297,2026-08-17T02:46:41.248048+00:00,7,0,True,True
631244302,2026-08-17T02:46:41.248048+00:00,4,0,True,True
631244303,2026-08-17T02:46:41.248048+00:00,5,0,True,True
631244304,2026-08-17T02:46:41.248048+00:00,4,0,True,True
631244306,2026-08-17T02:46:41.248048+00:00,2,0,True,True
631244308,2026-08-17T02:46:41.248048+00:00,15,0,True,True
631244309,2026-08-17T02:46:41.248048+00:00,11,0,True,True
631244311,2026-08-17T02:46:41.248048+00:00,8,0,True,True
631244312,2026-08-17T02:46:41.248048+00:00,1,0,True,True
631244313,2026-08-17T02:46:41.248048+00:00,1,0,True,True
631244315,2026-08-17T02:46:41.248048+00:00,10,0,True,True
631244316,2026-08-17T02:46:41.248048+00:00,1,0,True,True
637793642,2026-08-17T02:46:41.248048+00:00,14,0,True,True
637794034,2026-08-17T02:46:41.248048+00:00,2,0,True,True
608535280,2026-08-17T03:54:37.055775+00:00,6,0,True,True
608535281,2026-08-17T03:54:37.055775+00:00,5,0,True,True
608535282,2026-08-17T03:54:37.055775+00:00,6,0,True,True
608535283,2026-08-17T03:54:37.055775+00:00,2,0,True,True
608535284,2026-08-17T03:54:37.055775+00:00,4,0,True,True
608535285,2026-08-17T03:54:37.055775+00:00,3,0,True,True
608535286,2026-08-17T03:54:37.055775+00:00,4,0,True,True
608535287,2026-08-17T03:54:37.055775+00:00,5,0,True,True
608535288,2026-08-17T03:54:37.055775+00:00,3,0,True,True
608535289,2026-08-17T03:54:37.055775+00:00,4,0,True,True
608535290,2026-08-17T03:54:37.055775+00:00,6,0,True,True
608535291,2026-08-17T03:54:37.055775+00:00,8,0,True,True
608535292,2026-08-17T03:54:37.055775+00:00,2,0,True,True
608535293,2026-08-17T03:54:37.055775+00:00,7,0,True,True
608535294,2026-08-17T03:54:37.055775+00:00,5,0,True,True
608535295,2026-08-17T03:54:37.055775+00:00,6,0,True,True
608535296,2026-08-17T03:54:37.055775+00:00,4,0,True,True
608535297,2026-08-17T03:54:37.055775+00:00,8,0,True,True
608535298,2026-08-17T03:54:37.055775+00:00,6,0,True,True
608535299,2026-08-17T03:54:37.055775+00:00,6,0,True,True
608535300,2026-08-17T03:54:37.055775+00:00,7,0,True,True
608535301,2026-08-17T03:54:37.055775+00:00,8,0,True,True
608535302,2026-08-17T03:54:37.055775+00:00,6,0,True,True
608535303,2026-08-17T03:54:37.055775+00:00,5,0,True,True
608535304,2026-08-17T03:54:37.055775+00:00,5,0,True,True
608535305,2026-08-17T03:54:37.055775+00:00,8,0,True,True
608535306,2026-08-17T03:54:37.055775+00:00,2,0,True,True
608535307,2026-08-17T03:54:37.055775+00:00,6,0,True,True
608535308,2026-08-17T03:54:37.055775+00:00,6,0,True,True
608535309,2026-08-17T03:54:37.055775+00:00,3,0,True,True
608535310,2026-08-17T03:54:37.055775+00:00,6,0,True,True
608535311,2026-08-17T03:54:37.055775+00:00,5,0,True,True
608535312,2026-08-17T03:54:37.055775+00:00,4,0,True,True
608535313,2026-08-17T03:54:37.055775+00:00,0,0,True,True
608535314,2026-08-17T03:54:37.055775+00:00,5,0,True,True
608535315,2026-08-17T03:54:37.055775+00:00,4,0,True,True
608535316,2026-08-17T03:54:37.055775+00:00,10,0,True,True
608535317,2026-08-17T03:54:37.055775+00:00,6,0,True,True
608535318,2026-08-17T03:54:37.055775+00:00,10,0,True,True
608535319,2026-08-17T03:54:37.055775+00:00,5,0,True,True
608535320,2026-08-17T03:54:37.055775+00:00,6,0,True,True
608535321,2026-08-17T03:54:37.055775+00:00,3,0,True,True
608535322,2026-08-17T03:54:37.055775+00:00,12,0,True,True
608535323,2026-08-17T03:54:37.055775+00:00,4,0,True,True
608535324,2026-08-17T03:54:37.055775+00:00,2,0,True,True
608535325,2026-08-17T03:54:37.055775+00:00,6,0,True,True
608535326,2026-08-17T03:54:37.055775+00:00,5,0,True,True
608535327,2026-08-17T03:54:37.055775+00:00,9,0,True,True
608535328,2026-08-17T03:54:37.055775+00:00,10,0,True,True
608535329,2026-08-17T03:54:37.055775+00:00,5,0,True,True
608535330,2026-08-17T03:54:37.055775+00:00,7,0,True,True
608535331,2026-08-17T03:54:37.055775+00:00,1,0,True,True
608535332,2026-08-17T03:54:37.055775+00:00,11,0,True,True
608535333,2026-08-17T03:54:37.055775+00:00,5,0,True,True
608535334,2026-08-17T03:54:37.055775+00:00,3,0,True,True
608535335,2026-08-17T03:54:37.055775+00:00,4,0,True,True
608535336,2026-08-17T03:54:37.055775+00:00,8,0,True,True
608535337,2026-08-17T03:54:37.055775+00:00,4,0,True,True
608535338,2026-08-17T03:54:37.055775+00:00,1,0,True,True
608535339,2026-08-17T03:54:37.055775+00:00,7,0,True,True
608535340,2026-08-17T03:54:37.055775+00:00,7,0,True,True
608535341,2026-08-17T03:54:37.055775+00:00,6,0,True,True
608535342,2026-08-17T03:54:37.055775+00:00,1,0,True,True
608535343,2026-08-17T03:54:37.055775+00:00,5,0,True,True
608535344,2026-08-17T03:54:37.055775+00:00,5,0,True,True
608535345,2026-08-17T03:54:37.055775+00:00,8,0,True,True
608535346,2026-08-17T03:54:37.055775+00:00,2,0,True,True
608535256,2026-08-17T03:54:37.055775+00:00,5,0,True,True
608535257,2026-08-17T03:54:37.055775+00:00,6,0,True,True
608535258,2026-08-17T03:54:37.055775+00:00,4,0,True,True
608535259,2026-08-17T03:54:37.055775+00:00,1,0,True,True
608535260,2026-08-17T03:54:37.055775+00:00,14,0,True,True
608535261,2026-08-17T03:54:37.055775+00:00,3,0,True,True
608535262,2026-08-17T03:54:37.055775+00:00,9,0,True,True
608535263,2026-08-17T03:54:37.055775+00:00,3,0,True,True
608535265,2026-08-17T03:54:37.055775+00:00,0,0,True,True
608535266,2026-08-17T03:54:37.055775+00:00,4,0,True,True
608535267,2026-08-17T03:54:37.055775+00:00,4,0,True,True
608535268,2026-08-17T03:54:37.055775+00:00,3,0,True,True
608535270,2026-08-17T03:54:37.055775+00:00,9,0,True,True
608535271,2026-08-17T03:54:37.055775+00:00,1,0,True,True
608535272,2026-08-17T03:54:37.055775+00:00,2,0,True,True
608535273,2026-08-17T03:54:37.055775+00:00,0,0,True,True
608535274,2026-08-17T03:54:37.055775+00:00,5,0,True,True
608535276,2026-08-17T03:54:37.055775+00:00,7,0,True,True
608535277,2026-08-17T03:54:37.055775+00:00,2,0,True,True
608535278,2026-08-17T03:54:37.055775+00:00,12,0,True,True
608535279,2026-08-17T03:54:37.055775+00:00,5,0,True,True
608535378,2026-08-17T03:54:37.055775+00:00,6,0,True,True
608535379,2026-08-17T03:54:37.055775+00:00,6,0,True,True
608535380,2026-08-17T03:54:37.055775+00:00,8,0,True,True
608535381,2026-08-17T03:54:37.055775+00:00,1,0,True,True
608535383,2026-08-17T03:54:37.055775+00:00,6,0,True,True
608535384,2026-08-17T03:54:37.055775+00:00,5,0,True,True
608535385,2026-08-17T03:54:37.055775+00:00,1,0,True,True
608535386,2026-08-17T03:54:37.055775+00:00,16,0,True,True
608535387,2026-08-17T03:54:37.055775+00:00,4,0,True,True
608535388,2026-08-17T03:54:37.055775+00:00,7,0,True,True
608535389,2026-08-17T03:54:37.055775+00:00,3,0,True,True
608535390,2026-08-17T03:54:37.055775+00:00,6,0,True,True
608535391,2026-08-17T03:54:37.055775+00:00,1,0,True,True
608535392,2026-08-17T03:54:37.055775+00:00,7,0,True,True
608535393,2026-08-17T03:54:37.055775+00:00,9,0,True,True
608535394,2026-08-17T03:54:37.055775+00:00,7,0,True,True
608535395,2026-08-17T03:54:37.055775+00:00,14,0,True,True
608535396,2026-08-17T03:54:37.055775+00:00,3,0,True,True
608535440,2026-08-17T03:54:37.055775+00:00,0,0,True,True
608535441,2026-08-17T03:54:37.055775+00:00,0,0,True,True
608535442,2026-08-17T03:54:37.055775+00:00,1,0,True,True
608535443,2026-08-17T03:54:37.055775+00:00,4,0,True,True
608535444,2026-08-17T03:54:37.055775+00:00,14,0,True,True
608535445,2026-08-17T03:54:37.055775+00:00,28,0,True,True
608535446,2026-08-17T03:54:37.055775+00:00,0,0,True,True
608535447,2026-08-17T03:54:37.055775+00:00,2,0,True,True
608535461,2026-08-17T03:54:37.055775+00:00,2,0,True,True
608535462,2026-08-17T03:54:37.055775+00:00,0,0,True,True
608535463,2026-08-17T03:54:37.055775+00:00,1,0,True,True
608535464,2026-08-17T03:54:37.055775+00:00,10,0,True,True
608535491,2026-08-17T03:54:37.055775+00:00,2,0,True,True
608535492,2026-08-17T03:54:37.055775+00:00,1,0,True,True
608535493,2026-08-17T03:54:37.055775+00:00,12,0,True,True
608535494,2026-08-17T03:54:37.055775+00:00,3,0,True,True
608535495,2026-08-17T03:54:37.055775+00:00,1,0,True,True
608535496,2026-08-17T03:54:37.055775+00:00,6,0,True,True
608535497,2026-08-17T03:54:37.055775+00:00,7,0,True,True
608535498,2026-08-17T03:54:37.055775+00:00,11,0,True,True
608535499,2026-08-17T03:54:37.055775+00:00,3,0,True,True
608535500,2026-08-17T03:54:37.055775+00:00,4,0,True,True
608535501,2026-08-17T03:54:37.055775+00:00,0,0,True,True
608535502,2026-08-17T03:54:37.055775+00:00,2,0,True,True
608535503,2026-08-17T03:54:37.055775+00:00,8,0,True,True
608535504,2026-08-17T03:54:37.055775+00:00,2,0,True,True
608535505,2026-08-17T03:54:37.055775+00:00,0,0,True,True
637793366,2026-08-17T03:54:37.055775+00:00,0,0,True,True
608535516,2026-08-17T03:54:37.055775+00:00,4,0,True,True
608535517,2026-08-17T03:54:37.055775+00:00,2,0,True,True
608535518,2026-08-17T03:54:37.055775+00:00,3,0,True,True
608535519,2026-08-17T03:54:37.055775+00:00,6,0,True,True
608535520,2026-08-17T03:54:37.055775+00:00,9,0,True,True
608535521,2026-08-17T03:54:37.055775+00:00,8,0,True,True
608535522,2026-08-17T03:54:37.055775+00:00,9,0,True,True
608535523,2026-08-17T03:54:37.055775+00:00,5,0,True,True
608535524,2026-08-17T03:54:37.055775+00:00,5,0,True,True
608535525,2026-08-17T03:54:37.055775+00:00,3,0,True,True
608535526,2026-08-17T03:54:37.055775+00:00,1,0,True,True
608535527,2026-08-17T03:54:37.055775+00:00,5,0,True,True
608535528,2026-08-17T03:54:37.055775+00:00,11,0,True,True
608535529,2026-08-17T03:54:37.055775+00:00,7,0,True,True
608535530,2026-08-17T03:54:37.055775+00:00,3,0,True,True
608535531,2026-08-17T03:54:37.055775+00:00,5,0,True,True
608535532,2026-08-17T03:54:37.055775+00:00,4,0,True,True
608535533,2026-08-17T03:54:37.055775+00:00,3,0,True,True
608535534,2026-08-17T03:54:37.055775+00:00,3,0,True,True
608535537,2026-08-17T03:54:37.055775+00:00,3,0,True,True
608535398,2026-08-17T03:54:37.055775+00:00,6,0,True,True
608535399,2026-08-17T03:54:37.055775+00:00,1,0,True,True
608535400,2026-08-17T03:54:37.055775+00:00,4,0,True,True
608535402,2026-08-17T03:54:37.055775+00:00,7,0,True,True
608535403,2026-08-17T03:54:37.055775+00:00,4,0,True,True
608535404,2026-08-17T03:54:37.055775+00:00,5,0,True,True
608535405,2026-08-17T03:54:37.055775+00:00,1,0,True,True
608535406,2026-08-17T03:54:37.055775+00:00,7,0,True,True
608535407,2026-08-17T03:54:37.055775+00:00,6,0,True,True
608535408,2026-08-17T03:54:37.055775+00:00,5,0,True,True
608535409,2026-08-17T03:54:37.055775+00:00,5,0,True,True
608535410,2026-08-17T03:54:37.055775+00:00,6,0,True,True
608535411,2026-08-17T03:54:37.055775+00:00,5,0,True,True
608535412,2026-08-17T03:54:37.055775+00:00,8,0,True,True
608535413,2026-08-17T03:54:37.055775+00:00,7,0,True,True
608535414,2026-08-17T03:54:37.055775+00:00,7,0,True,True
608535415,2026-08-17T03:54:37.055775+00:00,0,0,True,True
608535416,2026-08-17T03:54:37.055775+00:00,8,0,True,True
608535417,2026-08-17T03:54:37.055775+00:00,11,0,True,True
608535418,2026-08-17T03:54:37.055775+00:00,9,0,True,True
608535419,2026-08-17T03:54:37.055775+00:00,9,0,True,True
608535420,2026-08-17T03:54:37.055775+00:00,9,0,True,True
608535421,2026-08-17T03:54:37.055775+00:00,3,0,True,True
608535422,2026-08-17T03:54:37.055775+00:00,6,0,True,True
608535423,2026-08-17T03:54:37.055775+00:00,7,0,True,True
608535424,2026-08-17T03:54:37.055775+00:00,7,0,True,True
608535425,2026-08-17T03:54:37.055775+00:00,3,0,True,True
608535426,2026-08-17T03:54:37.055775+00:00,3,0,True,True
608535427,2026-08-17T03:54:37.055775+00:00,2,0,True,True
608535428,2026-08-17T03:54:37.055775+00:00,13,0,True,True
608535429,2026-08-17T03:54:37.055775+00:00,5,0,True,True
608535430,2026-08-17T03:54:37.055775+00:00,0,0,True,True
608535431,2026-08-17T03:54:37.055775+00:00,2,0,True,True
608535438,2026-08-17T03:54:37.055775+00:00,1,0,True,True
608535439,2026-08-17T03:54:37.055775+00:00,6,0,True,True
608535432,2026-08-17T03:54:37.055775+00:00,3,0,True,True
608535433,2026-08-17T03:54:37.055775+00:00,3,0,True,True
608535434,2026-08-17T03:54:37.055775+00:00,3,0,True,True
608535435,2026-08-17T03:54:37.055775+00:00,0,0,True,True
608535436,2026-08-17T03:54:37.055775+00:00,3,0,True,True
608535437,2026-08-17T03:54:37.055775+00:00,6,0,True,True
608535448,2026-08-17T03:54:37.055775+00:00,3,0,True,True
608535449,2026-08-17T03:54:37.055775+00:00,6,0,True,True
608535450,2026-08-17T03:54:37.055775+00:00,4,0,True,True
608535451,2026-08-17T03:54:37.055775+00:00,4,0,True,True
608535483,2026-08-17T03:54:37.055775+00:00,0,0,True,True
608535484,2026-08-17T03:54:37.055775+00:00,3,0,True,True
608535485,2026-08-17T03:54:37.055775+00:00,4,0,True,True
608535486,2026-08-17T03:54:37.055775+00:00,1,0,True,True
608535487,2026-08-17T03:54:37.055775+00:00,10,0,True,True
608535488,2026-08-17T03:54:37.055775+00:00,6,0,True,True
608535489,2026-08-17T03:54:37.055775+00:00,4,0,True,True
608535490,2026-08-17T03:54:37.055775+00:00,14,0,True,True
608535452,2026-08-17T03:54:37.055775+00:00,6,0,True,True
608535453,2026-08-17T03:54:37.055775+00:00,2,0,True,True
608535454,2026-08-17T03:54:37.055775+00:00,4,0,True,True
608535455,2026-08-17T03:54:37.055775+00:00,4,0,True,True
608535456,2026-08-17T03:54:37.055775+00:00,4,0,True,True
608535457,2026-08-17T03:54:37.055775+00:00,6,0,True,True
608535458,2026-08-17T03:54:37.055775+00:00,19,0,True,True
608535459,2026-08-17T03:54:37.055775+00:00,11,0,True,True
608535460,2026-08-17T03:54:37.055775+00:00,2,0,True,True
608535465,2026-08-17T03:54:37.055775+00:00,1,0,True,True
608535466,2026-08-17T03:54:37.055775+00:00,1,0,True,True
608535467,2026-08-17T03:54:37.055775+00:00,2,0,True,True
608535468,2026-08-17T03:54:37.055775+00:00,6,0,True,True
608535469,2026-08-17T03:54:37.055775+00:00,7,0,True,True
608535470,2026-08-17T03:54:37.055775+00:00,0,0,True,True
608535471,2026-08-17T03:54:37.055775+00:00,2,0,True,True
608535473,2026-08-17T03:54:37.055775+00:00,2,0,True,True
608535474,2026-08-17T03:54:37.055775+00:00,6,0,True,True
608535475,2026-08-17T03:54:37.055775+00:00,1,0,True,True
608535476,2026-08-17T03:54:37.055775+00:00,9,0,True,True
608535477,2026-08-17T03:54:37.055775+00:00,4,0,True,True
608535478,2026-08-17T03:54:37.055775+00:00,0,0,True,True
608535479,2026-08-17T03:54:37.055775+00:00,2,0,True,True
608535480,2026-08-17T03:54:37.055775+00:00,1,0,True,True
608535481,2026-08-17T03:54:37.055775+00:00,4,0,True,True
608535482,2026-08-17T03:54:37.055775+00:00,4,0,True,True
608535507,2026-08-17T03:54:37.055775+00:00,2,0,True,True
608535508,2026-08-17T03:54:37.055775+00:00,4,0,True,True
608535509,2026-08-17T03:54:37.055775+00:00,4,0,True,True
608535510,2026-08-17T03:54:37.055775+00:00,2,0,True,True
608535511,2026-08-17T03:54:37.055775+00:00,0,0,True,True
608535512,2026-08-17T03:54:37.055775+00:00,4,0,True,True
608535513,2026-08-17T03:54:37.055775+00:00,4,0,True,True
608535514,2026-08-17T03:54:37.055775+00:00,4,0,True,True
608535515,2026-08-17T03:54:37.055775+00:00,8,0,True,True
608535347,2026-08-17T03:54:37.055775+00:00,2,0,True,True
608535348,2026-08-17T03:54:37.055775+00:00,10,0,True,True
608535349,2026-08-17T03:54:37.055775+00:00,7,0,True,True
608535350,2026-08-17T03:54:37.055775+00:00,2,0,True,True
608535351,2026-08-17T03:54:37.055775+00:00,5,0,True,True
608535352,2026-08-17T03:54:37.055775+00:00,1,0,True,True
608535353,2026-08-17T03:54:37.055775+00:00,4,0,True,True
608535354,2026-08-17T03:54:37.055775+00:00,8,0,True,True
608535538,2026-08-17T03:54:37.055775+00:00,6,0,True,True
608535539,2026-08-17T03:54:37.055775+00:00,8,0,True,True
608535540,2026-08-17T03:54:37.055775+00:00,3,0,True,True
608535355,2026-08-17T03:54:37.055775+00:00,5,0,True,True
608535356,2026-08-17T03:54:37.055775+00:00,7,0,True,True
608535357,2026-08-17T03:54:37.055775+00:00,3,0,True,True
608535358,2026-08-17T03:54:37.055775+00:00,6,0,True,True
608535359,2026-08-17T03:54:37.055775+00:00,2,0,True,True
608535360,2026-08-17T03:54:37.055775+00:00,2,0,True,True
608535361,2026-08-17T03:54:37.055775+00:00,3,0,True,True
608535362,2026-08-17T03:54:37.055775+00:00,1,0,True,True
608535363,2026-08-17T03:54:37.055775+00:00,1,0,True,True
608535364,2026-08-17T03:54:37.055775+00:00,5,0,True,True
608535365,2026-08-17T03:54:37.055775+00:00,2,0,True,True
608535366,2026-08-17T03:54:37.055775+00:00,2,0,True,True
608535367,2026-08-17T03:54:37.055775+00:00,5,0,True,True
608535368,2026-08-17T03:54:37.055775+00:00,2,0,True,True
608535369,2026-08-17T03:54:37.055775+00:00,1,0,True,True
608535370,2026-08-17T03:54:37.055775+00:00,2,0,True,True
608535371,2026-08-17T03:54:37.055775+00:00,0,0,True,True
608535372,2026-08-17T03:54:37.055775+00:00,7,0,True,True
608535373,2026-08-17T03:54:37.055775+00:00,9,0,True,True
608535375,2026-08-17T03:54:37.055775+00:00,2,0,True,True
608535376,2026-08-17T03:54:37.055775+00:00,10,0,True,True
606857330,2026-08-17T03:54:37.055775+00:00,3,0,True,True
608534898,2026-08-17T03:54:37.055775+00:00,1,0,True,True
608534899,2026-08-17T03:54:37.055775+00:00,0,0,True,True
608534900,2026-08-17T03:54:37.055775+00:00,6,0,True,True
608534901,2026-08-17T03:54:37.055775+00:00,2,0,True,True
608534902,2026-08-17T03:54:37.055775+00:00,6,0,True,True
608534903,2026-08-17T03:54:37.055775+00:00,7,0,True,True
608534904,2026-08-17T03:54:37.055775+00:00,2,0,True,True
608534905,2026-08-17T03:54:37.055775+00:00,1,0,True,True
608534906,2026-08-17T03:54:37.055775+00:00,0,6,True,True
608534907,2026-08-17T03:54:37.055775+00:00,15,0,True,True
608534908,2026-08-17T03:54:37.055775+00:00,1,0,True,True
608534909,2026-08-17T03:54:37.055775+00:00,13,0,True,True
608534910,2026-08-17T03:54:37.055775+00:00,5,0,True,True
608534912,2026-08-17T03:54:37.055775+00:00,1,0,True,True
608534913,2026-08-17T03:54:37.055775+00:00,1,0,True,True
608534914,2026-08-17T03:54:37.055775+00:00,0,0,True,True
608534915,2026-08-17T03:54:37.055775+00:00,9,0,True,True
608534916,2026-08-17T03:54:37.055775+00:00,8,0,True,True
608534917,2026-08-17T03:54:37.055775+00:00,5,0,True,True
608534918,2026-08-17T03:54:37.055775+00:00,11,0,True,True
608534919,2026-08-17T03:54:37.055775+00:00,0,0,True,True
608534920,2026-08-17T03:54:37.055775+00:00,2,0,True,True
608534921,2026-08-17T03:54:37.055775+00:00,2,0,True,True
608534922,2026-08-17T03:54:37.055775+00:00,4,0,True,True
608534923,2026-08-17T03:54:37.055775+00:00,12,0,True,True
608534924,2026-08-17T03:54:37.055775+00:00,4,0,True,True
608534925,2026-08-17T03:54:37.055775+00:00,6,0,True,True
608534926,2026-08-17T03:54:37.055775+00:00,4,0,True,True
608534927,2026-08-17T03:54:37.055775+00:00,0,0,True,True
608534928,2026-08-17T03:54:37.055775+00:00,9,0,True,True
608534930,2026-08-17T03:54:37.055775+00:00,6,0,True,True
608534932,2026-08-17T03:54:37.055775+00:00,3,0,True,True
608534933,2026-08-17T03:54:37.055775+00:00,6,0,True,True
608534934,2026-08-17T03:54:37.055775+00:00,6,0,False,False
608534936,2026-08-17T03:54:37.055775+00:00,3,0,True,True
608534937,2026-08-17T03:54:37.055775+00:00,5,0,True,True
608534939,2026-08-17T03:54:37.055775+00:00,7,0,True,True
608534940,2026-08-17T03:54:37.055775+00:00,6,0,True,True
608534942,2026-08-17T03:54:37.055775+00:00,20,0,True,True
608534943,2026-08-17T03:54:37.055775+00:00,4,0,True,True
608534944,2026-08-17T03:54:37.055775+00:00,0,0,True,True
608534945,2026-08-17T03:54:37.055775+00:00,2,0,True,True
608534946,2026-08-17T03:54:37.055775+00:00,11,0,True,True
608534947,2026-08-17T03:54:37.055775+00:00,11,0,True,True
608534948,2026-08-17T03:54:37.055775+00:00,3,0,True,True
608534950,2026-08-17T03:54:37.055775+00:00,2,0,True,True
608534952,2026-08-17T03:54:37.055775+00:00,1,0,True,True
608534953,2026-08-17T03:54:37.055775+00:00,0,0,True,True
608534954,2026-08-17T03:54:37.055775+00:00,0,0,True,True
608534955,2026-08-17T03:54:37.055775+00:00,1,0,True,True
608534956,2026-08-17T03:54:37.055775+00:00,0,0,True,True
608534957,2026-08-17T03:54:37.055775+00:00,3,0,True,True
608534958,2026-08-17T03:54:37.055775+00:00,1,0,True,True
608534959,2026-08-17T03:54:37.055775+00:00,1,7,True,True
608534960,2026-08-17T03:54:37.055775+00:00,4,0,True,True
608534961,2026-08-17T03:54:37.055775+00:00,2,0,True,True
608534962,2026-08-17T03:54:37.055775+00:00,6,0,True,True
608534963,2026-08-17T03:54:37.055775+00:00,12,0,True,True
608534964,2026-08-17T03:54:37.055775+00:00,6,0,True,True
608534965,2026-08-17T03:54:37.055775+00:00,0,0,True,True
608534967,2026-08-17T03:54:37.055775+00:00,2,0,True,True
608534968,2026-08-17T03:54:37.055775+00:00,17,0,True,True
608534969,2026-08-17T03:54:37.055775+00:00,2,0,True,True
608534970,2026-08-17T03:54:37.055775+00:00,4,0,True,True
608534971,2026-08-17T03:54:37.055775+00:00,4,0,True,True
608534973,2026-08-17T03:54:37.055775+00:00,5,0,True,True
608534974,2026-08-17T03:54:37.055775+00:00,16,0,True,True
608534975,2026-08-17T03:54:37.055775+00:00,1,0,True,True
608534977,2026-08-17T03:54:37.055775+00:00,1,0,True,True
608534978,2026-08-17T03:54:37.055775+00:00,1,0,True,True
608534979,2026-08-17T03:54:37.055775+00:00,3,0,True,True
608534980,2026-08-17T03:54:37.055775+00:00,0,0,True,True
608534981,2026-08-17T03:54:37.055775+00:00,0,0,True,True
608534982,2026-08-17T03:54:37.055775+00:00,1,0,True,True
608534983,2026-08-17T03:54:37.055775+00:00,2,0,True,True
608534984,2026-08-17T03:54:37.055775+00:00,3,0,True,True
608534985,2026-08-17T03:54:37.055775+00:00,4,0,True,True
608534986,2026-08-17T03:54:37.055775+00:00,0,0,True,True
608534987,2026-08-17T03:54:37.055775+00:00,2,0,True,True
608534988,2026-08-17T03:54:37.055775+00:00,1,0,True,True
608534990,2026-08-17T03:54:37.055775+00:00,4,0,True,True
608534991,2026-08-17T03:54:37.055775+00:00,1,0,True,True
608534992,2026-08-17T03:54:37.055775+00:00,1,0,True,True
608534993,2026-08-17T03:54:37.055775+00:00,3,0,True,True
608534994,2026-08-17T03:54:37.055775+00:00,1,0,True,True
608534995,2026-08-17T03:54:37.055775+00:00,9,0,True,True
608534996,2026-08-17T03:54:37.055775+00:00,0,0,True,True
608534998,2026-08-17T03:54:37.055775+00:00,0,0,True,True
608534999,2026-08-17T03:54:37.055775+00:00,5,0,True,True
608535000,2026-08-17T03:54:37.055775+00:00,1,0,True,True
608535001,2026-08-17T03:54:37.055775+00:00,7,0,True,True
608535002,2026-08-17T03:54:37.055775+00:00,2,0,True,True
608535003,2026-08-17T03:54:37.055775+00:00,0,0,True,True
608535004,2026-08-17T03:54:37.055775+00:00,1,0,True,True
608535005,2026-08-17T03:54:37.055775+00:00,13,0,True,True
608535006,2026-08-17T03:54:37.055775+00:00,7,0,True,True
608535007,2026-08-17T03:54:37.055775+00:00,1,0,True,True
608535008,2026-08-17T03:54:37.055775+00:00,2,0,True,True
608535009,2026-08-17T03:54:37.055775+00:00,10,0,True,True
608535010,2026-08-17T03:54:37.055775+00:00,0,0,True,True
608535011,2026-08-17T03:54:37.055775+00:00,0,0,True,True
608535012,2026-08-17T03:54:37.055775+00:00,12,0,True,True
608535013,2026-08-17T03:54:37.055775+00:00,0,0,True,True
608535014,2026-08-17T03:54:37.055775+00:00,11,0,True,True
608535015,2026-08-17T03:54:37.055775+00:00,1,0,True,True
608535016,2026-08-17T03:54:37.055775+00:00,1,0,True,True
608535017,2026-08-17T03:54:37.055775+00:00,10,0,True,True
608535018,2026-08-17T03:54:37.055775+00:00,1,0,True,True
608535019,2026-08-17T03:54:37.055775+00:00,5,0,True,True
608535020,2026-08-17T03:54:37.055775+00:00,1,0,True,True
608535021,2026-08-17T03:54:37.055775+00:00,0,0,True,True
608535022,2026-08-17T03:54:37.055775+00:00,4,0,True,True
608535023,2026-08-17T03:54:37.055775+00:00,7,0,True,True
608535024,2026-08-17T03:54:37.055775+00:00,5,0,True,True
608535025,2026-08-17T03:54:37.055775+00:00,2,0,True,True
608535026,2026-08-17T03:54:37.055775+00:00,3,0,True,True
608535027,2026-08-17T03:54:37.055775+00:00,8,0,True,True
608535028,2026-08-17T03:54:37.055775+00:00,8,0,True,True
608535029,2026-08-17T03:54:37.055775+00:00,6,0,True,True
608535030,2026-08-17T03:54:37.055775+00:00,0,0,True,True
608535031,2026-08-17T03:54:37.055775+00:00,13,0,True,True
608535032,2026-08-17T03:54:37.055775+00:00,5,0,True,True
608535033,2026-08-17T03:54:37.055775+00:00,6,0,True,True
608535034,2026-08-17T03:54:37.055775+00:00,6,0,True,True
608535036,2026-08-17T03:54:37.055775+00:00,7,0,True,True
608535037,2026-08-17T03:54:37.055775+00:00,8,0,True,True
608535038,2026-08-17T03:54:37.055775+00:00,3,0,True,True
608535039,2026-08-17T03:54:37.055775+00:00,6,0,True,True
608535040,2026-08-17T03:54:37.055775+00:00,2,0,True,True
608535041,2026-08-17T03:54:37.055775+00:00,3,0,True,True
608535042,2026-08-17T03:54:37.055775+00:00,10,0,True,True
608535043,2026-08-17T03:54:37.055775+00:00,5,0,True,True
608535044,2026-08-17T03:54:37.055775+00:00,0,0,True,True
608535045,2026-08-17T03:54:37.055775+00:00,9,0,True,True
608535046,2026-08-17T03:54:37.055775+00:00,6,0,True,True
608535047,2026-08-17T03:54:37.055775+00:00,5,0,True,True
608535048,2026-08-17T03:54:37.055775+00:00,16,0,True,True
608535049,2026-08-17T03:54:37.055775+00:00,9,0,True,True
608535050,2026-08-17T03:54:37.055775+00:00,10,0,True,True
608535051,2026-08-17T03:54:37.055775+00:00,12,0,True,True
608535052,2026-08-17T03:54:37.055775+00:00,7,0,True,True
608535053,2026-08-17T03:54:37.055775+00:00,3,0,True,True
608535054,2026-08-17T03:54:37.055775+00:00,5,0,True,True
608535055,2026-08-17T03:54:37.055775+00:00,6,0,True,True
608535057,2026-08-17T03:54:37.055775+00:00,13,0,True,True
608535058,2026-08-17T03:54:37.055775+00:00,10,0,True,True
608535059,2026-08-17T03:54:37.055775+00:00,17,0,True,True
608535060,2026-08-17T03:54:37.055775+00:00,14,0,True,True
608535061,2026-08-17T03:54:37.055775+00:00,4,0,True,True
608535062,2026-08-17T03:54:37.055775+00:00,2,0,True,True
608535063,2026-08-17T03:54:37.055775+00:00,6,0,True,True
608535064,2026-08-17T03:54:37.055775+00:00,7,0,True,True
608535065,2026-08-17T03:54:37.055775+00:00,5,0,True,True
608535066,2026-08-17T03:54:37.055775+00:00,12,0,True,True
608535067,2026-08-17T03:54:37.055775+00:00,23,0,True,True
608535068,2026-08-17T03:54:37.055775+00:00,4,0,True,True
608535069,2026-08-17T03:54:37.055775+00:00,6,0,True,True
608535070,2026-08-17T03:54:37.055775+00:00,0,0,True,True
608535071,2026-08-17T03:54:37.055775+00:00,3,0,True,True
608535072,2026-08-17T03:54:37.055775+00:00,3,0,True,True
608535073,2026-08-17T03:54:37.055775+00:00,0,0,True,True
608535074,2026-08-17T03:54:37.055775+00:00,8,0,True,True
608535075,2026-08-17T03:54:37.055775+00:00,3,0,True,True
608535077,2026-08-17T03:54:37.055775+00:00,1,0,True,True
608535078,2026-08-17T03:54:37.055775+00:00,5,0,True,True
608535079,2026-08-17T03:54:37.055775+00:00,5,0,True,True
608535080,2026-08-17T03:54:37.055775+00:00,5,0,True,True
608535081,2026-08-17T03:54:37.055775+00:00,27,0,True,True
608535082,2026-08-17T03:54:37.055775+00:00,6,0,True,True
608535083,2026-08-17T03:54:37.055775+00:00,4,0,True,True
608535084,2026-08-17T03:54:37.055775+00:00,5,0,True,True
608535085,2026-08-17T03:54:37.055775+00:00,7,0,True,True
608535086,2026-08-17T03:54:37.055775+00:00,7,0,True,True
608535087,2026-08-17T03:54:37.055775+00:00,0,0,True,True
608535088,2026-08-17T03:54:37.055775+00:00,2,0,True,True
608535089,2026-08-17T03:54:37.055775+00:00,1,0,True,True
608535090,2026-08-17T03:54:37.055775+00:00,3,0,True,True
608535091,2026-08-17T03:54:37.055775+00:00,0,0,True,True
608535092,2026-08-17T03:54:37.055775+00:00,6,0,True,True
608535093,2026-08-17T03:54:37.055775+00:00,1,0,True,True
608535094,2026-08-17T03:54:37.055775+00:00,11,0,True,True
608535095,2026-08-17T03:54:37.055775+00:00,5,0,True,True
608535096,2026-08-17T03:54:37.055775+00:00,4,0,True,True
608535097,2026-08-17T03:54:37.055775+00:00,3,0,True,True
608535098,2026-08-17T03:54:37.055775+00:00,8,0,True,True
608535099,2026-08-17T03:54:37.055775+00:00,15,0,True,True
608535100,2026-08-17T03:54:37.055775+00:00,5,0,True,True
608535101,2026-08-17T03:54:37.055775+00:00,6,0,True,True
608535102,2026-08-17T03:54:37.055775+00:00,1,0,True,True
608535103,2026-08-17T03:54:37.055775+00:00,12,0,True,True
608535104,2026-08-17T03:54:37.055775+00:00,1,0,True,True
608535105,2026-08-17T03:54:37.055775+00:00,10,0,True,True
608535106,2026-08-17T03:54:37.055775+00:00,2,0,True,True
608535107,2026-08-17T03:54:37.055775+00:00,4,0,True,True
608535108,2026-08-17T03:54:37.055775+00:00,8,0,True,True
608535109,2026-08-17T03:54:37.055775+00:00,9,0,True,True
608535110,2026-08-17T03:54:37.055775+00:00,11,0,True,True
608535111,2026-08-17T03:54:37.055775+00:00,2,0,True,True
608535112,2026-08-17T03:54:37.055775+00:00,6,0,True,True
608535113,2026-08-17T03:54:37.055775+00:00,4,0,True,True
608535114,2026-08-17T03:54:37.055775+00:00,1,0,True,True
608535116,2026-08-17T03:54:37.055775+00:00,3,0,True,True
608535117,2026-08-17T03:54:37.055775+00:00,11,0,True,True
608535118,2026-08-17T03:54:37.055775+00:00,4,0,True,True
608535119,2026-08-17T03:54:37.055775+00:00,0,0,True,True
608535120,2026-08-17T03:54:37.055775+00:00,6,0,True,True
608535121,2026-08-17T03:54:37.055775+00:00,1,0,True,True
608535122,2026-08-17T03:54:37.055775+00:00,4,0,True,True
608535123,2026-08-17T03:54:37.055775+00:00,0,0,True,True
608535124,2026-08-17T03:54:37.055775+00:00,1,0,True,True
608535125,2026-08-17T03:54:37.055775+00:00,0,0,True,True
608535126,2026-08-17T03:54:37.055775+00:00,9,0,True,True
608535127,2026-08-17T03:54:37.055775+00:00,0,0,True,True
608535128,2026-08-17T03:54:37.055775+00:00,1,0,True,True
608535129,2026-08-17T03:54:37.055775+00:00,6,0,True,True
608535130,2026-08-17T03:54:37.055775+00:00,3,0,True,True
608535131,2026-08-17T03:54:37.055775+00:00,8,0,True,True
608535132,2026-08-17T03:54:37.055775+00:00,0,0,True,True
608535133,2026-08-17T03:54:37.055775+00:00,3,0,True,True
608535134,2026-08-17T03:54:37.055775+00:00,2,0,True,True
608535135,2026-08-17T03:54:37.055775+00:00,3,0,True,True
608535136,2026-08-17T03:54:37.055775+00:00,2,0,True,True
608535137,2026-08-17T03:54:37.055775+00:00,0,0,True,True
608535138,2026-08-17T03:54:37.055775+00:00,4,0,True,True
608535139,2026-08-17T03:54:37.055775+00:00,4,0,True,True
608535140,2026-08-17T03:54:37.055775+00:00,3,0,True,True
608535141,2026-08-17T03:54:37.055775+00:00,6,0,True,True
608535142,2026-08-17T03:54:37.055775+00:00,6,0,True,True
608535143,2026-08-17T03:54:37.055775+00:00,0,0,True,True
608535144,2026-08-17T03:54:37.055775+00:00,9,0,True,True
608535145,2026-08-17T03:54:37.055775+00:00,23,0,True,True
608535146,2026-08-17T03:54:37.055775+00:00,5,0,True,True
608535147,2026-08-17T03:54:37.055775+00:00,6,0,True,True
608535148,2026-08-17T03:54:37.055775+00:00,3,0,True,True
608535149,2026-08-17T03:54:37.055775+00:00,3,0,True,True
608535150,2026-08-17T03:54:37.055775+00:00,11,0,True,True
608535151,2026-08-17T03:54:37.055775+00:00,0,0,True,True
608535152,2026-08-17T03:54:37.055775+00:00,2,0,True,True
608535153,2026-08-17T03:54:37.055775+00:00,3,0,True,True
608535154,2026-08-17T03:54:37.055775+00:00,0,0,True,True
608535155,2026-08-17T03:54:37.055775+00:00,0,0,True,True
608535156,2026-08-17T03:54:37.055775+00:00,2,0,True,True
608535157,2026-08-17T03:54:37.055775+00:00,3,0,True,True
608535158,2026-08-17T03:54:37.055775+00:00,4,0,True,True
608535159,2026-08-17T03:54:37.055775+00:00,0,0,True,True
608535160,2026-08-17T03:54:37.055775+00:00,1,0,True,True
608535162,2026-08-17T03:54:37.055775+00:00,1,0,True,True
608535163,2026-08-17T03:54:37.055775+00:00,4,0,True,True
608535164,2026-08-17T03:54:37.055775+00:00,3,0,True,True
608535165,2026-08-17T03:54:37.055775+00:00,2,0,True,True
608535166,2026-08-17T03:54:37.055775+00:00,5,0,True,True
608535167,2026-08-17T03:54:37.055775+00:00,3,0,True,True
608535168,2026-08-17T03:54:37.055775+00:00,5,0,True,True
608535169,2026-08-17T03:54:37.055775+00:00,10,0,True,True
608535170,2026-08-17T03:54:37.055775+00:00,4,0,True,True
608535171,2026-08-17T03:54:37.055775+00:00,3,0,True,True
608535172,2026-08-17T03:54:37.055775+00:00,8,0,True,True
608535173,2026-08-17T03:54:37.055775+00:00,8,0,True,True
608535174,2026-08-17T03:54:37.055775+00:00,0,0,True,True
608535175,2026-08-17T03:54:37.055775+00:00,2,0,True,True
608535176,2026-08-17T03:54:37.055775+00:00,2,0,True,True
608535178,2026-08-17T03:54:37.055775+00:00,8,0,True,True
608535179,2026-08-17T03:54:37.055775+00:00,7,0,True,True
608535180,2026-08-17T03:54:37.055775+00:00,2,0,True,True
608535181,2026-08-17T03:54:37.055775+00:00,4,0,True,True
608535182,2026-08-17T03:54:37.055775+00:00,7,0,True,True
608535183,2026-08-17T03:54:37.055775+00:00,3,0,True,True
608535184,2026-08-17T03:54:37.055775+00:00,4,0,True,True
608535185,2026-08-17T03:54:37.055775+00:00,4,0,True,True
608535186,2026-08-17T03:54:37.055775+00:00,9,0,True,True
608535187,2026-08-17T03:54:37.055775+00:00,1,0,True,True
608535188,2026-08-17T03:54:37.055775+00:00,11,0,True,True
608535189,2026-08-17T03:54:37.055775+00:00,1,0,True,True
608535190,2026-08-17T03:54:37.055775+00:00,8,0,True,True
608535192,2026-08-17T03:54:37.055775+00:00,13,0,True,True
608535193,2026-08-17T03:54:37.055775+00:00,9,0,True,True
608535194,2026-08-17T03:54:37.055775+00:00,3,0,True,True
608535195,2026-08-17T03:54:37.055775+00:00,2,0,True,True
608535196,2026-08-17T03:54:37.055775+00:00,4,0,True,True
608535197,2026-08-17T03:54:37.055775+00:00,2,0,True,True
608535198,2026-08-17T03:54:37.055775+00:00,2,0,True,True
608535199,2026-08-17T03:54:37.055775+00:00,7,0,True,True
608535200,2026-08-17T03:54:37.055775+00:00,0,0,True,True
608535201,2026-08-17T03:54:37.055775+00:00,3,0,True,True
608535202,2026-08-17T03:54:37.055775+00:00,2,0,True,True
608535203,2026-08-17T03:54:37.055775+00:00,11,0,True,True
608535204,2026-08-17T03:54:37.055775+00:00,4,0,True,True
608535205,2026-08-17T03:54:37.055775+00:00,8,0,True,True
608535206,2026-08-17T03:54:37.055775+00:00,6,0,True,True
608535207,2026-08-17T03:54:37.055775+00:00,4,0,True,True
608535208,2026-08-17T03:54:37.055775+00:00,6,0,True,True
608535209,2026-08-17T03:54:37.055775+00:00,2,0,True,True
608535210,2026-08-17T03:54:37.055775+00:00,11,0,True,True
608535211,2026-08-17T03:54:37.055775+00:00,5,0,True,True
608535212,2026-08-17T03:54:37.055775+00:00,3,0,True,True
608535213,2026-08-17T03:54:37.055775+00:00,12,0,True,True
608535214,2026-08-17T03:54:37.055775+00:00,6,0,True,True
608535215,2026-08-17T03:54:37.055775+00:00,4,0,True,True
608535216,2026-08-17T03:54:37.055775+00:00,8,0,True,True
608535217,2026-08-17T03:54:37.055775+00:00,8,0,True,True
608535218,2026-08-17T03:54:37.055775+00:00,8,0,True,True
608535219,2026-08-17T03:54:37.055775+00:00,4,0,True,True
608535220,2026-08-17T03:54:37.055775+00:00,4,0,True,True
608535221,2026-08-17T03:54:37.055775+00:00,3,0,True,True
608535222,2026-08-17T03:54:37.055775+00:00,7,0,True,True
608535223,2026-08-17T03:54:37.055775+00:00,11,0,True,True
608535224,2026-08-17T03:54:37.055775+00:00,3,0,True,True
608535225,2026-08-17T03:54:37.055775+00:00,5,0,True,True
608535226,2026-08-17T03:54:37.055775+00:00,0,0,True,True
608535227,2026-08-17T03:54:37.055775+00:00,4,0,True,True
608535228,2026-08-17T03:54:37.055775+00:00,10,0,True,True
608535229,2026-08-17T03:54:37.055775+00:00,12,0,True,True
608535230,2026-08-17T03:54:37.055775+00:00,4,0,True,True
608535231,2026-08-17T03:54:37.055775+00:00,3,0,True,True
608535232,2026-08-17T03:54:37.055775+00:00,3,0,True,True
608535234,2026-08-17T03:54:37.055775+00:00,13,0,True,True
608535235,2026-08-17T03:54:37.055775+00:00,8,0,True,True
608535236,2026-08-17T03:54:37.055775+00:00,5,0,True,True
608535237,2026-08-17T03:54:37.055775+00:00,5,0,True,True
608535238,2026-08-17T03:54:37.055775+00:00,3,0,True,True
608535239,2026-08-17T03:54:37.055775+00:00,6,0,True,True
608535240,2026-08-17T03:54:37.055775+00:00,1,0,True,True
608535241,2026-08-17T03:54:37.055775+00:00,1,0,True,True
608535242,2026-08-17T03:54:37.055775+00:00,7,0,True,True
608535243,2026-08-17T03:54:37.055775+00:00,7,0,True,True
608535244,2026-08-17T03:54:37.055775+00:00,3,0,True,True
608535245,2026-08-17T03:54:37.055775+00:00,11,0,True,True
608535246,2026-08-17T03:54:37.055775+00:00,5,0,True,True
608535247,2026-08-17T03:54:37.055775+00:00,4,0,True,True
608535248,2026-08-17T03:54:37.055775+00:00,3,0,True,True
608535249,2026-08-17T03:54:37.055775+00:00,9,0,True,True
608535250,2026-08-17T03:54:37.055775+00:00,5,0,True,True
608535251,2026-08-17T03:54:37.055775+00:00,8,0,True,True
608535252,2026-08-17T03:54:37.055775+00:00,1,0,True,True
608535254,2026-08-17T03:54:37.055775+00:00,4,0,True,True
608535255,2026-08-17T03:54:37.055775+00:00,1,0,True,True
613312171,2026-08-17T03:54:37.055775+00:00,5,0,True,True
613312172,2026-08-17T03:54:37.055775+00:00,0,0,True,True
613312173,2026-08-17T03:54:37.055775+00:00,2,0,True,True
613312174,2026-08-17T03:54:37.055775+00:00,0,0,True,True
613312175,2026-08-17T03:54:37.055775+00:00,1,0,True,True
613312176,2026-08-17T03:54:37.055775+00:00,11,0,True,True
613312177,2026-08-17T03:54:37.055775+00:00,4,0,True,True
613312179,2026-08-17T03:54:37.055775+00:00,5,0,True,True
613312180,2026-08-17T03:54:37.055775+00:00,10,0,True,True
613312181,2026-08-17T03:54:37.055775+00:00,16,0,True,True
613312182,2026-08-17T03:54:37.055775+00:00,3,0,True,True
613312183,2026-08-17T03:54:37.055775+00:00,4,0,True,True
613312184,2026-08-17T03:54:37.055775+00:00,4,0,True,True
613312185,2026-08-17T03:54:37.055775+00:00,4,0,True,True
613312186,2026-08-17T03:54:37.055775+00:00,4,0,True,True
613312187,2026-08-17T03:54:37.055775+00:00,3,0,True,True
613312188,2026-08-17T03:54:37.055775+00:00,1,0,True,True
613312189,2026-08-17T03:54:37.055775+00:00,3,0,True,True
613312190,2026-08-17T03:54:37.055775+00:00,1,0,True,True
613312191,2026-08-17T03:54:37.055775+00:00,3,0,True,True
613312192,2026-08-17T03:54:37.055775+00:00,3,0,True,True
613312193,2026-08-17T03:54:37.055775+00:00,0,0,True,True
613312194,2026-08-17T03:54:37.055775+00:00,4,0,True,True
613312195,2026-08-17T03:54:37.055775+00:00,2,0,True,True
613312196,2026-08-17T03:54:37.055775+00:00,6,0,True,True
613312197,2026-08-17T03:54:37.055775+00:00,3,0,True,True
613312198,2026-08-17T03:54:37.055775+00:00,8,0,True,True
613312199,2026-08-17T03:54:37.055775+00:00,4,0,True,True
613312200,2026-08-17T03:54:37.055775+00:00,10,0,True,True
613312201,2026-08-17T03:54:37.055775+00:00,1,0,True,True
613312202,2026-08-17T03:54:37.055775+00:00,10,0,True,True
613312203,2026-08-17T03:54:37.055775+00:00,2,0,True,True
613312204,2026-08-17T03:54:37.055775+00:00,7,0,True,True
613312205,2026-08-17T03:54:37.055775+00:00,11,0,True,True
613312206,2026-08-17T03:54:37.055775+00:00,7,0,True,True
613312207,2026-08-17T03:54:37.055775+00:00,1,0,True,True
613312208,2026-08-17T03:54:37.055775+00:00,0,0,True,True
613312209,2026-08-17T03:54:37.055775+00:00,7,0,True,True
613312210,2026-08-17T03:54:37.055775+00:00,6,0,True,True
613312211,2026-08-17T03:54:37.055775+00:00,7,0,True,True
613312212,2026-08-17T03:54:37.055775+00:00,4,0,True,True
613312213,2026-08-17T03:54:37.055775+00:00,0,0,True,True
613312214,2026-08-17T03:54:37.055775+00:00,4,0,True,True
613312215,2026-08-17T03:54:37.055775+00:00,6,0,True,True
613312216,2026-08-17T03:54:37.055775+00:00,5,0,True,True
613312217,2026-08-17T03:54:37.055775+00:00,1,0,True,True
613312218,2026-08-17T03:54:37.055775+00:00,6,0,True,True
613312219,2026-08-17T03:54:37.055775+00:00,1,0,True,True
613312220,2026-08-17T03:54:37.055775+00:00,3,0,True,True
613312221,2026-08-17T03:54:37.055775+00:00,11,0,True,True
613312222,2026-08-17T03:54:37.055775+00:00,7,0,True,True
613312223,2026-08-17T03:54:37.055775+00:00,2,0,True,True
613312224,2026-08-17T03:54:37.055775+00:00,6,0,True,True
613312225,2026-08-17T03:54:37.055775+00:00,17,0,True,True
613312226,2026-08-17T03:54:37.055775+00:00,4,0,True,True
613312227,2026-08-17T03:54:37.055775+00:00,5,0,True,True
613312228,2026-08-17T03:54:37.055775+00:00,4,0,True,True
613312229,2026-08-17T03:54:37.055775+00:00,9,0,True,True
613312230,2026-08-17T03:54:37.055775+00:00,1,0,True,True
613312231,2026-08-17T03:54:37.055775+00:00,3,0,True,True
613312233,2026-08-17T03:54:37.055775+00:00,2,0,True,True
613312234,2026-08-17T03:54:37.055775+00:00,4,0,True,True
613312236,2026-08-17T03:54:37.055775+00:00,3,0,True,True
613312237,2026-08-17T03:54:37.055775+00:00,13,0,True,True
613312238,2026-08-17T03:54:37.055775+00:00,3,0,True,True
613312239,2026-08-17T03:54:37.055775+00:00,1,0,True,True
613312240,2026-08-17T03:54:37.055775+00:00,7,0,True,True
613312241,2026-08-17T03:54:37.055775+00:00,2,0,True,True
613312242,2026-08-17T03:54:37.055775+00:00,3,0,True,True
613312243,2026-08-17T03:54:37.055775+00:00,2,0,True,True
613312244,2026-08-17T03:54:37.055775+00:00,8,0,True,True
613312245,2026-08-17T03:54:37.055775+00:00,0,0,True,True
613312246,2026-08-17T03:54:37.055775+00:00,7,0,True,True
613312247,2026-08-17T03:54:37.055775+00:00,6,0,True,True
613312248,2026-08-17T03:54:37.055775+00:00,5,0,True,True
613312249,2026-08-17T03:54:37.055775+00:00,2,0,True,True
613312250,2026-08-17T03:54:37.055775+00:00,10,0,True,True
613312251,2026-08-17T03:54:37.055775+00:00,7,0,True,True
613312252,2026-08-17T03:54:37.055775+00:00,5,0,True,True
613312253,2026-08-17T03:54:37.055775+00:00,2,0,True,True
613312254,2026-08-17T03:54:37.055775+00:00,8,0,True,True
613312255,2026-08-17T03:54:37.055775+00:00,3,0,True,True
613312256,2026-08-17T03:54:37.055775+00:00,10,0,True,True
613312257,2026-08-17T03:54:37.055775+00:00,6,0,True,True
613312258,2026-08-17T03:54:37.055775+00:00,9,0,True,True
613312259,2026-08-17T03:54:37.055775+00:00,7,0,True,True
613312260,2026-08-17T03:54:37.055775+00:00,0,0,True,True
613312261,2026-08-17T03:54:37.055775+00:00,0,0,True,True
613312262,2026-08-17T03:54:37.055775+00:00,0,0,True,True
613312263,2026-08-17T03:54:37.055775+00:00,2,0,True,True
613312264,2026-08-17T03:54:37.055775+00:00,6,0,True,True
613312265,2026-08-17T03:54:37.055775+00:00,6,0,True,True
613312266,2026-08-17T03:54:37.055775+00:00,7,0,True,True
613312267,2026-08-17T03:54:37.055775+00:00,5,0,True,True
613312268,2026-08-17T03:54:37.055775+00:00,10,0,True,True
613312269,2026-08-17T03:54:37.055775+00:00,13,0,True,True
613312270,2026-08-17T03:54:37.055775+00:00,11,0,True,True
613312271,2026-08-17T03:54:37.055775+00:00,1,0,True,True
613312272,2026-08-17T03:54:37.055775+00:00,4,0,True,True
613312273,2026-08-17T03:54:37.055775+00:00,7,0,True,True
613312274,2026-08-17T03:54:37.055775+00:00,9,0,True,True
613312275,2026-08-17T03:54:37.055775+00:00,14,0,True,True
613312276,2026-08-17T03:54:37.055775+00:00,2,0,True,True
613312277,2026-08-17T03:54:37.055775+00:00,4,0,True,True
613312278,2026-08-17T03:54:37.055775+00:00,5,0,True,True
613312279,2026-08-17T03:54:37.055775+00:00,14,0,True,True
613312281,2026-08-17T03:54:37.055775+00:00,3,0,True,True
613312282,2026-08-17T03:54:37.055775+00:00,2,0,True,True
613312283,2026-08-17T03:54:37.055775+00:00,2,0,True,True
613312284,2026-08-17T03:54:37.055775+00:00,7,0,True,True
613312285,2026-08-17T03:54:37.055775+00:00,3,0,True,True
613312286,2026-08-17T03:54:37.055775+00:00,3,0,True,True
613312287,2026-08-17T03:54:37.055775+00:00,6,0,True,True
613312288,2026-08-17T03:54:37.055775+00:00,5,0,True,True
613312289,2026-08-17T03:54:37.055775+00:00,8,0,True,True
613312290,2026-08-17T03:54:37.055775+00:00,11,0,True,True
613312291,2026-08-17T03:54:37.055775+00:00,3,0,True,True
613312292,2026-08-17T03:54:37.055775+00:00,4,0,True,True
613312293,2026-08-17T03:54:37.055775+00:00,11,0,True,True
613312294,2026-08-17T03:54:37.055775+00:00,11,0,True,True
613312295,2026-08-17T03:54:37.055775+00:00,16,0,True,True
613312296,2026-08-17T03:54:37.055775+00:00,8,0,True,True
613312297,2026-08-17T03:54:37.055775+00:00,4,0,True,True
613312298,2026-08-17T03:54:37.055775+00:00,5,0,True,True
613312299,2026-08-17T03:54:37.055775+00:00,6,0,True,True
613312300,2026-08-17T03:54:37.055775+00:00,16,0,True,True
613312301,2026-08-17T03:54:37.055775+00:00,9,0,True,True
613312302,2026-08-17T03:54:37.055775+00:00,4,0,True,True
613312303,2026-08-17T03:54:37.055775+00:00,9,0,True,True
613312304,2026-08-17T03:54:37.055775+00:00,9,0,True,True
613312305,2026-08-17T03:54:37.055775+00:00,22,0,True,True
613312306,2026-08-17T03:54:37.055775+00:00,12,0,True,True
613312307,2026-08-17T03:54:37.055775+00:00,8,0,True,True
613312308,2026-08-17T03:54:37.055775+00:00,5,0,True,True
613312309,2026-08-17T03:54:37.055775+00:00,9,0,True,True
613312310,2026-08-17T03:54:37.055775+00:00,6,0,True,True
613312311,2026-08-17T03:54:37.055775+00:00,16,0,True,True
613312312,2026-08-17T03:54:37.055775+00:00,18,0,True,True
613312313,2026-08-17T03:54:37.055775+00:00,5,0,True,True
613312314,2026-08-17T03:54:37.055775+00:00,8,0,True,True
613312315,2026-08-17T03:54:37.055775+00:00,9,0,True,True
613510037,2026-08-17T03:54:37.055775+00:00,3,0,True,True
624056982,2026-08-17T03:54:37.055775+00:00,5,0,True,True
624057057,2026-08-17T03:54:37.055775+00:00,3,0,True,True
631244273,2026-08-17T03:54:37.055775+00:00,0,0,True,True
631244274,2026-08-17T03:54:37.055775+00:00,4,0,True,True
631244275,2026-08-17T03:54:37.055775+00:00,0,0,True,True
631244276,2026-08-17T03:54:37.055775+00:00,14,0,True,True
631244277,2026-08-17T03:54:37.055775+00:00,3,0,True,True
631244278,2026-08-17T03:54:37.055775+00:00,0,0,True,True
631244280,2026-08-17T03:54:37.055775+00:00,7,0,True,True
631244281,2026-08-17T03:54:37.055775+00:00,8,0,True,True
631244286,2026-08-17T03:54:37.055775+00:00,2,0,True,True
631244287,2026-08-17T03:54:37.055775+00:00,6,0,True,True
631244288,2026-08-17T03:54:37.055775+00:00,6,0,True,True
631244289,2026-08-17T03:54:37.055775+00:00,2,0,True,True
631244290,2026-08-17T03:54:37.055775+00:00,2,0,True,True
631244291,2026-08-17T03:54:37.055775+00:00,2,0,True,True
631244292,2026-08-17T03:54:37.055775+00:00,2,0,True,True
631244293,2026-08-17T03:54:37.055775+00:00,2,0,True,True
631244294,2026-08-17T03:54:37.055775+00:00,3,0,True,True
631244295,2026-08-17T03:54:37.055775+00:00,3,0,True,True
631244297,2026-08-17T03:54:37.055775+00:00,7,0,True,True
631244302,2026-08-17T03:54:37.055775+00:00,4,0,True,True
631244303,2026-08-17T03:54:37.055775+00:00,5,0,True,True
631244304,2026-08-17T03:54:37.055775+00:00,4,0,True,True
631244306,2026-08-17T03:54:37.055775+00:00,2,0,True,True
631244308,2026-08-17T03:54:37.055775+00:00,15,0,True,True
631244309,2026-08-17T03:54:37.055775+00:00,11,0,True,True
631244311,2026-08-17T03:54:37.055775+00:00,8,0,True,True
631244312,2026-08-17T03:54:37.055775+00:00,1,0,True,True
631244313,2026-08-17T03:54:37.055775+00:00,1,0,True,True
631244315,2026-08-17T03:54:37.055775+00:00,10,0,True,True
631244316,2026-08-17T03:54:37.055775+00:00,1,0,True,True
637793642,2026-08-17T03:54:37.055775+00:00,14,0,True,True
637794034,2026-08-17T03:54:37.055775+00:00,2,0,True,True
608535280,2026-08-17T04:49:18.799630+00:00,5,0,True,True
608535281,2026-08-17T04:49:18.799630+00:00,5,0,True,True
608535282,2026-08-17T04:49:18.799630+00:00,6,0,True,True
608535283,2026-08-17T04:49:18.799630+00:00,3,0,True,True
608535284,2026-08-17T04:49:18.799630+00:00,4,0,True,True
608535285,2026-08-17T04:49:18.799630+00:00,3,0,True,True
608535286,2026-08-17T04:49:18.799630+00:00,4,0,True,True
608535287,2026-08-17T04:49:18.799630+00:00,5,0,True,True
608535288,2026-08-17T04:49:18.799630+00:00,3,0,True,True
608535289,2026-08-17T04:49:18.799630+00:00,4,0,True,True
608535290,2026-08-17T04:49:18.799630+00:00,6,0,True,True
608535291,2026-08-17T04:49:18.799630+00:00,8,0,True,True
608535292,2026-08-17T04:49:18.799630+00:00,2,0,True,True
608535293,2026-08-17T04:49:18.799630+00:00,7,0,True,True
608535294,2026-08-17T04:49:18.799630+00:00,5,0,True,True
608535295,2026-08-17T04:49:18.799630+00:00,6,0,True,True
608535296,2026-08-17T04:49:18.799630+00:00,3,0,True,True
608535297,2026-08-17T04:49:18.799630+00:00,8,0,True,True
608535298,2026-08-17T04:49:18.799630+00:00,6,0,True,True
608535299,2026-08-17T04:49:18.799630+00:00,6,0,True,True
608535300,2026-08-17T04:49:18.799630+00:00,8,0,True,True
608535301,2026-08-17T04:49:18.799630+00:00,8,0,True,True
608535302,2026-08-17T04:49:18.799630+00:00,6,0,True,True
608535303,2026-08-17T04:49:18.799630+00:00,5,0,True,True
608535304,2026-08-17T04:49:18.799630+00:00,5,0,True,True
608535305,2026-08-17T04:49:18.799630+00:00,8,0,True,True
608535306,2026-08-17T04:49:18.799630+00:00,2,0,True,True
608535307,2026-08-17T04:49:18.799630+00:00,6,0,True,True
608535308,2026-08-17T04:49:18.799630+00:00,6,0,True,True
608535309,2026-08-17T04:49:18.799630+00:00,3,0,True,True
608535310,2026-08-17T04:49:18.799630+00:00,6,0,True,True
608535311,2026-08-17T04:49:18.799630+00:00,5,0,True,True
608535312,2026-08-17T04:49:18.799630+00:00,4,0,True,True
608535313,2026-08-17T04:49:18.799630+00:00,0,0,True,True
608535314,2026-08-17T04:49:18.799630+00:00,5,0,True,True
608535315,2026-08-17T04:49:18.799630+00:00,6,0,True,True
608535316,2026-08-17T04:49:18.799630+00:00,8,0,True,True
608535317,2026-08-17T04:49:18.799630+00:00,6,0,True,True
608535318,2026-08-17T04:49:18.799630+00:00,10,0,True,True
608535319,2026-08-17T04:49:18.799630+00:00,5,0,True,True
608535320,2026-08-17T04:49:18.799630+00:00,6,0,True,True
608535321,2026-08-17T04:49:18.799630+00:00,3,0,True,True
608535322,2026-08-17T04:49:18.799630+00:00,12,0,True,True
608535323,2026-08-17T04:49:18.799630+00:00,4,0,True,True
608535324,2026-08-17T04:49:18.799630+00:00,2,0,True,True
608535325,2026-08-17T04:49:18.799630+00:00,6,0,True,True
608535326,2026-08-17T04:49:18.799630+00:00,5,0,True,True
608535327,2026-08-17T04:49:18.799630+00:00,9,0,True,True
608535328,2026-08-17T04:49:18.799630+00:00,10,0,True,True
608535329,2026-08-17T04:49:18.799630+00:00,5,0,True,True
608535330,2026-08-17T04:49:18.799630+00:00,7,0,True,True
608535331,2026-08-17T04:49:18.799630+00:00,1,0,True,True
608535332,2026-08-17T04:49:18.799630+00:00,11,0,True,True
608535333,2026-08-17T04:49:18.799630+00:00,5,0,True,True
608535334,2026-08-17T04:49:18.799630+00:00,4,0,True,True
608535335,2026-08-17T04:49:18.799630+00:00,4,0,True,True
608535336,2026-08-17T04:49:18.799630+00:00,8,0,True,True
608535337,2026-08-17T04:49:18.799630+00:00,3,0,True,True
608535338,2026-08-17T04:49:18.799630+00:00,1,0,True,True
608535339,2026-08-17T04:49:18.799630+00:00,7,0,True,True
608535340,2026-08-17T04:49:18.799630+00:00,7,0,True,True
608535341,2026-08-17T04:49:18.799630+00:00,6,0,True,True
608535342,2026-08-17T04:49:18.799630+00:00,0,0,True,True
608535343,2026-08-17T04:49:18.799630+00:00,5,0,True,True
608535344,2026-08-17T04:49:18.799630+00:00,5,0,True,True
608535345,2026-08-17T04:49:18.799630+00:00,8,0,True,True
608535346,2026-08-17T04:49:18.799630+00:00,2,0,True,True
608535256,2026-08-17T04:49:18.799630+00:00,5,0,True,True
608535257,2026-08-17T04:49:18.799630+00:00,6,0,True,True
608535258,2026-08-17T04:49:18.799630+00:00,4,0,True,True
608535259,2026-08-17T04:49:18.799630+00:00,1,0,True,True
608535260,2026-08-17T04:49:18.799630+00:00,13,0,True,True
608535261,2026-08-17T04:49:18.799630+00:00,3,0,True,True
608535262,2026-08-17T04:49:18.799630+00:00,9,0,True,True
608535263,2026-08-17T04:49:18.799630+00:00,3,0,True,True
608535265,2026-08-17T04:49:18.799630+00:00,0,0,True,True
608535266,2026-08-17T04:49:18.799630+00:00,4,0,True,True
608535267,2026-08-17T04:49:18.799630+00:00,4,0,True,True
608535268,2026-08-17T04:49:18.799630+00:00,2,0,True,True
608535270,2026-08-17T04:49:18.799630+00:00,9,0,True,True
608535271,2026-08-17T04:49:18.799630+00:00,2,0,True,True
608535272,2026-08-17T04:49:18.799630+00:00,2,0,True,True
608535273,2026-08-17T04:49:18.799630+00:00,0,0,True,True
608535274,2026-08-17T04:49:18.799630+00:00,5,0,True,True
608535276,2026-08-17T04:49:18.799630+00:00,7,0,True,True
608535277,2026-08-17T04:49:18.799630+00:00,2,0,True,True
608535278,2026-08-17T04:49:18.799630+00:00,12,0,True,True
608535279,2026-08-17T04:49:18.799630+00:00,5,0,True,True
608535378,2026-08-17T04:49:18.799630+00:00,6,0,True,True
608535379,2026-08-17T04:49:18.799630+00:00,7,0,True,True
608535380,2026-08-17T04:49:18.799630+00:00,10,0,True,True
608535381,2026-08-17T04:49:18.799630+00:00,1,0,True,True
608535383,2026-08-17T04:49:18.799630+00:00,6,0,True,True
608535384,2026-08-17T04:49:18.799630+00:00,4,0,True,True
608535385,2026-08-17T04:49:18.799630+00:00,2,0,True,True
608535386,2026-08-17T04:49:18.799630+00:00,16,0,True,True
608535387,2026-08-17T04:49:18.799630+00:00,4,0,True,True
608535388,2026-08-17T04:49:18.799630+00:00,7,0,True,True
608535389,2026-08-17T04:49:18.799630+00:00,3,0,True,True
608535390,2026-08-17T04:49:18.799630+00:00,6,0,True,True
608535391,2026-08-17T04:49:18.799630+00:00,1,0,True,True
608535392,2026-08-17T04:49:18.799630+00:00,7,0,True,True
608535393,2026-08-17T04:49:18.799630+00:00,9,0,True,True
608535394,2026-08-17T04:49:18.799630+00:00,6,0,True,True
608535395,2026-08-17T04:49:18.799630+00:00,13,0,True,True
608535396,2026-08-17T04:49:18.799630+00:00,2,0,True,True
608535440,2026-08-17T04:49:18.799630+00:00,0,0,True,True
608535441,2026-08-17T04:49:18.799630+00:00,0,0,True,True
608535442,2026-08-17T04:49:18.799630+00:00,1,0,True,True
608535443,2026-08-17T04:49:18.799630+00:00,4,0,True,True
608535444,2026-08-17T04:49:18.799630+00:00,14,0,True,True
608535445,2026-08-17T04:49:18.799630+00:00,28,0,True,True
608535446,2026-08-17T04:49:18.799630+00:00,0,0,True,True
608535447,2026-08-17T04:49:18.799630+00:00,2,0,True,True
608535461,2026-08-17T04:49:18.799630+00:00,2,0,True,True
608535462,2026-08-17T04:49:18.799630+00:00,0,0,True,True
608535463,2026-08-17T04:49:18.799630+00:00,1,0,True,True
608535464,2026-08-17T04:49:18.799630+00:00,10,0,True,True
608535491,2026-08-17T04:49:18.799630+00:00,2,0,True,True
608535492,2026-08-17T04:49:18.799630+00:00,1,0,True,True
608535493,2026-08-17T04:49:18.799630+00:00,12,0,True,True
608535494,2026-08-17T04:49:18.799630+00:00,3,0,True,True
608535495,2026-08-17T04:49:18.799630+00:00,1,0,True,True
608535496,2026-08-17T04:49:18.799630+00:00,6,0,True,True
608535497,2026-08-17T04:49:18.799630+00:00,7,0,True,True
608535498,2026-08-17T04:49:18.799630+00:00,11,0,True,True
608535499,2026-08-17T04:49:18.799630+00:00,3,0,True,True
608535500,2026-08-17T04:49:18.799630+00:00,4,0,True,True
608535501,2026-08-17T04:49:18.799630+00:00,0,0,True,True
608535502,2026-08-17T04:49:18.799630+00:00,2,0,True,True
608535503,2026-08-17T04:49:18.799630+00:00,8,0,True,True
608535504,2026-08-17T04:49:18.799630+00:00,2,0,True,True
608535505,2026-08-17T04:49:18.799630+00:00,0,0,True,True
637793366,2026-08-17T04:49:18.799630+00:00,0,0,True,True
608535516,2026-08-17T04:49:18.799630+00:00,4,0,True,True
608535517,2026-08-17T04:49:18.799630+00:00,2,0,True,True
608535518,2026-08-17T04:49:18.799630+00:00,3,0,True,True
608535519,2026-08-17T04:49:18.799630+00:00,6,0,True,True
608535520,2026-08-17T04:49:18.799630+00:00,9,0,True,True
608535521,2026-08-17T04:49:18.799630+00:00,8,0,True,True
608535522,2026-08-17T04:49:18.799630+00:00,9,0,True,True
608535523,2026-08-17T04:49:18.799630+00:00,5,0,True,True
608535524,2026-08-17T04:49:18.799630+00:00,5,0,True,True
608535525,2026-08-17T04:49:18.799630+00:00,3,0,True,True
608535526,2026-08-17T04:49:18.799630+00:00,1,0,True,True
608535527,2026-08-17T04:49:18.799630+00:00,5,0,True,True
608535528,2026-08-17T04:49:18.799630+00:00,11,0,True,True
608535529,2026-08-17T04:49:18.799630+00:00,7,0,True,True
608535530,2026-08-17T04:49:18.799630+00:00,3,0,True,True
608535531,2026-08-17T04:49:18.799630+00:00,5,0,True,True
608535532,2026-08-17T04:49:18.799630+00:00,4,0,True,True
608535533,2026-08-17T04:49:18.799630+00:00,3,0,True,True
608535534,2026-08-17T04:49:18.799630+00:00,3,0,True,True
608535537,2026-08-17T04:49:18.799630+00:00,3,0,True,True
608535398,2026-08-17T04:49:18.799630+00:00,6,0,True,True
608535399,2026-08-17T04:49:18.799630+00:00,1,0,True,True
608535400,2026-08-17T04:49:18.799630+00:00,4,0,True,True
608535402,2026-08-17T04:49:18.799630+00:00,7,0,True,True
608535403,2026-08-17T04:49:18.799630+00:00,4,0,True,True
608535404,2026-08-17T04:49:18.799630+00:00,5,0,True,True
608535405,2026-08-17T04:49:18.799630+00:00,1,0,True,True
608535406,2026-08-17T04:49:18.799630+00:00,7,0,True,True
608535407,2026-08-17T04:49:18.799630+00:00,6,0,True,True
608535408,2026-08-17T04:49:18.799630+00:00,5,0,True,True
608535409,2026-08-17T04:49:18.799630+00:00,5,0,True,True
608535410,2026-08-17T04:49:18.799630+00:00,6,0,True,True
608535411,2026-08-17T04:49:18.799630+00:00,5,0,True,True
608535412,2026-08-17T04:49:18.799630+00:00,8,0,True,True
608535413,2026-08-17T04:49:18.799630+00:00,7,0,True,True
608535414,2026-08-17T04:49:18.799630+00:00,7,0,True,True
608535415,2026-08-17T04:49:18.799630+00:00,0,0,True,True
608535416,2026-08-17T04:49:18.799630+00:00,8,0,True,True
608535417,2026-08-17T04:49:18.799630+00:00,11,0,True,True
608535418,2026-08-17T04:49:18.799630+00:00,9,0,True,True
608535419,2026-08-17T04:49:18.799630+00:00,9,0,True,True
608535420,2026-08-17T04:49:18.799630+00:00,10,0,True,True
608535421,2026-08-17T04:49:18.799630+00:00,3,0,True,True
608535422,2026-08-17T04:49:18.799630+00:00,6,0,True,True
608535423,2026-08-17T04:49:18.799630+00:00,7,0,True,True
608535424,2026-08-17T04:49:18.799630+00:00,7,0,True,True
608535425,2026-08-17T04:49:18.799630+00:00,2,0,True,True
608535426,2026-08-17T04:49:18.799630+00:00,3,0,True,True
608535427,2026-08-17T04:49:18.799630+00:00,2,0,True,True
608535428,2026-08-17T04:49:18.799630+00:00,13,0,True,True
608535429,2026-08-17T04:49:18.799630+00:00,5,0,True,True
608535430,2026-08-17T04:49:18.799630+00:00,0,0,True,True
608535431,2026-08-17T04:49:18.799630+00:00,2,0,True,True
608535438,2026-08-17T04:49:18.799630+00:00,1,0,True,True
608535439,2026-08-17T04:49:18.799630+00:00,6,0,True,True
608535432,2026-08-17T04:49:18.799630+00:00,3,0,True,True
608535433,2026-08-17T04:49:18.799630+00:00,3,0,True,True
608535434,2026-08-17T04:49:18.799630+00:00,3,0,True,True
608535435,2026-08-17T04:49:18.799630+00:00,0,0,True,True
608535436,2026-08-17T04:49:18.799630+00:00,3,0,True,True
608535437,2026-08-17T04:49:18.799630+00:00,6,0,True,True
608535448,2026-08-17T04:49:18.799630+00:00,3,0,True,True
608535449,2026-08-17T04:49:18.799630+00:00,6,0,True,True
608535450,2026-08-17T04:49:18.799630+00:00,4,0,True,True
608535451,2026-08-17T04:49:18.799630+00:00,3,0,True,True
608535483,2026-08-17T04:49:18.799630+00:00,0,0,True,True
608535484,2026-08-17T04:49:18.799630+00:00,3,0,True,True
608535485,2026-08-17T04:49:18.799630+00:00,4,0,True,True
608535486,2026-08-17T04:49:18.799630+00:00,1,0,True,True
608535487,2026-08-17T04:49:18.799630+00:00,10,0,True,True
608535488,2026-08-17T04:49:18.799630+00:00,5,0,True,True
608535489,2026-08-17T04:49:18.799630+00:00,4,0,True,True
608535490,2026-08-17T04:49:18.799630+00:00,14,0,True,True
608535452,2026-08-17T04:49:18.799630+00:00,6,0,True,True
608535453,2026-08-17T04:49:18.799630+00:00,2,0,True,True
608535454,2026-08-17T04:49:18.799630+00:00,4,0,True,True
608535455,2026-08-17T04:49:18.799630+00:00,4,0,True,True
608535456,2026-08-17T04:49:18.799630+00:00,4,0,True,True
608535457,2026-08-17T04:49:18.799630+00:00,6,0,True,True
608535458,2026-08-17T04:49:18.799630+00:00,19,0,True,True
608535459,2026-08-17T04:49:18.799630+00:00,11,0,True,True
608535460,2026-08-17T04:49:18.799630+00:00,2,0,True,True
608535465,2026-08-17T04:49:18.799630+00:00,1,0,True,True
608535466,2026-08-17T04:49:18.799630+00:00,1,0,True,True
608535467,2026-08-17T04:49:18.799630+00:00,2,0,True,True
608535468,2026-08-17T04:49:18.799630+00:00,6,0,True,True
608535469,2026-08-17T04:49:18.799630+00:00,7,0,True,True
608535470,2026-08-17T04:49:18.799630+00:00,0,0,True,True
608535471,2026-08-17T04:49:18.799630+00:00,2,0,True,True
608535473,2026-08-17T04:49:18.799630+00:00,2,0,True,True
608535474,2026-08-17T04:49:18.799630+00:00,6,0,True,True
608535475,2026-08-17T04:49:18.799630+00:00,1,0,True,True
608535476,2026-08-17T04:49:18.799630+00:00,9,0,True,True
608535477,2026-08-17T04:49:18.799630+00:00,4,0,True,True
608535478,2026-08-17T04:49:18.799630+00:00,0,0,True,True
608535479,2026-08-17T04:49:18.799630+00:00,2,0,True,True
608535480,2026-08-17T04:49:18.799630+00:00,1,0,True,True
608535481,2026-08-17T04:49:18.799630+00:00,4,0,True,True
608535482,2026-08-17T04:49:18.799630+00:00,4,0,True,True
608535507,2026-08-17T04:49:18.799630+00:00,2,0,True,True
608535508,2026-08-17T04:49:18.799630+00:00,4,0,True,True
608535509,2026-08-17T04:49:18.799630+00:00,4,0,True,True
608535510,2026-08-17T04:49:18.799630+00:00,2,0,True,True
608535511,2026-08-17T04:49:18.799630+00:00,0,0,True,True
608535512,2026-08-17T04:49:18.799630+00:00,4,0,True,True
608535513,2026-08-17T04:49:18.799630+00:00,4,0,True,True
608535514,2026-08-17T04:49:18.799630+00:00,4,0,True,True
608535515,2026-08-17T04:49:18.799630+00:00,8,0,True,True
608535347,2026-08-17T04:49:18.799630+00:00,2,0,True,True
608535348,2026-08-17T04:49:18.799630+00:00,10,0,True,True
608535349,2026-08-17T04:49:18.799630+00:00,7,0,True,True
608535350,2026-08-17T04:49:18.799630+00:00,2,0,True,True
608535351,2026-08-17T04:49:18.799630+00:00,5,0,True,True
608535352,2026-08-17T04:49:18.799630+00:00,1,0,True,True
608535353,2026-08-17T04:49:18.799630+00:00,4,0,True,True
608535354,2026-08-17T04:49:18.799630+00:00,8,0,True,True
608535538,2026-08-17T04:49:18.799630+00:00,6,0,True,True
608535539,2026-08-17T04:49:18.799630+00:00,8,0,True,True
608535540,2026-08-17T04:49:18.799630+00:00,3,0,True,True
608535355,2026-08-17T04:49:18.799630+00:00,6,0,True,True
608535356,2026-08-17T04:49:18.799630+00:00,7,0,True,True
608535357,2026-08-17T04:49:18.799630+00:00,5,0,True,True
608535358,2026-08-17T04:49:18.799630+00:00,5,0,True,True
608535359,2026-08-17T04:49:18.799630+00:00,2,0,True,True
608535360,2026-08-17T04:49:18.799630+00:00,2,0,True,True
608535361,2026-08-17T04:49:18.799630+00:00,3,0,True,True
608535362,2026-08-17T04:49:18.799630+00:00,1,0,True,True
608535363,2026-08-17T04:49:18.799630+00:00,1,0,True,True
608535364,2026-08-17T04:49:18.799630+00:00,5,0,True,True
608535365,2026-08-17T04:49:18.799630+00:00,2,0,True,True
608535366,2026-08-17T04:49:18.799630+00:00,2,0,True,True
608535367,2026-08-17T04:49:18.799630+00:00,5,0,True,True
608535368,2026-08-17T04:49:18.799630+00:00,2,0,True,True
608535369,2026-08-17T04:49:18.799630+00:00,1,0,True,True
608535370,2026-08-17T04:49:18.799630+00:00,2,0,True,True
608535371,2026-08-17T04:49:18.799630+00:00,2,0,True,True
608535372,2026-08-17T04:49:18.799630+00:00,7,0,True,True
608535373,2026-08-17T04:49:18.799630+00:00,9,0,True,True
608535375,2026-08-17T04:49:18.799630+00:00,2,0,True,True
608535376,2026-08-17T04:49:18.799630+00:00,11,0,True,True
606857330,2026-08-17T04:49:18.799630+00:00,3,0,True,True
608534898,2026-08-17T04:49:18.799630+00:00,1,0,True,True
608534899,2026-08-17T04:49:18.799630+00:00,0,0,True,True
608534900,2026-08-17T04:49:18.799630+00:00,6,0,True,True
608534901,2026-08-17T04:49:18.799630+00:00,2,0,True,True
608534902,2026-08-17T04:49:18.799630+00:00,6,0,True,True
608534903,2026-08-17T04:49:18.799630+00:00,7,0,True,True
608534904,2026-08-17T04:49:18.799630+00:00,2,0,True,True
608534905,2026-08-17T04:49:18.799630+00:00,1,0,True,True
608534906,2026-08-17T04:49:18.799630+00:00,0,6,True,True
608534907,2026-08-17T04:49:18.799630+00:00,15,0,True,True
608534908,2026-08-17T04:49:18.799630+00:00,1,0,True,True
608534909,2026-08-17T04:49:18.799630+00:00,13,0,True,True
608534910,2026-08-17T04:49:18.799630+00:00,5,0,True,True
608534912,2026-08-17T04:49:18.799630+00:00,1,0,True,True
608534913,2026-08-17T04:49:18.799630+00:00,1,0,True,True
608534914,2026-08-17T04:49:18.799630+00:00,0,0,True,True
608534915,2026-08-17T04:49:18.799630+00:00,9,0,True,True
608534916,2026-08-17T04:49:18.799630+00:00,8,0,True,True
608534917,2026-08-17T04:49:18.799630+00:00,5,0,True,True
608534918,2026-08-17T04:49:18.799630+00:00,11,0,True,True
608534919,2026-08-17T04:49:18.799630+00:00,1,0,True,True
608534920,2026-08-17T04:49:18.799630+00:00,2,0,True,True
608534921,2026-08-17T04:49:18.799630+00:00,2,0,True,True
608534922,2026-08-17T04:49:18.799630+00:00,4,0,True,True
608534923,2026-08-17T04:49:18.799630+00:00,12,0,True,True
608534924,2026-08-17T04:49:18.799630+00:00,4,0,True,True
608534925,2026-08-17T04:49:18.799630+00:00,5,0,True,True
608534926,2026-08-17T04:49:18.799630+00:00,4,0,True,True
608534927,2026-08-17T04:49:18.799630+00:00,1,0,True,True
608534928,2026-08-17T04:49:18.799630+00:00,10,0,True,True
608534930,2026-08-17T04:49:18.799630+00:00,6,0,True,True
608534932,2026-08-17T04:49:18.799630+00:00,3,0,True,True
608534933,2026-08-17T04:49:18.799630+00:00,6,0,True,True
608534934,2026-08-17T04:49:18.799630+00:00,6,0,False,False
608534936,2026-08-17T04:49:18.799630+00:00,3,0,True,True
608534937,2026-08-17T04:49:18.799630+00:00,5,0,True,True
608534939,2026-08-17T04:49:18.799630+00:00,7,0,True,True
608534940,2026-08-17T04:49:18.799630+00:00,6,0,True,True
608534942,2026-08-17T04:49:18.799630+00:00,19,0,True,True
608534943,2026-08-17T04:49:18.799630+00:00,4,0,True,True
608534944,2026-08-17T04:49:18.799630+00:00,0,0,True,True
608534945,2026-08-17T04:49:18.799630+00:00,2,0,True,True
608534946,2026-08-17T04:49:18.799630+00:00,11,0,True,True
608534947,2026-08-17T04:49:18.799630+00:00,12,0,True,True
608534948,2026-08-17T04:49:18.799630+00:00,3,0,True,True
608534950,2026-08-17T04:49:18.799630+00:00,2,0,True,True
608534952,2026-08-17T04:49:18.799630+00:00,0,0,True,True
608534953,2026-08-17T04:49:18.799630+00:00,0,0,True,True
608534954,2026-08-17T04:49:18.799630+00:00,0,0,True,True
608534955,2026-08-17T04:49:18.799630+00:00,0,0,True,True
608534956,2026-08-17T04:49:18.799630+00:00,0,0,True,True
608534957,2026-08-17T04:49:18.799630+00:00,3,0,True,True
608534958,2026-08-17T04:49:18.799630+00:00,1,0,True,True
608534959,2026-08-17T04:49:18.799630+00:00,1,7,True,True
608534960,2026-08-17T04:49:18.799630+00:00,4,0,True,True
608534961,2026-08-17T04:49:18.799630+00:00,2,0,True,True
608534962,2026-08-17T04:49:18.799630+00:00,6,0,True,True
608534963,2026-08-17T04:49:18.799630+00:00,12,0,True,True
608534964,2026-08-17T04:49:18.799630+00:00,6,0,True,True
608534965,2026-08-17T04:49:18.799630+00:00,0,0,True,True
608534967,2026-08-17T04:49:18.799630+00:00,2,0,True,True
608534968,2026-08-17T04:49:18.799630+00:00,17,0,True,True
608534969,2026-08-17T04:49:18.799630+00:00,1,0,True,True
608534970,2026-08-17T04:49:18.799630+00:00,4,0,True,True
608534971,2026-08-17T04:49:18.799630+00:00,4,0,True,True
608534973,2026-08-17T04:49:18.799630+00:00,5,0,True,True
608534974,2026-08-17T04:49:18.799630+00:00,16,0,True,True
608534975,2026-08-17T04:49:18.799630+00:00,1,0,True,True
608534977,2026-08-17T04:49:18.799630+00:00,1,0,True,True
608534978,2026-08-17T04:49:18.799630+00:00,3,0,True,True
608534979,2026-08-17T04:49:18.799630+00:00,3,0,True,True
608534980,2026-08-17T04:49:18.799630+00:00,0,0,True,True
608534981,2026-08-17T04:49:18.799630+00:00,0,0,True,True
608534982,2026-08-17T04:49:18.799630+00:00,1,0,True,True
608534983,2026-08-17T04:49:18.799630+00:00,2,0,True,True
608534984,2026-08-17T04:49:18.799630+00:00,3,0,True,True
608534985,2026-08-17T04:49:18.799630+00:00,3,0,True,True
608534986,2026-08-17T04:49:18.799630+00:00,0,0,True,True
608534987,2026-08-17T04:49:18.799630+00:00,2,0,True,True
608534988,2026-08-17T04:49:18.799630+00:00,1,0,True,True
608534990,2026-08-17T04:49:18.799630+00:00,5,0,True,True
608534991,2026-08-17T04:49:18.799630+00:00,1,0,True,True
608534992,2026-08-17T04:49:18.799630+00:00,1,0,True,True
608534993,2026-08-17T04:49:18.799630+00:00,3,0,True,True
608534994,2026-08-17T04:49:18.799630+00:00,0,0,True,True
608534995,2026-08-17T04:49:18.799630+00:00,9,0,True,True
608534996,2026-08-17T04:49:18.799630+00:00,0,0,True,True
608534998,2026-08-17T04:49:18.799630+00:00,0,0,True,True
608534999,2026-08-17T04:49:18.799630+00:00,4,0,True,True
608535000,2026-08-17T04:49:18.799630+00:00,1,0,True,True
608535001,2026-08-17T04:49:18.799630+00:00,7,0,True,True
608535002,2026-08-17T04:49:18.799630+00:00,2,0,True,True
608535003,2026-08-17T04:49:18.799630+00:00,0,0,True,True
608535004,2026-08-17T04:49:18.799630+00:00,1,0,True,True
608535005,2026-08-17T04:49:18.799630+00:00,13,0,True,True
608535006,2026-08-17T04:49:18.799630+00:00,6,0,True,True
608535007,2026-08-17T04:49:18.799630+00:00,1,0,True,True
608535008,2026-08-17T04:49:18.799630+00:00,2,0,True,True
608535009,2026-08-17T04:49:18.799630+00:00,11,0,True,True
608535010,2026-08-17T04:49:18.799630+00:00,0,0,True,True
608535011,2026-08-17T04:49:18.799630+00:00,0,0,True,True
608535012,2026-08-17T04:49:18.799630+00:00,13,0,True,True
608535013,2026-08-17T04:49:18.799630+00:00,0,0,True,True
608535014,2026-08-17T04:49:18.799630+00:00,11,0,True,True
608535015,2026-08-17T04:49:18.799630+00:00,1,0,True,True
608535016,2026-08-17T04:49:18.799630+00:00,1,0,True,True
608535017,2026-08-17T04:49:18.799630+00:00,10,0,True,True
608535018,2026-08-17T04:49:18.799630+00:00,1,0,True,True
608535019,2026-08-17T04:49:18.799630+00:00,5,0,True,True
608535020,2026-08-17T04:49:18.799630+00:00,1,0,True,True
608535021,2026-08-17T04:49:18.799630+00:00,0,0,True,True
608535022,2026-08-17T04:49:18.799630+00:00,4,0,True,True
608535023,2026-08-17T04:49:18.799630+00:00,7,0,True,True
608535024,2026-08-17T04:49:18.799630+00:00,5,0,True,True
608535025,2026-08-17T04:49:18.799630+00:00,2,0,True,True
608535026,2026-08-17T04:49:18.799630+00:00,3,0,True,True
608535027,2026-08-17T04:49:18.799630+00:00,8,0,True,True
608535028,2026-08-17T04:49:18.799630+00:00,8,0,True,True
608535029,2026-08-17T04:49:18.799630+00:00,6,0,True,True
608535030,2026-08-17T04:49:18.799630+00:00,0,0,True,True
608535031,2026-08-17T04:49:18.799630+00:00,13,0,True,True
608535032,2026-08-17T04:49:18.799630+00:00,5,0,True,True
608535033,2026-08-17T04:49:18.799630+00:00,6,0,True,True
608535034,2026-08-17T04:49:18.799630+00:00,5,0,True,True
608535036,2026-08-17T04:49:18.799630+00:00,7,0,True,True
608535037,2026-08-17T04:49:18.799630+00:00,8,0,True,True
608535038,2026-08-17T04:49:18.799630+00:00,3,0,True,True
608535039,2026-08-17T04:49:18.799630+00:00,6,0,True,True
608535040,2026-08-17T04:49:18.799630+00:00,2,0,True,True
608535041,2026-08-17T04:49:18.799630+00:00,3,0,True,True
608535042,2026-08-17T04:49:18.799630+00:00,10,0,True,True
608535043,2026-08-17T04:49:18.799630+00:00,5,0,True,True
608535044,2026-08-17T04:49:18.799630+00:00,0,0,True,True
608535045,2026-08-17T04:49:18.799630+00:00,9,0,True,True
608535046,2026-08-17T04:49:18.799630+00:00,6,0,True,True
608535047,2026-08-17T04:49:18.799630+00:00,5,0,True,True
608535048,2026-08-17T04:49:18.799630+00:00,16,0,True,True
608535049,2026-08-17T04:49:18.799630+00:00,9,0,True,True
608535050,2026-08-17T04:49:18.799630+00:00,10,0,True,True
608535051,2026-08-17T04:49:18.799630+00:00,12,0,True,True
608535052,2026-08-17T04:49:18.799630+00:00,7,0,True,True
608535053,2026-08-17T04:49:18.799630+00:00,3,0,True,True
608535054,2026-08-17T04:49:18.799630+00:00,5,0,True,True
608535055,2026-08-17T04:49:18.799630+00:00,6,0,True,True
608535057,2026-08-17T04:49:18.799630+00:00,13,0,True,True
608535058,2026-08-17T04:49:18.799630+00:00,10,0,True,True
608535059,2026-08-17T04:49:18.799630+00:00,17,0,True,True
608535060,2026-08-17T04:49:18.799630+00:00,14,0,True,True
608535061,2026-08-17T04:49:18.799630+00:00,4,0,True,True
608535062,2026-08-17T04:49:18.799630+00:00,2,0,True,True
608535063,2026-08-17T04:49:18.799630+00:00,6,0,True,True
608535064,2026-08-17T04:49:18.799630+00:00,7,0,True,True
608535065,2026-08-17T04:49:18.799630+00:00,4,0,True,True
608535066,2026-08-17T04:49:18.799630+00:00,13,0,True,True
608535067,2026-08-17T04:49:18.799630+00:00,23,0,True,True
608535068,2026-08-17T04:49:18.799630+00:00,4,0,True,True
608535069,2026-08-17T04:49:18.799630+00:00,6,0,True,True
608535070,2026-08-17T04:49:18.799630+00:00,0,0,True,True
608535071,2026-08-17T04:49:18.799630+00:00,4,0,True,True
608535072,2026-08-17T04:49:18.799630+00:00,2,0,True,True
608535073,2026-08-17T04:49:18.799630+00:00,0,0,True,True
608535074,2026-08-17T04:49:18.799630+00:00,8,0,True,True
608535075,2026-08-17T04:49:18.799630+00:00,4,0,True,True
608535077,2026-08-17T04:49:18.799630+00:00,1,0,True,True
608535078,2026-08-17T04:49:18.799630+00:00,5,0,True,True
608535079,2026-08-17T04:49:18.799630+00:00,5,0,True,True
608535080,2026-08-17T04:49:18.799630+00:00,4,0,True,True
608535081,2026-08-17T04:49:18.799630+00:00,26,0,True,True
608535082,2026-08-17T04:49:18.799630+00:00,6,0,True,True
608535083,2026-08-17T04:49:18.799630+00:00,4,0,True,True
608535084,2026-08-17T04:49:18.799630+00:00,5,0,True,True
608535085,2026-08-17T04:49:18.799630+00:00,7,0,True,True
608535086,2026-08-17T04:49:18.799630+00:00,7,0,True,True
608535087,2026-08-17T04:49:18.799630+00:00,0,0,True,True
608535088,2026-08-17T04:49:18.799630+00:00,2,0,True,True
608535089,2026-08-17T04:49:18.799630+00:00,1,0,True,True
608535090,2026-08-17T04:49:18.799630+00:00,3,0,True,True
608535091,2026-08-17T04:49:18.799630+00:00,0,0,True,True
608535092,2026-08-17T04:49:18.799630+00:00,6,0,True,True
608535093,2026-08-17T04:49:18.799630+00:00,1,0,True,True
608535094,2026-08-17T04:49:18.799630+00:00,11,0,True,True
608535095,2026-08-17T04:49:18.799630+00:00,4,0,True,True
608535096,2026-08-17T04:49:18.799630+00:00,4,0,True,True
608535097,2026-08-17T04:49:18.799630+00:00,3,0,True,True
608535098,2026-08-17T04:49:18.799630+00:00,8,0,True,True
608535099,2026-08-17T04:49:18.799630+00:00,15,0,True,True
608535100,2026-08-17T04:49:18.799630+00:00,5,0,True,True
608535101,2026-08-17T04:49:18.799630+00:00,6,0,True,True
608535102,2026-08-17T04:49:18.799630+00:00,1,0,True,True
608535103,2026-08-17T04:49:18.799630+00:00,12,0,True,True
608535104,2026-08-17T04:49:18.799630+00:00,1,0,True,True
608535105,2026-08-17T04:49:18.799630+00:00,10,0,True,True
608535106,2026-08-17T04:49:18.799630+00:00,2,0,True,True
608535107,2026-08-17T04:49:18.799630+00:00,4,0,True,True
608535108,2026-08-17T04:49:18.799630+00:00,8,0,True,True
608535109,2026-08-17T04:49:18.799630+00:00,9,0,True,True
608535110,2026-08-17T04:49:18.799630+00:00,11,0,True,True
608535111,2026-08-17T04:49:18.799630+00:00,2,0,True,True
608535112,2026-08-17T04:49:18.799630+00:00,4,0,True,True
608535113,2026-08-17T04:49:18.799630+00:00,4,0,True,True
608535114,2026-08-17T04:49:18.799630+00:00,1,0,True,True
608535116,2026-08-17T04:49:18.799630+00:00,3,0,True,True
608535117,2026-08-17T04:49:18.799630+00:00,11,0,True,True
608535118,2026-08-17T04:49:18.799630+00:00,4,0,True,True
608535119,2026-08-17T04:49:18.799630+00:00,0,0,True,True
608535120,2026-08-17T04:49:18.799630+00:00,6,0,True,True
608535121,2026-08-17T04:49:18.799630+00:00,0,0,True,True
608535122,2026-08-17T04:49:18.799630+00:00,4,0,True,True
608535123,2026-08-17T04:49:18.799630+00:00,0,0,True,True
608535124,2026-08-17T04:49:18.799630+00:00,1,0,True,True
608535125,2026-08-17T04:49:18.799630+00:00,0,0,True,True
608535126,2026-08-17T04:49:18.799630+00:00,9,0,True,True
608535127,2026-08-17T04:49:18.799630+00:00,0,0,True,True
608535128,2026-08-17T04:49:18.799630+00:00,1,0,True,True
608535129,2026-08-17T04:49:18.799630+00:00,6,0,True,True
608535130,2026-08-17T04:49:18.799630+00:00,3,0,True,True
608535131,2026-08-17T04:49:18.799630+00:00,7,0,True,True
608535132,2026-08-17T04:49:18.799630+00:00,0,0,True,True
608535133,2026-08-17T04:49:18.799630+00:00,3,0,True,True
608535134,2026-08-17T04:49:18.799630+00:00,2,0,True,True
608535135,2026-08-17T04:49:18.799630+00:00,3,0,True,True
608535136,2026-08-17T04:49:18.799630+00:00,2,0,True,True
608535137,2026-08-17T04:49:18.799630+00:00,0,0,True,True
608535138,2026-08-17T04:49:18.799630+00:00,4,0,True,True
608535139,2026-08-17T04:49:18.799630+00:00,4,0,True,True
608535140,2026-08-17T04:49:18.799630+00:00,3,0,True,True
608535141,2026-08-17T04:49:18.799630+00:00,6,0,True,True
608535142,2026-08-17T04:49:18.799630+00:00,6,0,True,True
608535143,2026-08-17T04:49:18.799630+00:00,0,0,True,True
608535144,2026-08-17T04:49:18.799630+00:00,9,0,True,True
608535145,2026-08-17T04:49:18.799630+00:00,23,0,True,True
608535146,2026-08-17T04:49:18.799630+00:00,5,0,True,True
608535147,2026-08-17T04:49:18.799630+00:00,6,0,True,True
608535148,2026-08-17T04:49:18.799630+00:00,3,0,True,True
608535149,2026-08-17T04:49:18.799630+00:00,3,0,True,True
608535150,2026-08-17T04:49:18.799630+00:00,11,0,True,True
608535151,2026-08-17T04:49:18.799630+00:00,1,0,True,True
608535152,2026-08-17T04:49:18.799630+00:00,2,0,True,True
608535153,2026-08-17T04:49:18.799630+00:00,3,0,True,True
608535154,2026-08-17T04:49:18.799630+00:00,0,0,True,True
608535155,2026-08-17T04:49:18.799630+00:00,0,0,True,True
608535156,2026-08-17T04:49:18.799630+00:00,1,0,True,True
608535157,2026-08-17T04:49:18.799630+00:00,3,0,True,True
608535158,2026-08-17T04:49:18.799630+00:00,3,0,True,True
608535159,2026-08-17T04:49:18.799630+00:00,0,0,True,True
608535160,2026-08-17T04:49:18.799630+00:00,1,0,True,True
608535162,2026-08-17T04:49:18.799630+00:00,1,0,True,True
608535163,2026-08-17T04:49:18.799630+00:00,4,0,True,True
608535164,2026-08-17T04:49:18.799630+00:00,3,0,True,True
608535165,2026-08-17T04:49:18.799630+00:00,2,0,True,True
608535166,2026-08-17T04:49:18.799630+00:00,5,0,True,True
608535167,2026-08-17T04:49:18.799630+00:00,3,0,True,True
608535168,2026-08-17T04:49:18.799630+00:00,5,0,True,True
608535169,2026-08-17T04:49:18.799630+00:00,10,0,True,True
608535170,2026-08-17T04:49:18.799630+00:00,4,0,True,True
608535171,2026-08-17T04:49:18.799630+00:00,3,0,True,True
608535172,2026-08-17T04:49:18.799630+00:00,8,0,True,True
608535173,2026-08-17T04:49:18.799630+00:00,8,0,True,True
608535174,2026-08-17T04:49:18.799630+00:00,0,0,True,True
608535175,2026-08-17T04:49:18.799630+00:00,2,0,True,True
608535176,2026-08-17T04:49:18.799630+00:00,2,0,True,True
608535178,2026-08-17T04:49:18.799630+00:00,8,0,True,True
608535179,2026-08-17T04:49:18.799630+00:00,7,0,True,True
608535180,2026-08-17T04:49:18.799630+00:00,2,0,True,True
608535181,2026-08-17T04:49:18.799630+00:00,4,0,True,True
608535182,2026-08-17T04:49:18.799630+00:00,6,0,True,True
608535183,2026-08-17T04:49:18.799630+00:00,2,0,True,True
608535184,2026-08-17T04:49:18.799630+00:00,4,0,True,True
608535185,2026-08-17T04:49:18.799630+00:00,4,0,True,True
608535186,2026-08-17T04:49:18.799630+00:00,9,0,True,True
608535187,2026-08-17T04:49:18.799630+00:00,1,0,True,True
608535188,2026-08-17T04:49:18.799630+00:00,10,0,True,True
608535189,2026-08-17T04:49:18.799630+00:00,1,0,True,True
608535190,2026-08-17T04:49:18.799630+00:00,8,0,True,True
608535192,2026-08-17T04:49:18.799630+00:00,13,0,True,True
608535193,2026-08-17T04:49:18.799630+00:00,9,0,True,True
608535194,2026-08-17T04:49:18.799630+00:00,3,0,True,True
608535195,2026-08-17T04:49:18.799630+00:00,3,0,True,True
608535196,2026-08-17T04:49:18.799630+00:00,4,0,True,True
608535197,2026-08-17T04:49:18.799630+00:00,1,0,True,True
608535198,2026-08-17T04:49:18.799630+00:00,2,0,True,True
608535199,2026-08-17T04:49:18.799630+00:00,7,0,True,True
608535200,2026-08-17T04:49:18.799630+00:00,0,0,True,True
608535201,2026-08-17T04:49:18.799630+00:00,3,0,True,True
608535202,2026-08-17T04:49:18.799630+00:00,2,0,True,True
608535203,2026-08-17T04:49:18.799630+00:00,11,0,True,True
608535204,2026-08-17T04:49:18.799630+00:00,4,0,True,True
608535205,2026-08-17T04:49:18.799630+00:00,8,0,True,True
608535206,2026-08-17T04:49:18.799630+00:00,6,0,True,True
608535207,2026-08-17T04:49:18.799630+00:00,4,0,True,True
608535208,2026-08-17T04:49:18.799630+00:00,5,0,True,True
608535209,2026-08-17T04:49:18.799630+00:00,2,0,True,True
608535210,2026-08-17T04:49:18.799630+00:00,12,0,True,True
608535211,2026-08-17T04:49:18.799630+00:00,4,0,True,True
608535212,2026-08-17T04:49:18.799630+00:00,3,0,True,True
608535213,2026-08-17T04:49:18.799630+00:00,12,0,True,True
608535214,2026-08-17T04:49:18.799630+00:00,6,0,True,True
608535215,2026-08-17T04:49:18.799630+00:00,3,0,True,True
608535216,2026-08-17T04:49:18.799630+00:00,8,0,True,True
608535217,2026-08-17T04:49:18.799630+00:00,8,0,True,True
608535218,2026-08-17T04:49:18.799630+00:00,8,0,True,True
608535219,2026-08-17T04:49:18.799630+00:00,4,0,True,True
608535220,2026-08-17T04:49:18.799630+00:00,4,0,True,True
608535221,2026-08-17T04:49:18.799630+00:00,2,0,True,True
608535222,2026-08-17T04:49:18.799630+00:00,6,0,True,True
608535223,2026-08-17T04:49:18.799630+00:00,10,0,True,True
608535224,2026-08-17T04:49:18.799630+00:00,3,0,True,True
608535225,2026-08-17T04:49:18.799630+00:00,5,0,True,True
608535226,2026-08-17T04:49:18.799630+00:00,0,0,True,True
608535227,2026-08-17T04:49:18.799630+00:00,4,0,True,True
608535228,2026-08-17T04:49:18.799630+00:00,10,0,True,True
608535229,2026-08-17T04:49:18.799630+00:00,12,0,True,True
608535230,2026-08-17T04:49:18.799630+00:00,4,0,True,True
608535231,2026-08-17T04:49:18.799630+00:00,3,0,True,True
608535232,2026-08-17T04:49:18.799630+00:00,3,0,True,True
608535234,2026-08-17T04:49:18.799630+00:00,13,0,True,True
608535235,2026-08-17T04:49:18.799630+00:00,8,0,True,True
608535236,2026-08-17T04:49:18.799630+00:00,5,0,True,True
608535237,2026-08-17T04:49:18.799630+00:00,5,0,True,True
608535238,2026-08-17T04:49:18.799630+00:00,3,0,True,True
608535239,2026-08-17T04:49:18.799630+00:00,6,0,True,True
608535240,2026-08-17T04:49:18.799630+00:00,1,0,True,True
608535241,2026-08-17T04:49:18.799630+00:00,1,0,True,True
608535242,2026-08-17T04:49:18.799630+00:00,8,0,True,True
608535243,2026-08-17T04:49:18.799630+00:00,7,0,True,True
608535244,2026-08-17T04:49:18.799630+00:00,3,0,True,True
608535245,2026-08-17T04:49:18.799630+00:00,11,0,True,True
608535246,2026-08-17T04:49:18.799630+00:00,4,0,True,True
608535247,2026-08-17T04:49:18.799630+00:00,4,0,True,True
608535248,2026-08-17T04:49:18.799630+00:00,3,0,True,True
608535249,2026-08-17T04:49:18.799630+00:00,9,0,True,True
608535250,2026-08-17T04:49:18.799630+00:00,5,0,True,True
608535251,2026-08-17T04:49:18.799630+00:00,8,0,True,True
608535252,2026-08-17T04:49:18.799630+00:00,1,0,True,True
608535254,2026-08-17T04:49:18.799630+00:00,4,0,True,True
608535255,2026-08-17T04:49:18.799630+00:00,3,0,True,True
613312171,2026-08-17T04:49:18.799630+00:00,5,0,True,True
613312172,2026-08-17T04:49:18.799630+00:00,0,0,True,True
613312173,2026-08-17T04:49:18.799630+00:00,2,0,True,True
613312174,2026-08-17T04:49:18.799630+00:00,0,0,True,True
613312175,2026-08-17T04:49:18.799630+00:00,1,0,True,True
613312176,2026-08-17T04:49:18.799630+00:00,11,0,True,True
613312177,2026-08-17T04:49:18.799630+00:00,4,0,True,True
613312179,2026-08-17T04:49:18.799630+00:00,5,0,True,True
613312180,2026-08-17T04:49:18.799630+00:00,9,0,True,True
613312181,2026-08-17T04:49:18.799630+00:00,16,0,True,True
613312182,2026-08-17T04:49:18.799630+00:00,3,0,True,True
613312183,2026-08-17T04:49:18.799630+00:00,4,0,True,True
613312184,2026-08-17T04:49:18.799630+00:00,4,0,True,True
613312185,2026-08-17T04:49:18.799630+00:00,3,0,True,True
613312186,2026-08-17T04:49:18.799630+00:00,4,0,True,True
613312187,2026-08-17T04:49:18.799630+00:00,3,0,True,True
613312188,2026-08-17T04:49:18.799630+00:00,1,0,True,True
613312189,2026-08-17T04:49:18.799630+00:00,2,0,True,True
613312190,2026-08-17T04:49:18.799630+00:00,1,0,True,True
613312191,2026-08-17T04:49:18.799630+00:00,3,0,True,True
613312192,2026-08-17T04:49:18.799630+00:00,3,0,True,True
613312193,2026-08-17T04:49:18.799630+00:00,0,0,True,True
613312194,2026-08-17T04:49:18.799630+00:00,4,0,True,True
613312195,2026-08-17T04:49:18.799630+00:00,2,0,True,True
613312196,2026-08-17T04:49:18.799630+00:00,6,0,True,True
613312197,2026-08-17T04:49:18.799630+00:00,2,0,True,True
613312198,2026-08-17T04:49:18.799630+00:00,8,0,True,True
613312199,2026-08-17T04:49:18.799630+00:00,4,0,True,True
613312200,2026-08-17T04:49:18.799630+00:00,9,0,True,True
613312201,2026-08-17T04:49:18.799630+00:00,1,0,True,True
613312202,2026-08-17T04:49:18.799630+00:00,10,0,True,True
613312203,2026-08-17T04:49:18.799630+00:00,2,0,True,True
613312204,2026-08-17T04:49:18.799630+00:00,7,0,True,True
613312205,2026-08-17T04:49:18.799630+00:00,11,0,True,True
613312206,2026-08-17T04:49:18.799630+00:00,7,0,True,True
613312207,2026-08-17T04:49:18.799630+00:00,1,0,True,True
613312208,2026-08-17T04:49:18.799630+00:00,1,0,True,True
613312209,2026-08-17T04:49:18.799630+00:00,7,0,True,True
613312210,2026-08-17T04:49:18.799630+00:00,6,0,True,True
613312211,2026-08-17T04:49:18.799630+00:00,7,0,True,True
613312212,2026-08-17T04:49:18.799630+00:00,4,0,True,True
613312213,2026-08-17T04:49:18.799630+00:00,1,0,True,True
613312214,2026-08-17T04:49:18.799630+00:00,4,0,True,True
613312215,2026-08-17T04:49:18.799630+00:00,6,0,True,True
613312216,2026-08-17T04:49:18.799630+00:00,5,0,True,True
613312217,2026-08-17T04:49:18.799630+00:00,1,0,True,True
613312218,2026-08-17T04:49:18.799630+00:00,6,0,True,True
613312219,2026-08-17T04:49:18.799630+00:00,1,0,True,True
613312220,2026-08-17T04:49:18.799630+00:00,3,0,True,True
613312221,2026-08-17T04:49:18.799630+00:00,11,0,True,True
613312222,2026-08-17T04:49:18.799630+00:00,7,0,True,True
613312223,2026-08-17T04:49:18.799630+00:00,2,0,True,True
613312224,2026-08-17T04:49:18.799630+00:00,6,0,True,True
613312225,2026-08-17T04:49:18.799630+00:00,17,0,True,True
613312226,2026-08-17T04:49:18.799630+00:00,4,0,True,True
613312227,2026-08-17T04:49:18.799630+00:00,5,0,True,True
613312228,2026-08-17T04:49:18.799630+00:00,4,0,True,True
613312229,2026-08-17T04:49:18.799630+00:00,9,0,True,True
613312230,2026-08-17T04:49:18.799630+00:00,1,0,True,True
613312231,2026-08-17T04:49:18.799630+00:00,3,0,True,True
613312233,2026-08-17T04:49:18.799630+00:00,2,0,True,True
613312234,2026-08-17T04:49:18.799630+00:00,4,0,True,True
613312236,2026-08-17T04:49:18.799630+00:00,3,0,True,True
613312237,2026-08-17T04:49:18.799630+00:00,13,0,True,True
613312238,2026-08-17T04:49:18.799630+00:00,3,0,True,True
613312239,2026-08-17T04:49:18.799630+00:00,1,0,True,True
613312240,2026-08-17T04:49:18.799630+00:00,7,0,True,True
613312241,2026-08-17T04:49:18.799630+00:00,2,0,True,True
613312242,2026-08-17T04:49:18.799630+00:00,3,0,True,True
613312243,2026-08-17T04:49:18.799630+00:00,2,0,True,True
613312244,2026-08-17T04:49:18.799630+00:00,7,0,True,True
613312245,2026-08-17T04:49:18.799630+00:00,0,0,True,True
613312246,2026-08-17T04:49:18.799630+00:00,7,0,True,True
613312247,2026-08-17T04:49:18.799630+00:00,6,0,True,True
613312248,2026-08-17T04:49:18.799630+00:00,5,0,True,True
613312249,2026-08-17T04:49:18.799630+00:00,2,0,True,True
613312250,2026-08-17T04:49:18.799630+00:00,10,0,True,True
613312251,2026-08-17T04:49:18.799630+00:00,7,0,True,True
613312252,2026-08-17T04:49:18.799630+00:00,5,0,True,True
613312253,2026-08-17T04:49:18.799630+00:00,2,0,True,True
613312254,2026-08-17T04:49:18.799630+00:00,8,0,True,True
613312255,2026-08-17T04:49:18.799630+00:00,3,0,True,True
613312256,2026-08-17T04:49:18.799630+00:00,10,0,True,True
613312257,2026-08-17T04:49:18.799630+00:00,6,0,True,True
613312258,2026-08-17T04:49:18.799630+00:00,7,0,True,True
613312259,2026-08-17T04:49:18.799630+00:00,7,0,True,True
613312260,2026-08-17T04:49:18.799630+00:00,0,0,True,True
613312261,2026-08-17T04:49:18.799630+00:00,0,0,True,True
613312262,2026-08-17T04:49:18.799630+00:00,0,0,True,True
613312263,2026-08-17T04:49:18.799630+00:00,2,0,True,True
613312264,2026-08-17T04:49:18.799630+00:00,6,0,True,True
613312265,2026-08-17T04:49:18.799630+00:00,6,0,True,True
613312266,2026-08-17T04:49:18.799630+00:00,6,0,True,True
613312267,2026-08-17T04:49:18.799630+00:00,5,0,True,True
613312268,2026-08-17T04:49:18.799630+00:00,10,0,True,True
613312269,2026-08-17T04:49:18.799630+00:00,13,0,True,True
613312270,2026-08-17T04:49:18.799630+00:00,11,0,True,True
613312271,2026-08-17T04:49:18.799630+00:00,1,0,True,True
613312272,2026-08-17T04:49:18.799630+00:00,4,0,True,True
613312273,2026-08-17T04:49:18.799630+00:00,8,0,True,True
613312274,2026-08-17T04:49:18.799630+00:00,9,0,True,True
613312275,2026-08-17T04:49:18.799630+00:00,14,0,True,True
613312276,2026-08-17T04:49:18.799630+00:00,1,0,True,True
613312277,2026-08-17T04:49:18.799630+00:00,3,0,True,True
613312278,2026-08-17T04:49:18.799630+00:00,5,0,True,True
613312279,2026-08-17T04:49:18.799630+00:00,14,0,True,True
613312281,2026-08-17T04:49:18.799630+00:00,3,0,True,True
613312282,2026-08-17T04:49:18.799630+00:00,1,0,True,True
613312283,2026-08-17T04:49:18.799630+00:00,3,0,True,True
613312284,2026-08-17T04:49:18.799630+00:00,7,0,True,True
613312285,2026-08-17T04:49:18.799630+00:00,3,0,True,True
613312286,2026-08-17T04:49:18.799630+00:00,3,0,True,True
613312287,2026-08-17T04:49:18.799630+00:00,6,0,True,True
613312288,2026-08-17T04:49:18.799630+00:00,5,0,True,True
613312289,2026-08-17T04:49:18.799630+00:00,8,0,True,True
613312290,2026-08-17T04:49:18.799630+00:00,11,0,True,True
613312291,2026-08-17T04:49:18.799630+00:00,3,0,True,True
613312292,2026-08-17T04:49:18.799630+00:00,4,0,True,True
613312293,2026-08-17T04:49:18.799630+00:00,11,0,True,True
613312294,2026-08-17T04:49:18.799630+00:00,11,0,True,True
613312295,2026-08-17T04:49:18.799630+00:00,16,0,True,True
613312296,2026-08-17T04:49:18.799630+00:00,7,0,True,True
613312297,2026-08-17T04:49:18.799630+00:00,4,0,True,True
613312298,2026-08-17T04:49:18.799630+00:00,5,0,True,True
613312299,2026-08-17T04:49:18.799630+00:00,6,0,True,True
613312300,2026-08-17T04:49:18.799630+00:00,16,0,True,True
613312301,2026-08-17T04:49:18.799630+00:00,9,0,True,True
613312302,2026-08-17T04:49:18.799630+00:00,4,0,True,True
613312303,2026-08-17T04:49:18.799630+00:00,9,0,True,True
613312304,2026-08-17T04:49:18.799630+00:00,9,0,True,True
613312305,2026-08-17T04:49:18.799630+00:00,22,0,True,True
613312306,2026-08-17T04:49:18.799630+00:00,12,0,True,True
613312307,2026-08-17T04:49:18.799630+00:00,8,0,True,True
613312308,2026-08-17T04:49:18.799630+00:00,5,0,True,True
613312309,2026-08-17T04:49:18.799630+00:00,9,0,True,True
613312310,2026-08-17T04:49:18.799630+00:00,6,0,True,True
613312311,2026-08-17T04:49:18.799630+00:00,16,0,True,True
613312312,2026-08-17T04:49:18.799630+00:00,18,0,True,True
613312313,2026-08-17T04:49:18.799630+00:00,5,0,True,True
613312314,2026-08-17T04:49:18.799630+00:00,8,0,True,True
613312315,2026-08-17T04:49:18.799630+00:00,9,0,True,True
613510037,2026-08-17T04:49:18.799630+00:00,3,0,True,True
624056982,2026-08-17T04:49:18.799630+00:00,5,0,True,True
624057057,2026-08-17T04:49:18.799630+00:00,3,0,True,True
631244273,2026-08-17T04:49:18.799630+00:00,0,0,True,True
631244274,2026-08-17T04:49:18.799630+00:00,4,0,True,True
631244275,2026-08-17T04:49:18.799630+00:00,0,0,True,True
631244276,2026-08-17T04:49:18.799630+00:00,14,0,True,True
631244277,2026-08-17T04:49:18.799630+00:00,3,0,True,True
631244278,2026-08-17T04:49:18.799630+00:00,0,0,True,True
631244280,2026-08-17T04:49:18.799630+00:00,7,0,True,True
631244281,2026-08-17T04:49:18.799630+00:00,8,0,True,True
631244286,2026-08-17T04:49:18.799630+00:00,2,0,True,True
631244287,2026-08-17T04:49:18.799630+00:00,6,0,True,True
631244288,2026-08-17T04:49:18.799630+00:00,6,0,True,True
631244289,2026-08-17T04:49:18.799630+00:00,2,0,True,True
631244290,2026-08-17T04:49:18.799630+00:00,2,0,True,True
631244291,2026-08-17T04:49:18.799630+00:00,2,0,True,True
631244292,2026-08-17T04:49:18.799630+00:00,2,0,True,True
631244293,2026-08-17T04:49:18.799630+00:00,1,0,True,True
631244294,2026-08-17T04:49:18.799630+00:00,3,0,True,True
631244295,2026-08-17T04:49:18.799630+00:00,3,0,True,True
631244297,2026-08-17T04:49:18.799630+00:00,7,0,True,True
631244302,2026-08-17T04:49:18.799630+00:00,4,0,True,True
631244303,2026-08-17T04:49:18.799630+00:00,5,0,True,True
631244304,2026-08-17T04:49:18.799630+00:00,4,0,True,True
631244306,2026-08-17T04:49:18.799630+00:00,2,0,True,True
631244308,2026-08-17T04:49:18.799630+00:00,15,0,True,True
631244309,2026-08-17T04:49:18.799630+00:00,11,0,True,True
631244311,2026-08-17T04:49:18.799630+00:00,8,0,True,True
631244312,2026-08-17T04:49:18.799630+00:00,1,0,True,True
631244313,2026-08-17T04:49:18.799630+00:00,1,0,True,True
631244315,2026-08-17T04:49:18.799630+00:00,10,0,True,True
631244316,2026-08-17T04:49:18.799630+00:00,1,0,True,True
637793642,2026-08-17T04:49:18.799630+00:00,14,0,True,True
637794034,2026-08-17T04:49:18.799630+00:00,2,0,True,True
608535280,2026-08-17T05:38:42.236232+00:00,6,0,True,True
608535281,2026-08-17T05:38:42.236232+00:00,5,0,True,True
608535282,2026-08-17T05:38:42.236232+00:00,6,0,True,True
608535283,2026-08-17T05:38:42.236232+00:00,3,0,True,True
608535284,2026-08-17T05:38:42.236232+00:00,4,0,True,True
608535285,2026-08-17T05:38:42.236232+00:00,2,0,True,True
608535286,2026-08-17T05:38:42.236232+00:00,4,0,True,True
608535287,2026-08-17T05:38:42.236232+00:00,5,0,True,True
608535288,2026-08-17T05:38:42.236232+00:00,3,0,True,True
608535289,2026-08-17T05:38:42.236232+00:00,4,0,True,True
608535290,2026-08-17T05:38:42.236232+00:00,6,0,True,True
608535291,2026-08-17T05:38:42.236232+00:00,8,0,True,True
608535292,2026-08-17T05:38:42.236232+00:00,2,0,True,True
608535293,2026-08-17T05:38:42.236232+00:00,7,0,True,True
608535294,2026-08-17T05:38:42.236232+00:00,5,0,True,True
608535295,2026-08-17T05:38:42.236232+00:00,6,0,True,True
608535296,2026-08-17T05:38:42.236232+00:00,3,0,True,True
608535297,2026-08-17T05:38:42.236232+00:00,8,0,True,True
608535298,2026-08-17T05:38:42.236232+00:00,6,0,True,True
608535299,2026-08-17T05:38:42.236232+00:00,6,0,True,True
608535300,2026-08-17T05:38:42.236232+00:00,8,0,True,True
608535301,2026-08-17T05:38:42.236232+00:00,8,0,True,True
608535302,2026-08-17T05:38:42.236232+00:00,6,0,True,True
608535303,2026-08-17T05:38:42.236232+00:00,5,0,True,True
608535304,2026-08-17T05:38:42.236232+00:00,5,0,True,True
608535305,2026-08-17T05:38:42.236232+00:00,8,0,True,True
608535306,2026-08-17T05:38:42.236232+00:00,2,0,True,True
608535307,2026-08-17T05:38:42.236232+00:00,6,0,True,True
608535308,2026-08-17T05:38:42.236232+00:00,6,0,True,True
608535309,2026-08-17T05:38:42.236232+00:00,3,0,True,True
608535310,2026-08-17T05:38:42.236232+00:00,6,0,True,True
608535311,2026-08-17T05:38:42.236232+00:00,5,0,True,True
608535312,2026-08-17T05:38:42.236232+00:00,4,0,True,True
608535313,2026-08-17T05:38:42.236232+00:00,0,0,True,True
608535314,2026-08-17T05:38:42.236232+00:00,5,0,True,True
608535315,2026-08-17T05:38:42.236232+00:00,7,0,True,True
608535316,2026-08-17T05:38:42.236232+00:00,8,0,True,True
608535317,2026-08-17T05:38:42.236232+00:00,6,0,True,True
608535318,2026-08-17T05:38:42.236232+00:00,10,0,True,True
608535319,2026-08-17T05:38:42.236232+00:00,5,0,True,True
608535320,2026-08-17T05:38:42.236232+00:00,6,0,True,True
608535321,2026-08-17T05:38:42.236232+00:00,3,0,True,True
608535322,2026-08-17T05:38:42.236232+00:00,12,0,True,True
608535323,2026-08-17T05:38:42.236232+00:00,4,0,True,True
608535324,2026-08-17T05:38:42.236232+00:00,2,0,True,True
608535325,2026-08-17T05:38:42.236232+00:00,6,0,True,True
608535326,2026-08-17T05:38:42.236232+00:00,5,0,True,True
608535327,2026-08-17T05:38:42.236232+00:00,9,0,True,True
608535328,2026-08-17T05:38:42.236232+00:00,10,0,True,True
608535329,2026-08-17T05:38:42.236232+00:00,5,0,True,True
608535330,2026-08-17T05:38:42.236232+00:00,7,0,True,True
608535331,2026-08-17T05:38:42.236232+00:00,1,0,True,True
608535332,2026-08-17T05:38:42.236232+00:00,11,0,True,True
608535333,2026-08-17T05:38:42.236232+00:00,5,0,True,True
608535334,2026-08-17T05:38:42.236232+00:00,4,0,True,True
608535335,2026-08-17T05:38:42.236232+00:00,4,0,True,True
608535336,2026-08-17T05:38:42.236232+00:00,8,0,True,True
608535337,2026-08-17T05:38:42.236232+00:00,3,0,True,True
608535338,2026-08-17T05:38:42.236232+00:00,1,0,True,True
608535339,2026-08-17T05:38:42.236232+00:00,7,0,True,True
608535340,2026-08-17T05:38:42.236232+00:00,7,0,True,True
608535341,2026-08-17T05:38:42.236232+00:00,6,0,True,True
608535342,2026-08-17T05:38:42.236232+00:00,0,0,True,True
608535343,2026-08-17T05:38:42.236232+00:00,6,0,True,True
608535344,2026-08-17T05:38:42.236232+00:00,5,0,True,True
608535345,2026-08-17T05:38:42.236232+00:00,8,0,True,True
608535346,2026-08-17T05:38:42.236232+00:00,2,0,True,True
608535256,2026-08-17T05:38:42.236232+00:00,5,0,True,True
608535257,2026-08-17T05:38:42.236232+00:00,6,0,True,True
608535258,2026-08-17T05:38:42.236232+00:00,4,0,True,True
608535259,2026-08-17T05:38:42.236232+00:00,1,0,True,True
608535260,2026-08-17T05:38:42.236232+00:00,13,0,True,True
608535261,2026-08-17T05:38:42.236232+00:00,3,0,True,True
608535262,2026-08-17T05:38:42.236232+00:00,9,0,True,True
608535263,2026-08-17T05:38:42.236232+00:00,3,0,True,True
608535265,2026-08-17T05:38:42.236232+00:00,0,0,True,True
608535266,2026-08-17T05:38:42.236232+00:00,4,0,True,True
608535267,2026-08-17T05:38:42.236232+00:00,4,0,True,True
608535268,2026-08-17T05:38:42.236232+00:00,2,0,True,True
608535270,2026-08-17T05:38:42.236232+00:00,9,0,True,True
608535271,2026-08-17T05:38:42.236232+00:00,2,0,True,True
608535272,2026-08-17T05:38:42.236232+00:00,2,0,True,True
608535273,2026-08-17T05:38:42.236232+00:00,0,0,True,True
608535274,2026-08-17T05:38:42.236232+00:00,5,0,True,True
608535276,2026-08-17T05:38:42.236232+00:00,7,0,True,True
608535277,2026-08-17T05:38:42.236232+00:00,2,0,True,True
608535278,2026-08-17T05:38:42.236232+00:00,12,0,True,True
608535279,2026-08-17T05:38:42.236232+00:00,5,0,True,True
608535378,2026-08-17T05:38:42.236232+00:00,6,0,True,True
608535379,2026-08-17T05:38:42.236232+00:00,7,0,True,True
608535380,2026-08-17T05:38:42.236232+00:00,10,0,True,True
608535381,2026-08-17T05:38:42.236232+00:00,1,0,True,True
608535383,2026-08-17T05:38:42.236232+00:00,6,0,True,True
608535384,2026-08-17T05:38:42.236232+00:00,4,0,True,True
608535385,2026-08-17T05:38:42.236232+00:00,2,0,True,True
608535386,2026-08-17T05:38:42.236232+00:00,16,0,True,True
608535387,2026-08-17T05:38:42.236232+00:00,4,0,True,True
608535388,2026-08-17T05:38:42.236232+00:00,7,0,True,True
608535389,2026-08-17T05:38:42.236232+00:00,3,0,True,True
608535390,2026-08-17T05:38:42.236232+00:00,6,0,True,True
608535391,2026-08-17T05:38:42.236232+00:00,2,0,True,True
608535392,2026-08-17T05:38:42.236232+00:00,7,0,True,True
608535393,2026-08-17T05:38:42.236232+00:00,9,0,True,True
608535394,2026-08-17T05:38:42.236232+00:00,6,0,True,True
608535395,2026-08-17T05:38:42.236232+00:00,13,0,True,True
608535396,2026-08-17T05:38:42.236232+00:00,2,0,True,True
608535440,2026-08-17T05:38:42.236232+00:00,0,0,True,True
608535441,2026-08-17T05:38:42.236232+00:00,0,0,True,True
608535442,2026-08-17T05:38:42.236232+00:00,1,0,True,True
608535443,2026-08-17T05:38:42.236232+00:00,4,0,True,True
608535444,2026-08-17T05:38:42.236232+00:00,14,0,True,True
608535445,2026-08-17T05:38:42.236232+00:00,28,0,True,True
608535446,2026-08-17T05:38:42.236232+00:00,0,0,True,True
608535447,2026-08-17T05:38:42.236232+00:00,2,0,True,True
608535461,2026-08-17T05:38:42.236232+00:00,2,0,True,True
608535462,2026-08-17T05:38:42.236232+00:00,0,0,True,True
608535463,2026-08-17T05:38:42.236232+00:00,1,0,True,True
608535464,2026-08-17T05:38:42.236232+00:00,10,0,True,True
608535491,2026-08-17T05:38:42.236232+00:00,2,0,True,True
608535492,2026-08-17T05:38:42.236232+00:00,1,0,True,True
608535493,2026-08-17T05:38:42.236232+00:00,12,0,True,True
608535494,2026-08-17T05:38:42.236232+00:00,3,0,True,True
608535495,2026-08-17T05:38:42.236232+00:00,1,0,True,True
608535496,2026-08-17T05:38:42.236232+00:00,6,0,True,True
608535497,2026-08-17T05:38:42.236232+00:00,7,0,True,True
608535498,2026-08-17T05:38:42.236232+00:00,11,0,True,True
608535499,2026-08-17T05:38:42.236232+00:00,3,0,True,True
608535500,2026-08-17T05:38:42.236232+00:00,4,0,True,True
608535501,2026-08-17T05:38:42.236232+00:00,0,0,True,True
608535502,2026-08-17T05:38:42.236232+00:00,3,0,True,True
608535503,2026-08-17T05:38:42.236232+00:00,6,0,True,True
608535504,2026-08-17T05:38:42.236232+00:00,2,0,True,True
608535505,2026-08-17T05:38:42.236232+00:00,0,0,True,True
637793366,2026-08-17T05:38:42.236232+00:00,0,0,True,True
608535516,2026-08-17T05:38:42.236232+00:00,4,0,True,True
608535517,2026-08-17T05:38:42.236232+00:00,1,0,True,True
608535518,2026-08-17T05:38:42.236232+00:00,3,0,True,True
608535519,2026-08-17T05:38:42.236232+00:00,5,0,True,True
608535520,2026-08-17T05:38:42.236232+00:00,9,0,True,True
608535521,2026-08-17T05:38:42.236232+00:00,8,0,True,True
608535522,2026-08-17T05:38:42.236232+00:00,9,0,True,True
608535523,2026-08-17T05:38:42.236232+00:00,5,0,True,True
608535524,2026-08-17T05:38:42.236232+00:00,5,0,True,True
608535525,2026-08-17T05:38:42.236232+00:00,3,0,True,True
608535526,2026-08-17T05:38:42.236232+00:00,1,0,True,True
608535527,2026-08-17T05:38:42.236232+00:00,5,0,True,True
608535528,2026-08-17T05:38:42.236232+00:00,11,0,True,True
608535529,2026-08-17T05:38:42.236232+00:00,7,0,True,True
608535530,2026-08-17T05:38:42.236232+00:00,3,0,True,True
608535531,2026-08-17T05:38:42.236232+00:00,5,0,True,True
608535532,2026-08-17T05:38:42.236232+00:00,5,0,True,True
608535533,2026-08-17T05:38:42.236232+00:00,3,0,True,True
608535534,2026-08-17T05:38:42.236232+00:00,3,0,True,True
608535537,2026-08-17T05:38:42.236232+00:00,3,0,True,True
608535398,2026-08-17T05:38:42.236232+00:00,6,0,True,True
608535399,2026-08-17T05:38:42.236232+00:00,1,0,True,True
608535400,2026-08-17T05:38:42.236232+00:00,4,0,True,True
608535402,2026-08-17T05:38:42.236232+00:00,7,0,True,True
608535403,2026-08-17T05:38:42.236232+00:00,4,0,True,True
608535404,2026-08-17T05:38:42.236232+00:00,5,0,True,True
608535405,2026-08-17T05:38:42.236232+00:00,2,0,True,True
608535406,2026-08-17T05:38:42.236232+00:00,7,0,True,True
608535407,2026-08-17T05:38:42.236232+00:00,6,0,True,True
608535408,2026-08-17T05:38:42.236232+00:00,5,0,True,True
608535409,2026-08-17T05:38:42.236232+00:00,5,0,True,True
608535410,2026-08-17T05:38:42.236232+00:00,6,0,True,True
608535411,2026-08-17T05:38:42.236232+00:00,5,0,True,True
608535412,2026-08-17T05:38:42.236232+00:00,8,0,True,True
608535413,2026-08-17T05:38:42.236232+00:00,6,0,True,True
608535414,2026-08-17T05:38:42.236232+00:00,7,0,True,True
608535415,2026-08-17T05:38:42.236232+00:00,0,0,True,True
608535416,2026-08-17T05:38:42.236232+00:00,8,0,True,True
608535417,2026-08-17T05:38:42.236232+00:00,11,0,True,True
608535418,2026-08-17T05:38:42.236232+00:00,9,0,True,True
608535419,2026-08-17T05:38:42.236232+00:00,9,0,True,True
608535420,2026-08-17T05:38:42.236232+00:00,10,0,True,True
608535421,2026-08-17T05:38:42.236232+00:00,2,0,True,True
608535422,2026-08-17T05:38:42.236232+00:00,6,0,True,True
608535423,2026-08-17T05:38:42.236232+00:00,7,0,True,True
608535424,2026-08-17T05:38:42.236232+00:00,7,0,True,True
608535425,2026-08-17T05:38:42.236232+00:00,2,0,True,True
608535426,2026-08-17T05:38:42.236232+00:00,3,0,True,True
608535427,2026-08-17T05:38:42.236232+00:00,3,0,True,True
608535428,2026-08-17T05:38:42.236232+00:00,13,0,True,True
608535429,2026-08-17T05:38:42.236232+00:00,5,0,True,True
608535430,2026-08-17T05:38:42.236232+00:00,0,0,True,True
608535431,2026-08-17T05:38:42.236232+00:00,3,0,True,True
608535438,2026-08-17T05:38:42.236232+00:00,1,0,True,True
608535439,2026-08-17T05:38:42.236232+00:00,6,0,True,True
608535432,2026-08-17T05:38:42.236232+00:00,3,0,True,True
608535433,2026-08-17T05:38:42.236232+00:00,3,0,True,True
608535434,2026-08-17T05:38:42.236232+00:00,3,0,True,True
608535435,2026-08-17T05:38:42.236232+00:00,0,0,True,True
608535436,2026-08-17T05:38:42.236232+00:00,3,0,True,True
608535437,2026-08-17T05:38:42.236232+00:00,6,0,True,True
608535448,2026-08-17T05:38:42.236232+00:00,3,0,True,True
608535449,2026-08-17T05:38:42.236232+00:00,6,0,True,True
608535450,2026-08-17T05:38:42.236232+00:00,4,0,True,True
608535451,2026-08-17T05:38:42.236232+00:00,3,0,True,True
608535483,2026-08-17T05:38:42.236232+00:00,0,0,True,True
608535484,2026-08-17T05:38:42.236232+00:00,3,0,True,True
608535485,2026-08-17T05:38:42.236232+00:00,4,0,True,True
608535486,2026-08-17T05:38:42.236232+00:00,1,0,True,True
608535487,2026-08-17T05:38:42.236232+00:00,10,0,True,True
608535488,2026-08-17T05:38:42.236232+00:00,5,0,True,True
608535489,2026-08-17T05:38:42.236232+00:00,3,0,True,True
608535490,2026-08-17T05:38:42.236232+00:00,14,0,True,True
608535452,2026-08-17T05:38:42.236232+00:00,6,0,True,True
608535453,2026-08-17T05:38:42.236232+00:00,2,0,True,True
608535454,2026-08-17T05:38:42.236232+00:00,4,0,True,True
608535455,2026-08-17T05:38:42.236232+00:00,4,0,True,True
608535456,2026-08-17T05:38:42.236232+00:00,4,0,True,True
608535457,2026-08-17T05:38:42.236232+00:00,6,0,True,True
608535458,2026-08-17T05:38:42.236232+00:00,18,0,True,True
608535459,2026-08-17T05:38:42.236232+00:00,9,0,True,True
608535460,2026-08-17T05:38:42.236232+00:00,5,0,True,True
608535465,2026-08-17T05:38:42.236232+00:00,1,0,True,True
608535466,2026-08-17T05:38:42.236232+00:00,1,0,True,True
608535467,2026-08-17T05:38:42.236232+00:00,2,0,True,True
608535468,2026-08-17T05:38:42.236232+00:00,6,0,True,True
608535469,2026-08-17T05:38:42.236232+00:00,7,0,True,True
608535470,2026-08-17T05:38:42.236232+00:00,0,0,True,True
608535471,2026-08-17T05:38:42.236232+00:00,2,0,True,True
608535473,2026-08-17T05:38:42.236232+00:00,2,0,True,True
608535474,2026-08-17T05:38:42.236232+00:00,6,0,True,True
608535475,2026-08-17T05:38:42.236232+00:00,1,0,True,True
608535476,2026-08-17T05:38:42.236232+00:00,9,0,True,True
608535477,2026-08-17T05:38:42.236232+00:00,4,0,True,True
608535478,2026-08-17T05:38:42.236232+00:00,0,0,True,True
608535479,2026-08-17T05:38:42.236232+00:00,2,0,True,True
608535480,2026-08-17T05:38:42.236232+00:00,1,0,True,True
608535481,2026-08-17T05:38:42.236232+00:00,4,0,True,True
608535482,2026-08-17T05:38:42.236232+00:00,4,0,True,True
608535507,2026-08-17T05:38:42.236232+00:00,2,0,True,True
608535508,2026-08-17T05:38:42.236232+00:00,4,0,True,True
608535509,2026-08-17T05:38:42.236232+00:00,4,0,True,True
608535510,2026-08-17T05:38:42.236232+00:00,2,0,True,True
608535511,2026-08-17T05:38:42.236232+00:00,0,0,True,True
608535512,2026-08-17T05:38:42.236232+00:00,4,0,True,True
608535513,2026-08-17T05:38:42.236232+00:00,4,0,True,True
608535514,2026-08-17T05:38:42.236232+00:00,4,0,True,True
608535515,2026-08-17T05:38:42.236232+00:00,8,0,True,True
608535347,2026-08-17T05:38:42.236232+00:00,1,0,True,True
608535348,2026-08-17T05:38:42.236232+00:00,9,0,True,True
608535349,2026-08-17T05:38:42.236232+00:00,7,0,True,True
608535350,2026-08-17T05:38:42.236232+00:00,4,0,True,True
608535351,2026-08-17T05:38:42.236232+00:00,5,0,True,True
608535352,2026-08-17T05:38:42.236232+00:00,1,0,True,True
608535353,2026-08-17T05:38:42.236232+00:00,4,0,True,True
608535354,2026-08-17T05:38:42.236232+00:00,8,0,True,True
608535538,2026-08-17T05:38:42.236232+00:00,6,0,True,True
608535539,2026-08-17T05:38:42.236232+00:00,7,0,True,True
608535540,2026-08-17T05:38:42.236232+00:00,3,0,True,True
608535355,2026-08-17T05:38:42.236232+00:00,6,0,True,True
608535356,2026-08-17T05:38:42.236232+00:00,5,0,True,True
608535357,2026-08-17T05:38:42.236232+00:00,5,0,True,True
608535358,2026-08-17T05:38:42.236232+00:00,6,0,True,True
608535359,2026-08-17T05:38:42.236232+00:00,2,0,True,True
608535360,2026-08-17T05:38:42.236232+00:00,3,0,True,True
608535361,2026-08-17T05:38:42.236232+00:00,3,0,True,True
608535362,2026-08-17T05:38:42.236232+00:00,1,0,True,True
608535363,2026-08-17T05:38:42.236232+00:00,1,0,True,True
608535364,2026-08-17T05:38:42.236232+00:00,5,0,True,True
608535365,2026-08-17T05:38:42.236232+00:00,2,0,True,True
608535366,2026-08-17T05:38:42.236232+00:00,2,0,True,True
608535367,2026-08-17T05:38:42.236232+00:00,5,0,True,True
608535368,2026-08-17T05:38:42.236232+00:00,2,0,True,True
608535369,2026-08-17T05:38:42.236232+00:00,1,0,True,True
608535370,2026-08-17T05:38:42.236232+00:00,2,0,True,True
608535371,2026-08-17T05:38:42.236232+00:00,2,0,True,True
608535372,2026-08-17T05:38:42.236232+00:00,7,0,True,True
608535373,2026-08-17T05:38:42.236232+00:00,9,0,True,True
608535375,2026-08-17T05:38:42.236232+00:00,2,0,True,True
608535376,2026-08-17T05:38:42.236232+00:00,11,0,True,True
606857330,2026-08-17T05:38:42.236232+00:00,4,0,True,True
608534898,2026-08-17T05:38:42.236232+00:00,1,0,True,True
608534899,2026-08-17T05:38:42.236232+00:00,0,0,True,True
608534900,2026-08-17T05:38:42.236232+00:00,6,0,True,True
608534901,2026-08-17T05:38:42.236232+00:00,3,0,True,True
608534902,2026-08-17T05:38:42.236232+00:00,7,0,True,True
608534903,2026-08-17T05:38:42.236232+00:00,7,0,True,True
608534904,2026-08-17T05:38:42.236232+00:00,2,0,True,True
608534905,2026-08-17T05:38:42.236232+00:00,1,0,True,True
608534906,2026-08-17T05:38:42.236232+00:00,0,6,True,True
608534907,2026-08-17T05:38:42.236232+00:00,16,0,True,True
608534908,2026-08-17T05:38:42.236232+00:00,1,0,True,True
608534909,2026-08-17T05:38:42.236232+00:00,13,0,True,True
608534910,2026-08-17T05:38:42.236232+00:00,4,0,True,True
608534912,2026-08-17T05:38:42.236232+00:00,1,0,True,True
608534913,2026-08-17T05:38:42.236232+00:00,1,0,True,True
608534914,2026-08-17T05:38:42.236232+00:00,0,0,True,True
608534915,2026-08-17T05:38:42.236232+00:00,10,0,True,True
608534916,2026-08-17T05:38:42.236232+00:00,7,0,True,True
608534917,2026-08-17T05:38:42.236232+00:00,5,0,True,True
608534918,2026-08-17T05:38:42.236232+00:00,11,0,True,True
608534919,2026-08-17T05:38:42.236232+00:00,1,0,True,True
608534920,2026-08-17T05:38:42.236232+00:00,12,0,True,True
608534921,2026-08-17T05:38:42.236232+00:00,3,0,True,True
608534922,2026-08-17T05:38:42.236232+00:00,4,0,True,True
608534923,2026-08-17T05:38:42.236232+00:00,14,0,True,True
608534924,2026-08-17T05:38:42.236232+00:00,4,0,True,True
608534925,2026-08-17T05:38:42.236232+00:00,5,0,True,True
608534926,2026-08-17T05:38:42.236232+00:00,3,0,True,True
608534927,2026-08-17T05:38:42.236232+00:00,2,0,True,True
608534928,2026-08-17T05:38:42.236232+00:00,11,0,True,True
608534930,2026-08-17T05:38:42.236232+00:00,6,0,True,True
608534932,2026-08-17T05:38:42.236232+00:00,3,0,True,True
608534933,2026-08-17T05:38:42.236232+00:00,6,0,True,True
608534934,2026-08-17T05:38:42.236232+00:00,6,0,False,False
608534936,2026-08-17T05:38:42.236232+00:00,3,0,True,True
608534937,2026-08-17T05:38:42.236232+00:00,5,0,True,True
608534939,2026-08-17T05:38:42.236232+00:00,7,0,True,True
608534940,2026-08-17T05:38:42.236232+00:00,5,0,True,True
608534942,2026-08-17T05:38:42.236232+00:00,19,0,True,True
608534943,2026-08-17T05:38:42.236232+00:00,4,0,True,True
608534944,2026-08-17T05:38:42.236232+00:00,0,0,True,True
608534945,2026-08-17T05:38:42.236232+00:00,2,0,True,True
608534946,2026-08-17T05:38:42.236232+00:00,10,0,True,True
608534947,2026-08-17T05:38:42.236232+00:00,12,0,True,True
608534948,2026-08-17T05:38:42.236232+00:00,4,0,True,True
608534950,2026-08-17T05:38:42.236232+00:00,1,0,True,True
608534952,2026-08-17T05:38:42.236232+00:00,1,0,True,True
608534953,2026-08-17T05:38:42.236232+00:00,0,0,True,True
608534954,2026-08-17T05:38:42.236232+00:00,1,0,True,True
608534955,2026-08-17T05:38:42.236232+00:00,0,0,True,True
608534956,2026-08-17T05:38:42.236232+00:00,1,0,True,True
608534957,2026-08-17T05:38:42.236232+00:00,3,0,True,True
608534958,2026-08-17T05:38:42.236232+00:00,1,0,True,True
608534959,2026-08-17T05:38:42.236232+00:00,2,6,True,True
608534960,2026-08-17T05:38:42.236232+00:00,4,0,True,True
608534961,2026-08-17T05:38:42.236232+00:00,2,0,True,True
608534962,2026-08-17T05:38:42.236232+00:00,5,0,True,True
608534963,2026-08-17T05:38:42.236232+00:00,12,0,True,True
608534964,2026-08-17T05:38:42.236232+00:00,6,0,True,True
608534965,2026-08-17T05:38:42.236232+00:00,1,0,True,True
608534967,2026-08-17T05:38:42.236232+00:00,2,0,True,True
608534968,2026-08-17T05:38:42.236232+00:00,17,0,True,True
608534969,2026-08-17T05:38:42.236232+00:00,0,0,True,True
608534970,2026-08-17T05:38:42.236232+00:00,3,0,True,True
608534971,2026-08-17T05:38:42.236232+00:00,3,0,True,True
608534973,2026-08-17T05:38:42.236232+00:00,5,0,True,True
608534974,2026-08-17T05:38:42.236232+00:00,15,0,True,True
608534975,2026-08-17T05:38:42.236232+00:00,2,0,True,True
608534977,2026-08-17T05:38:42.236232+00:00,1,0,True,True
608534978,2026-08-17T05:38:42.236232+00:00,4,0,True,True
608534979,2026-08-17T05:38:42.236232+00:00,1,0,True,True
608534980,2026-08-17T05:38:42.236232+00:00,0,0,True,True
608534981,2026-08-17T05:38:42.236232+00:00,0,0,True,True
608534982,2026-08-17T05:38:42.236232+00:00,1,0,True,True
608534983,2026-08-17T05:38:42.236232+00:00,2,0,True,True
608534984,2026-08-17T05:38:42.236232+00:00,4,0,True,True
608534985,2026-08-17T05:38:42.236232+00:00,3,0,True,True
608534986,2026-08-17T05:38:42.236232+00:00,0,0,True,True
608534987,2026-08-17T05:38:42.236232+00:00,2,0,True,True
608534988,2026-08-17T05:38:42.236232+00:00,1,0,True,True
608534990,2026-08-17T05:38:42.236232+00:00,4,0,True,True
608534991,2026-08-17T05:38:42.236232+00:00,2,0,True,True
608534992,2026-08-17T05:38:42.236232+00:00,1,0,True,True
608534993,2026-08-17T05:38:42.236232+00:00,3,0,True,True
608534994,2026-08-17T05:38:42.236232+00:00,0,0,True,True
608534995,2026-08-17T05:38:42.236232+00:00,10,0,True,True
608534996,2026-08-17T05:38:42.236232+00:00,0,0,True,True
608534998,2026-08-17T05:38:42.236232+00:00,0,0,True,True
608534999,2026-08-17T05:38:42.236232+00:00,2,0,True,True
608535000,2026-08-17T05:38:42.236232+00:00,0,0,True,True
608535001,2026-08-17T05:38:42.236232+00:00,7,0,True,True
608535002,2026-08-17T05:38:42.236232+00:00,2,0,True,True
608535003,2026-08-17T05:38:42.236232+00:00,0,0,True,True
608535004,2026-08-17T05:38:42.236232+00:00,1,0,True,True
608535005,2026-08-17T05:38:42.236232+00:00,14,0,True,True
608535006,2026-08-17T05:38:42.236232+00:00,5,0,True,True
608535007,2026-08-17T05:38:42.236232+00:00,0,0,True,True
608535008,2026-08-17T05:38:42.236232+00:00,2,0,True,True
608535009,2026-08-17T05:38:42.236232+00:00,9,0,True,True
608535010,2026-08-17T05:38:42.236232+00:00,0,0,True,True
608535011,2026-08-17T05:38:42.236232+00:00,0,0,True,True
608535012,2026-08-17T05:38:42.236232+00:00,9,0,True,True
608535013,2026-08-17T05:38:42.236232+00:00,0,0,True,True
608535014,2026-08-17T05:38:42.236232+00:00,10,0,True,True
608535015,2026-08-17T05:38:42.236232+00:00,1,0,True,True
608535016,2026-08-17T05:38:42.236232+00:00,1,0,True,True
608535017,2026-08-17T05:38:42.236232+00:00,9,0,True,True
608535018,2026-08-17T05:38:42.236232+00:00,3,0,True,True
608535019,2026-08-17T05:38:42.236232+00:00,4,0,True,True
608535020,2026-08-17T05:38:42.236232+00:00,1,0,True,True
608535021,2026-08-17T05:38:42.236232+00:00,0,0,True,True
608535022,2026-08-17T05:38:42.236232+00:00,4,0,True,True
608535023,2026-08-17T05:38:42.236232+00:00,7,0,True,True
608535024,2026-08-17T05:38:42.236232+00:00,5,0,True,True
608535025,2026-08-17T05:38:42.236232+00:00,2,0,True,True
608535026,2026-08-17T05:38:42.236232+00:00,3,0,True,True
608535027,2026-08-17T05:38:42.236232+00:00,8,0,True,True
608535028,2026-08-17T05:38:42.236232+00:00,8,0,True,True
608535029,2026-08-17T05:38:42.236232+00:00,6,0,True,True
608535030,2026-08-17T05:38:42.236232+00:00,0,0,True,True
608535031,2026-08-17T05:38:42.236232+00:00,13,0,True,True
608535032,2026-08-17T05:38:42.236232+00:00,5,0,True,True
608535033,2026-08-17T05:38:42.236232+00:00,6,0,True,True
608535034,2026-08-17T05:38:42.236232+00:00,4,0,True,True
608535036,2026-08-17T05:38:42.236232+00:00,7,0,True,True
608535037,2026-08-17T05:38:42.236232+00:00,9,0,True,True
608535038,2026-08-17T05:38:42.236232+00:00,3,0,True,True
608535039,2026-08-17T05:38:42.236232+00:00,6,0,True,True
608535040,2026-08-17T05:38:42.236232+00:00,2,0,True,True
608535041,2026-08-17T05:38:42.236232+00:00,3,0,True,True
608535042,2026-08-17T05:38:42.236232+00:00,9,0,True,True
608535043,2026-08-17T05:38:42.236232+00:00,5,0,True,True
608535044,2026-08-17T05:38:42.236232+00:00,0,0,True,True
608535045,2026-08-17T05:38:42.236232+00:00,9,0,True,True
608535046,2026-08-17T05:38:42.236232+00:00,6,0,True,True
608535047,2026-08-17T05:38:42.236232+00:00,5,0,True,True
608535048,2026-08-17T05:38:42.236232+00:00,16,0,True,True
608535049,2026-08-17T05:38:42.236232+00:00,9,0,True,True
608535050,2026-08-17T05:38:42.236232+00:00,10,0,True,True
608535051,2026-08-17T05:38:42.236232+00:00,13,0,True,True
608535052,2026-08-17T05:38:42.236232+00:00,6,0,True,True
608535053,2026-08-17T05:38:42.236232+00:00,4,0,True,True
608535054,2026-08-17T05:38:42.236232+00:00,5,0,True,True
608535055,2026-08-17T05:38:42.236232+00:00,6,0,True,True
608535057,2026-08-17T05:38:42.236232+00:00,12,0,True,True
608535058,2026-08-17T05:38:42.236232+00:00,10,0,True,True
608535059,2026-08-17T05:38:42.236232+00:00,17,0,True,True
608535060,2026-08-17T05:38:42.236232+00:00,14,0,True,True
608535061,2026-08-17T05:38:42.236232+00:00,4,0,True,True
608535062,2026-08-17T05:38:42.236232+00:00,2,0,True,True
608535063,2026-08-17T05:38:42.236232+00:00,7,0,True,True
608535064,2026-08-17T05:38:42.236232+00:00,7,0,True,True
608535065,2026-08-17T05:38:42.236232+00:00,4,0,True,True
608535066,2026-08-17T05:38:42.236232+00:00,13,0,True,True
608535067,2026-08-17T05:38:42.236232+00:00,23,0,True,True
608535068,2026-08-17T05:38:42.236232+00:00,3,0,True,True
608535069,2026-08-17T05:38:42.236232+00:00,6,0,True,True
608535070,2026-08-17T05:38:42.236232+00:00,0,0,True,True
608535071,2026-08-17T05:38:42.236232+00:00,4,0,True,True
608535072,2026-08-17T05:38:42.236232+00:00,2,0,True,True
608535073,2026-08-17T05:38:42.236232+00:00,0,0,True,True
608535074,2026-08-17T05:38:42.236232+00:00,8,0,True,True
608535075,2026-08-17T05:38:42.236232+00:00,4,0,True,True
608535077,2026-08-17T05:38:42.236232+00:00,1,0,True,True
608535078,2026-08-17T05:38:42.236232+00:00,5,0,True,True
608535079,2026-08-17T05:38:42.236232+00:00,5,0,True,True
608535080,2026-08-17T05:38:42.236232+00:00,5,0,True,True
608535081,2026-08-17T05:38:42.236232+00:00,24,0,True,True
608535082,2026-08-17T05:38:42.236232+00:00,6,0,True,True
608535083,2026-08-17T05:38:42.236232+00:00,4,0,True,True
608535084,2026-08-17T05:38:42.236232+00:00,5,0,True,True
608535085,2026-08-17T05:38:42.236232+00:00,7,0,True,True
608535086,2026-08-17T05:38:42.236232+00:00,6,0,True,True
608535087,2026-08-17T05:38:42.236232+00:00,1,0,True,True
608535088,2026-08-17T05:38:42.236232+00:00,2,0,True,True
608535089,2026-08-17T05:38:42.236232+00:00,0,0,True,True
608535090,2026-08-17T05:38:42.236232+00:00,3,0,True,True
608535091,2026-08-17T05:38:42.236232+00:00,0,0,True,True
608535092,2026-08-17T05:38:42.236232+00:00,5,0,True,True
608535093,2026-08-17T05:38:42.236232+00:00,1,0,True,True
608535094,2026-08-17T05:38:42.236232+00:00,11,0,True,True
608535095,2026-08-17T05:38:42.236232+00:00,4,0,True,True
608535096,2026-08-17T05:38:42.236232+00:00,4,0,True,True
608535097,2026-08-17T05:38:42.236232+00:00,2,0,True,True
608535098,2026-08-17T05:38:42.236232+00:00,8,0,True,True
608535099,2026-08-17T05:38:42.236232+00:00,14,0,True,True
608535100,2026-08-17T05:38:42.236232+00:00,5,0,True,True
608535101,2026-08-17T05:38:42.236232+00:00,6,0,True,True
608535102,2026-08-17T05:38:42.236232+00:00,1,0,True,True
608535103,2026-08-17T05:38:42.236232+00:00,12,0,True,True
608535104,2026-08-17T05:38:42.236232+00:00,1,0,True,True
608535105,2026-08-17T05:38:42.236232+00:00,10,0,True,True
608535106,2026-08-17T05:38:42.236232+00:00,2,0,True,True
608535107,2026-08-17T05:38:42.236232+00:00,4,0,True,True
608535108,2026-08-17T05:38:42.236232+00:00,8,0,True,True
608535109,2026-08-17T05:38:42.236232+00:00,9,0,True,True
608535110,2026-08-17T05:38:42.236232+00:00,11,0,True,True
608535111,2026-08-17T05:38:42.236232+00:00,1,0,True,True
608535112,2026-08-17T05:38:42.236232+00:00,4,0,True,True
608535113,2026-08-17T05:38:42.236232+00:00,4,0,True,True
608535114,2026-08-17T05:38:42.236232+00:00,1,0,True,True
608535116,2026-08-17T05:38:42.236232+00:00,3,0,True,True
608535117,2026-08-17T05:38:42.236232+00:00,11,0,True,True
608535118,2026-08-17T05:38:42.236232+00:00,4,0,True,True
608535119,2026-08-17T05:38:42.236232+00:00,0,0,True,True
608535120,2026-08-17T05:38:42.236232+00:00,6,0,True,True
608535121,2026-08-17T05:38:42.236232+00:00,0,0,True,True
608535122,2026-08-17T05:38:42.236232+00:00,4,0,True,True
608535123,2026-08-17T05:38:42.236232+00:00,0,0,True,True
608535124,2026-08-17T05:38:42.236232+00:00,3,0,True,True
608535125,2026-08-17T05:38:42.236232+00:00,0,0,True,True
608535126,2026-08-17T05:38:42.236232+00:00,9,0,True,True
608535127,2026-08-17T05:38:42.236232+00:00,0,0,True,True
608535128,2026-08-17T05:38:42.236232+00:00,1,0,True,True
608535129,2026-08-17T05:38:42.236232+00:00,5,0,True,True
608535130,2026-08-17T05:38:42.236232+00:00,3,0,True,True
608535131,2026-08-17T05:38:42.236232+00:00,7,0,True,True
608535132,2026-08-17T05:38:42.236232+00:00,0,0,True,True
608535133,2026-08-17T05:38:42.236232+00:00,3,0,True,True
608535134,2026-08-17T05:38:42.236232+00:00,2,0,True,True
608535135,2026-08-17T05:38:42.236232+00:00,3,0,True,True
608535136,2026-08-17T05:38:42.236232+00:00,2,0,True,True
608535137,2026-08-17T05:38:42.236232+00:00,0,0,True,True
608535138,2026-08-17T05:38:42.236232+00:00,4,0,True,True
608535139,2026-08-17T05:38:42.236232+00:00,5,0,True,True
608535140,2026-08-17T05:38:42.236232+00:00,3,0,True,True
608535141,2026-08-17T05:38:42.236232+00:00,6,0,True,True
608535142,2026-08-17T05:38:42.236232+00:00,6,0,True,True
608535143,2026-08-17T05:38:42.236232+00:00,0,0,True,True
608535144,2026-08-17T05:38:42.236232+00:00,9,0,True,True
608535145,2026-08-17T05:38:42.236232+00:00,23,0,True,True
608535146,2026-08-17T05:38:42.236232+00:00,5,0,True,True
608535147,2026-08-17T05:38:42.236232+00:00,6,0,True,True
608535148,2026-08-17T05:38:42.236232+00:00,3,0,True,True
608535149,2026-08-17T05:38:42.236232+00:00,3,0,True,True
608535150,2026-08-17T05:38:42.236232+00:00,11,0,True,True
608535151,2026-08-17T05:38:42.236232+00:00,1,0,True,True
608535152,2026-08-17T05:38:42.236232+00:00,2,0,True,True
608535153,2026-08-17T05:38:42.236232+00:00,2,0,True,True
608535154,2026-08-17T05:38:42.236232+00:00,1,0,True,True
608535155,2026-08-17T05:38:42.236232+00:00,1,0,True,True
608535156,2026-08-17T05:38:42.236232+00:00,1,0,True,True
608535157,2026-08-17T05:38:42.236232+00:00,2,0,True,True
608535158,2026-08-17T05:38:42.236232+00:00,3,0,True,True
608535159,2026-08-17T05:38:42.236232+00:00,0,0,True,True
608535160,2026-08-17T05:38:42.236232+00:00,1,0,True,True
608535162,2026-08-17T05:38:42.236232+00:00,1,0,True,True
608535163,2026-08-17T05:38:42.236232+00:00,4,0,True,True
608535164,2026-08-17T05:38:42.236232+00:00,3,0,True,True
608535165,2026-08-17T05:38:42.236232+00:00,2,0,True,True
608535166,2026-08-17T05:38:42.236232+00:00,4,0,True,True
608535167,2026-08-17T05:38:42.236232+00:00,3,0,True,True
608535168,2026-08-17T05:38:42.236232+00:00,5,0,True,True
608535169,2026-08-17T05:38:42.236232+00:00,10,0,True,True
608535170,2026-08-17T05:38:42.236232+00:00,4,0,True,True
608535171,2026-08-17T05:38:42.236232+00:00,3,0,True,True
608535172,2026-08-17T05:38:42.236232+00:00,7,0,True,True
608535173,2026-08-17T05:38:42.236232+00:00,8,0,True,True
608535174,2026-08-17T05:38:42.236232+00:00,0,0,True,True
608535175,2026-08-17T05:38:42.236232+00:00,2,0,True,True
608535176,2026-08-17T05:38:42.236232+00:00,1,0,True,True
608535178,2026-08-17T05:38:42.236232+00:00,8,0,True,True
608535179,2026-08-17T05:38:42.236232+00:00,7,0,True,True
608535180,2026-08-17T05:38:42.236232+00:00,2,0,True,True
608535181,2026-08-17T05:38:42.236232+00:00,4,0,True,True
608535182,2026-08-17T05:38:42.236232+00:00,5,0,True,True
608535183,2026-08-17T05:38:42.236232+00:00,2,0,True,True
608535184,2026-08-17T05:38:42.236232+00:00,4,0,True,True
608535185,2026-08-17T05:38:42.236232+00:00,3,0,True,True
608535186,2026-08-17T05:38:42.236232+00:00,9,0,True,True
608535187,2026-08-17T05:38:42.236232+00:00,1,0,True,True
608535188,2026-08-17T05:38:42.236232+00:00,9,0,True,True
608535189,2026-08-17T05:38:42.236232+00:00,1,0,True,True
608535190,2026-08-17T05:38:42.236232+00:00,8,0,True,True
608535192,2026-08-17T05:38:42.236232+00:00,13,0,True,True
608535193,2026-08-17T05:38:42.236232+00:00,9,0,True,True
608535194,2026-08-17T05:38:42.236232+00:00,3,0,True,True
608535195,2026-08-17T05:38:42.236232+00:00,3,0,True,True
608535196,2026-08-17T05:38:42.236232+00:00,4,0,True,True
608535197,2026-08-17T05:38:42.236232+00:00,1,0,True,True
608535198,2026-08-17T05:38:42.236232+00:00,2,0,True,True
608535199,2026-08-17T05:38:42.236232+00:00,7,0,True,True
608535200,2026-08-17T05:38:42.236232+00:00,0,0,True,True
608535201,2026-08-17T05:38:42.236232+00:00,2,0,True,True
608535202,2026-08-17T05:38:42.236232+00:00,2,0,True,True
608535203,2026-08-17T05:38:42.236232+00:00,9,0,True,True
608535204,2026-08-17T05:38:42.236232+00:00,4,0,True,True
608535205,2026-08-17T05:38:42.236232+00:00,8,0,True,True
608535206,2026-08-17T05:38:42.236232+00:00,6,0,True,True
608535207,2026-08-17T05:38:42.236232+00:00,4,0,True,True
608535208,2026-08-17T05:38:42.236232+00:00,6,0,True,True
608535209,2026-08-17T05:38:42.236232+00:00,2,0,True,True
608535210,2026-08-17T05:38:42.236232+00:00,12,0,True,True
608535211,2026-08-17T05:38:42.236232+00:00,4,0,True,True
608535212,2026-08-17T05:38:42.236232+00:00,3,0,True,True
608535213,2026-08-17T05:38:42.236232+00:00,12,0,True,True
608535214,2026-08-17T05:38:42.236232+00:00,6,0,True,True
608535215,2026-08-17T05:38:42.236232+00:00,2,0,True,True
608535216,2026-08-17T05:38:42.236232+00:00,8,0,True,True
608535217,2026-08-17T05:38:42.236232+00:00,8,0,True,True
608535218,2026-08-17T05:38:42.236232+00:00,8,0,True,True
608535219,2026-08-17T05:38:42.236232+00:00,4,0,True,True
608535220,2026-08-17T05:38:42.236232+00:00,4,0,True,True
608535221,2026-08-17T05:38:42.236232+00:00,2,0,True,True
608535222,2026-08-17T05:38:42.236232+00:00,6,0,True,True
608535223,2026-08-17T05:38:42.236232+00:00,10,0,True,True
608535224,2026-08-17T05:38:42.236232+00:00,3,0,True,True
608535225,2026-08-17T05:38:42.236232+00:00,5,0,True,True
608535226,2026-08-17T05:38:42.236232+00:00,0,0,True,True
608535227,2026-08-17T05:38:42.236232+00:00,2,0,True,True
608535228,2026-08-17T05:38:42.236232+00:00,10,0,True,True
608535229,2026-08-17T05:38:42.236232+00:00,12,0,True,True
608535230,2026-08-17T05:38:42.236232+00:00,4,0,True,True
608535231,2026-08-17T05:38:42.236232+00:00,3,0,True,True
608535232,2026-08-17T05:38:42.236232+00:00,3,0,True,True
608535234,2026-08-17T05:38:42.236232+00:00,13,0,True,True
608535235,2026-08-17T05:38:42.236232+00:00,8,0,True,True
608535236,2026-08-17T05:38:42.236232+00:00,5,0,True,True
608535237,2026-08-17T05:38:42.236232+00:00,5,0,True,True
608535238,2026-08-17T05:38:42.236232+00:00,3,0,True,True
608535239,2026-08-17T05:38:42.236232+00:00,6,0,True,True
608535240,2026-08-17T05:38:42.236232+00:00,1,0,True,True
608535241,2026-08-17T05:38:42.236232+00:00,0,0,True,True
608535242,2026-08-17T05:38:42.236232+00:00,9,0,True,True
608535243,2026-08-17T05:38:42.236232+00:00,7,0,True,True
608535244,2026-08-17T05:38:42.236232+00:00,3,0,True,True
608535245,2026-08-17T05:38:42.236232+00:00,10,0,True,True
608535246,2026-08-17T05:38:42.236232+00:00,4,0,True,True
608535247,2026-08-17T05:38:42.236232+00:00,3,0,True,True
608535248,2026-08-17T05:38:42.236232+00:00,3,0,True,True
608535249,2026-08-17T05:38:42.236232+00:00,9,0,True,True
608535250,2026-08-17T05:38:42.236232+00:00,5,0,True,True
608535251,2026-08-17T05:38:42.236232+00:00,8,0,True,True
608535252,2026-08-17T05:38:42.236232+00:00,2,0,True,True
608535254,2026-08-17T05:38:42.236232+00:00,4,0,True,True
608535255,2026-08-17T05:38:42.236232+00:00,5,0,True,True
613312171,2026-08-17T05:38:42.236232+00:00,5,0,True,True
613312172,2026-08-17T05:38:42.236232+00:00,0,0,True,True
613312173,2026-08-17T05:38:42.236232+00:00,2,0,True,True
613312174,2026-08-17T05:38:42.236232+00:00,0,0,True,True
613312175,2026-08-17T05:38:42.236232+00:00,1,0,True,True
613312176,2026-08-17T05:38:42.236232+00:00,11,0,True,True
613312177,2026-08-17T05:38:42.236232+00:00,3,0,True,True
613312179,2026-08-17T05:38:42.236232+00:00,6,0,True,True
613312180,2026-08-17T05:38:42.236232+00:00,8,0,True,True
613312181,2026-08-17T05:38:42.236232+00:00,17,0,True,True
613312182,2026-08-17T05:38:42.236232+00:00,3,0,True,True
613312183,2026-08-17T05:38:42.236232+00:00,6,0,True,True
613312184,2026-08-17T05:38:42.236232+00:00,5,0,True,True
613312185,2026-08-17T05:38:42.236232+00:00,3,0,True,True
613312186,2026-08-17T05:38:42.236232+00:00,3,0,True,True
613312187,2026-08-17T05:38:42.236232+00:00,3,0,True,True
613312188,2026-08-17T05:38:42.236232+00:00,1,0,True,True
613312189,2026-08-17T05:38:42.236232+00:00,2,0,True,True
613312190,2026-08-17T05:38:42.236232+00:00,1,0,True,True
613312191,2026-08-17T05:38:42.236232+00:00,2,0,True,True
613312192,2026-08-17T05:38:42.236232+00:00,1,0,True,True
613312193,2026-08-17T05:38:42.236232+00:00,0,0,True,True
613312194,2026-08-17T05:38:42.236232+00:00,2,0,True,True
613312195,2026-08-17T05:38:42.236232+00:00,2,0,True,True
613312196,2026-08-17T05:38:42.236232+00:00,6,0,True,True
613312197,2026-08-17T05:38:42.236232+00:00,2,0,True,True
613312198,2026-08-17T05:38:42.236232+00:00,8,0,True,True
613312199,2026-08-17T05:38:42.236232+00:00,4,0,True,True
613312200,2026-08-17T05:38:42.236232+00:00,8,0,True,True
613312201,2026-08-17T05:38:42.236232+00:00,0,0,True,True
613312202,2026-08-17T05:38:42.236232+00:00,10,0,True,True
613312203,2026-08-17T05:38:42.236232+00:00,2,0,True,True
613312204,2026-08-17T05:38:42.236232+00:00,7,0,True,True
613312205,2026-08-17T05:38:42.236232+00:00,11,0,True,True
613312206,2026-08-17T05:38:42.236232+00:00,6,0,True,True
613312207,2026-08-17T05:38:42.236232+00:00,1,0,True,True
613312208,2026-08-17T05:38:42.236232+00:00,2,0,True,True
613312209,2026-08-17T05:38:42.236232+00:00,6,0,True,True
613312210,2026-08-17T05:38:42.236232+00:00,5,0,True,True
613312211,2026-08-17T05:38:42.236232+00:00,7,0,True,True
613312212,2026-08-17T05:38:42.236232+00:00,3,0,True,True
613312213,2026-08-17T05:38:42.236232+00:00,2,0,True,True
613312214,2026-08-17T05:38:42.236232+00:00,4,0,True,True
613312215,2026-08-17T05:38:42.236232+00:00,6,0,True,True
613312216,2026-08-17T05:38:42.236232+00:00,5,0,True,True
613312217,2026-08-17T05:38:42.236232+00:00,2,0,True,True
613312218,2026-08-17T05:38:42.236232+00:00,6,0,True,True
613312219,2026-08-17T05:38:42.236232+00:00,1,0,True,True
613312220,2026-08-17T05:38:42.236232+00:00,3,0,True,True
613312221,2026-08-17T05:38:42.236232+00:00,11,0,True,True
613312222,2026-08-17T05:38:42.236232+00:00,8,0,True,True
613312223,2026-08-17T05:38:42.236232+00:00,2,0,True,True
613312224,2026-08-17T05:38:42.236232+00:00,5,0,True,True
613312225,2026-08-17T05:38:42.236232+00:00,17,0,True,True
613312226,2026-08-17T05:38:42.236232+00:00,4,0,True,True
613312227,2026-08-17T05:38:42.236232+00:00,5,0,True,True
613312228,2026-08-17T05:38:42.236232+00:00,4,0,True,True
613312229,2026-08-17T05:38:42.236232+00:00,9,0,True,True
613312230,2026-08-17T05:38:42.236232+00:00,1,0,True,True
613312231,2026-08-17T05:38:42.236232+00:00,3,0,True,True
613312233,2026-08-17T05:38:42.236232+00:00,2,0,True,True
613312234,2026-08-17T05:38:42.236232+00:00,4,0,True,True
613312236,2026-08-17T05:38:42.236232+00:00,3,0,True,True
613312237,2026-08-17T05:38:42.236232+00:00,13,0,True,True
613312238,2026-08-17T05:38:42.236232+00:00,3,0,True,True
613312239,2026-08-17T05:38:42.236232+00:00,1,0,True,True
613312240,2026-08-17T05:38:42.236232+00:00,6,0,True,True
613312241,2026-08-17T05:38:42.236232+00:00,2,0,True,True
613312242,2026-08-17T05:38:42.236232+00:00,3,0,True,True
613312243,2026-08-17T05:38:42.236232+00:00,2,0,True,True
613312244,2026-08-17T05:38:42.236232+00:00,7,0,True,True
613312245,2026-08-17T05:38:42.236232+00:00,1,0,True,True
613312246,2026-08-17T05:38:42.236232+00:00,7,0,True,True
613312247,2026-08-17T05:38:42.236232+00:00,6,0,True,True
613312248,2026-08-17T05:38:42.236232+00:00,5,0,True,True
613312249,2026-08-17T05:38:42.236232+00:00,2,0,True,True
613312250,2026-08-17T05:38:42.236232+00:00,10,0,True,True
613312251,2026-08-17T05:38:42.236232+00:00,7,0,True,True
613312252,2026-08-17T05:38:42.236232+00:00,5,0,True,True
613312253,2026-08-17T05:38:42.236232+00:00,2,0,True,True
613312254,2026-08-17T05:38:42.236232+00:00,7,0,True,True
613312255,2026-08-17T05:38:42.236232+00:00,3,0,True,True
613312256,2026-08-17T05:38:42.236232+00:00,10,0,True,True
613312257,2026-08-17T05:38:42.236232+00:00,6,0,True,True
613312258,2026-08-17T05:38:42.236232+00:00,6,0,True,True
613312259,2026-08-17T05:38:42.236232+00:00,7,0,True,True
613312260,2026-08-17T05:38:42.236232+00:00,0,0,True,True
613312261,2026-08-17T05:38:42.236232+00:00,0,0,True,True
613312262,2026-08-17T05:38:42.236232+00:00,0,0,True,True
613312263,2026-08-17T05:38:42.236232+00:00,2,0,True,True
613312264,2026-08-17T05:38:42.236232+00:00,6,0,True,True
613312265,2026-08-17T05:38:42.236232+00:00,6,0,True,True
613312266,2026-08-17T05:38:42.236232+00:00,6,0,True,True
613312267,2026-08-17T05:38:42.236232+00:00,5,0,True,True
613312268,2026-08-17T05:38:42.236232+00:00,9,0,True,True
613312269,2026-08-17T05:38:42.236232+00:00,13,0,True,True
613312270,2026-08-17T05:38:42.236232+00:00,11,0,True,True
613312271,2026-08-17T05:38:42.236232+00:00,1,0,True,True
613312272,2026-08-17T05:38:42.236232+00:00,4,0,True,True
613312273,2026-08-17T05:38:42.236232+00:00,8,0,True,True
613312274,2026-08-17T05:38:42.236232+00:00,9,0,True,True
613312275,2026-08-17T05:38:42.236232+00:00,14,0,True,True
613312276,2026-08-17T05:38:42.236232+00:00,1,0,True,True
613312277,2026-08-17T05:38:42.236232+00:00,3,0,True,True
613312278,2026-08-17T05:38:42.236232+00:00,5,0,True,True
613312279,2026-08-17T05:38:42.236232+00:00,13,0,True,True
613312281,2026-08-17T05:38:42.236232+00:00,3,0,True,True
613312282,2026-08-17T05:38:42.236232+00:00,1,0,True,True
613312283,2026-08-17T05:38:42.236232+00:00,3,0,True,True
613312284,2026-08-17T05:38:42.236232+00:00,7,0,True,True
613312285,2026-08-17T05:38:42.236232+00:00,3,0,True,True
613312286,2026-08-17T05:38:42.236232+00:00,2,0,True,True
613312287,2026-08-17T05:38:42.236232+00:00,6,0,True,True
613312288,2026-08-17T05:38:42.236232+00:00,5,0,True,True
613312289,2026-08-17T05:38:42.236232+00:00,8,0,True,True
613312290,2026-08-17T05:38:42.236232+00:00,11,0,True,True
613312291,2026-08-17T05:38:42.236232+00:00,3,0,True,True
613312292,2026-08-17T05:38:42.236232+00:00,4,0,True,True
613312293,2026-08-17T05:38:42.236232+00:00,11,0,True,True
613312294,2026-08-17T05:38:42.236232+00:00,11,0,True,True
613312295,2026-08-17T05:38:42.236232+00:00,16,0,True,True
613312296,2026-08-17T05:38:42.236232+00:00,7,0,True,True
613312297,2026-08-17T05:38:42.236232+00:00,4,0,True,True
613312298,2026-08-17T05:38:42.236232+00:00,5,0,True,True
613312299,2026-08-17T05:38:42.236232+00:00,6,0,True,True
613312300,2026-08-17T05:38:42.236232+00:00,16,0,True,True
613312301,2026-08-17T05:38:42.236232+00:00,9,0,True,True
613312302,2026-08-17T05:38:42.236232+00:00,4,0,True,True
613312303,2026-08-17T05:38:42.236232+00:00,9,0,True,True
613312304,2026-08-17T05:38:42.236232+00:00,9,0,True,True
613312305,2026-08-17T05:38:42.236232+00:00,22,0,True,True
613312306,2026-08-17T05:38:42.236232+00:00,12,0,True,True
613312307,2026-08-17T05:38:42.236232+00:00,8,0,True,True
613312308,2026-08-17T05:38:42.236232+00:00,5,0,True,True
613312309,2026-08-17T05:38:42.236232+00:00,9,0,True,True
613312310,2026-08-17T05:38:42.236232+00:00,7,0,True,True
613312311,2026-08-17T05:38:42.236232+00:00,16,0,True,True
613312312,2026-08-17T05:38:42.236232+00:00,18,0,True,True
613312313,2026-08-17T05:38:42.236232+00:00,4,0,True,True
613312314,2026-08-17T05:38:42.236232+00:00,8,0,True,True
613312315,2026-08-17T05:38:42.236232+00:00,7,0,True,True
613510037,2026-08-17T05:38:42.236232+00:00,3,0,True,True
624056982,2026-08-17T05:38:42.236232+00:00,5,0,True,True
624057057,2026-08-17T05:38:42.236232+00:00,3,0,True,True
631244273,2026-08-17T05:38:42.236232+00:00,0,0,True,True
631244274,2026-08-17T05:38:42.236232+00:00,4,0,True,True
631244275,2026-08-17T05:38:42.236232+00:00,1,0,True,True
631244276,2026-08-17T05:38:42.236232+00:00,14,0,True,True
631244277,2026-08-17T05:38:42.236232+00:00,3,0,True,True
631244278,2026-08-17T05:38:42.236232+00:00,0,0,True,True
631244280,2026-08-17T05:38:42.236232+00:00,7,0,True,True
631244281,2026-08-17T05:38:42.236232+00:00,7,0,True,True
631244286,2026-08-17T05:38:42.236232+00:00,2,0,True,True
631244287,2026-08-17T05:38:42.236232+00:00,6,0,True,True
631244288,2026-08-17T05:38:42.236232+00:00,6,0,True,True
631244289,2026-08-17T05:38:42.236232+00:00,2,0,True,True
631244290,2026-08-17T05:38:42.236232+00:00,2,0,True,True
631244291,2026-08-17T05:38:42.236232+00:00,2,0,True,True
631244292,2026-08-17T05:38:42.236232+00:00,2,0,True,True
631244293,2026-08-17T05:38:42.236232+00:00,1,0,True,True
631244294,2026-08-17T05:38:42.236232+00:00,3,0,True,True
631244295,2026-08-17T05:38:42.236232+00:00,3,0,True,True
631244297,2026-08-17T05:38:42.236232+00:00,7,0,True,True
631244302,2026-08-17T05:38:42.236232+00:00,4,0,True,True
631244303,2026-08-17T05:38:42.236232+00:00,5,0,True,True
631244304,2026-08-17T05:38:42.236232+00:00,4,0,True,True
631244306,2026-08-17T05:38:42.236232+00:00,3,0,True,True
631244308,2026-08-17T05:38:42.236232+00:00,14,0,True,True
631244309,2026-08-17T05:38:42.236232+00:00,11,0,True,True
631244311,2026-08-17T05:38:42.236232+00:00,8,0,True,True
631244312,2026-08-17T05:38:42.236232+00:00,2,0,True,True
631244313,2026-08-17T05:38:42.236232+00:00,1,0,True,True
631244315,2026-08-17T05:38:42.236232+00:00,10,0,True,True
631244316,2026-08-17T05:38:42.236232+00:00,1,0,True,True
637793642,2026-08-17T05:38:42.236232+00:00,14,0,True,True
637794034,2026-08-17T05:38:42.236232+00:00,2,0,True,True
608535280,2026-08-17T06:20:49.258074+00:00,6,0,True,True
608535281,2026-08-17T06:20:49.258074+00:00,5,0,True,True
608535282,2026-08-17T06:20:49.258074+00:00,6,0,True,True
608535283,2026-08-17T06:20:49.258074+00:00,3,0,True,True
608535284,2026-08-17T06:20:49.258074+00:00,4,0,True,True
608535285,2026-08-17T06:20:49.258074+00:00,2,0,True,True
608535286,2026-08-17T06:20:49.258074+00:00,4,0,True,True
608535287,2026-08-17T06:20:49.258074+00:00,5,0,True,True
608535288,2026-08-17T06:20:49.258074+00:00,3,0,True,True
608535289,2026-08-17T06:20:49.258074+00:00,4,0,True,True
608535290,2026-08-17T06:20:49.258074+00:00,6,0,True,True
608535291,2026-08-17T06:20:49.258074+00:00,8,0,True,True
608535292,2026-08-17T06:20:49.258074+00:00,2,0,True,True
608535293,2026-08-17T06:20:49.258074+00:00,7,0,True,True
608535294,2026-08-17T06:20:49.258074+00:00,5,0,True,True
608535295,2026-08-17T06:20:49.258074+00:00,6,0,True,True
608535296,2026-08-17T06:20:49.258074+00:00,3,0,True,True
608535297,2026-08-17T06:20:49.258074+00:00,8,0,True,True
608535298,2026-08-17T06:20:49.258074+00:00,6,0,True,True
608535299,2026-08-17T06:20:49.258074+00:00,5,0,True,True
608535300,2026-08-17T06:20:49.258074+00:00,8,0,True,True
608535301,2026-08-17T06:20:49.258074+00:00,8,0,True,True
608535302,2026-08-17T06:20:49.258074+00:00,6,0,True,True
608535303,2026-08-17T06:20:49.258074+00:00,5,0,True,True
608535304,2026-08-17T06:20:49.258074+00:00,5,0,True,True
608535305,2026-08-17T06:20:49.258074+00:00,8,0,True,True
608535306,2026-08-17T06:20:49.258074+00:00,2,0,True,True
608535307,2026-08-17T06:20:49.258074+00:00,6,0,True,True
608535308,2026-08-17T06:20:49.258074+00:00,6,0,True,True
608535309,2026-08-17T06:20:49.258074+00:00,3,0,True,True
608535310,2026-08-17T06:20:49.258074+00:00,6,0,True,True
608535311,2026-08-17T06:20:49.258074+00:00,5,0,True,True
608535312,2026-08-17T06:20:49.258074+00:00,3,0,True,True
608535313,2026-08-17T06:20:49.258074+00:00,0,0,True,True
608535314,2026-08-17T06:20:49.258074+00:00,5,0,True,True
608535315,2026-08-17T06:20:49.258074+00:00,8,0,True,True
608535316,2026-08-17T06:20:49.258074+00:00,7,0,True,True
608535317,2026-08-17T06:20:49.258074+00:00,6,0,True,True
608535318,2026-08-17T06:20:49.258074+00:00,10,0,True,True
608535319,2026-08-17T06:20:49.258074+00:00,5,0,True,True
608535320,2026-08-17T06:20:49.258074+00:00,6,0,True,True
608535321,2026-08-17T06:20:49.258074+00:00,3,0,True,True
608535322,2026-08-17T06:20:49.258074+00:00,12,0,True,True
608535323,2026-08-17T06:20:49.258074+00:00,4,0,True,True
608535324,2026-08-17T06:20:49.258074+00:00,2,0,True,True
608535325,2026-08-17T06:20:49.258074+00:00,6,0,True,True
608535326,2026-08-17T06:20:49.258074+00:00,5,0,True,True
608535327,2026-08-17T06:20:49.258074+00:00,9,0,True,True
608535328,2026-08-17T06:20:49.258074+00:00,11,0,True,True
608535329,2026-08-17T06:20:49.258074+00:00,5,0,True,True
608535330,2026-08-17T06:20:49.258074+00:00,6,0,True,True
608535331,2026-08-17T06:20:49.258074+00:00,1,0,True,True
608535332,2026-08-17T06:20:49.258074+00:00,11,0,True,True
608535333,2026-08-17T06:20:49.258074+00:00,5,0,True,True
608535334,2026-08-17T06:20:49.258074+00:00,4,0,True,True
608535335,2026-08-17T06:20:49.258074+00:00,4,0,True,True
608535336,2026-08-17T06:20:49.258074+00:00,8,0,True,True
608535337,2026-08-17T06:20:49.258074+00:00,3,0,True,True
608535338,2026-08-17T06:20:49.258074+00:00,1,0,True,True
608535339,2026-08-17T06:20:49.258074+00:00,6,0,True,True
608535340,2026-08-17T06:20:49.258074+00:00,10,0,True,True
608535341,2026-08-17T06:20:49.258074+00:00,6,0,True,True
608535342,2026-08-17T06:20:49.258074+00:00,0,0,True,True
608535343,2026-08-17T06:20:49.258074+00:00,4,0,True,True
608535344,2026-08-17T06:20:49.258074+00:00,5,0,True,True
608535345,2026-08-17T06:20:49.258074+00:00,8,0,True,True
608535346,2026-08-17T06:20:49.258074+00:00,2,0,True,True
608535256,2026-08-17T06:20:49.258074+00:00,1,0,True,True
608535257,2026-08-17T06:20:49.258074+00:00,6,0,True,True
608535258,2026-08-17T06:20:49.258074+00:00,4,0,True,True
608535259,2026-08-17T06:20:49.258074+00:00,1,0,True,True
608535260,2026-08-17T06:20:49.258074+00:00,11,0,True,True
608535261,2026-08-17T06:20:49.258074+00:00,3,0,True,True
608535262,2026-08-17T06:20:49.258074+00:00,12,0,True,True
608535263,2026-08-17T06:20:49.258074+00:00,2,0,True,True
608535265,2026-08-17T06:20:49.258074+00:00,0,0,True,True
608535266,2026-08-17T06:20:49.258074+00:00,4,0,True,True
608535267,2026-08-17T06:20:49.258074+00:00,4,0,True,True
608535268,2026-08-17T06:20:49.258074+00:00,2,0,True,True
608535270,2026-08-17T06:20:49.258074+00:00,9,0,True,True
608535271,2026-08-17T06:20:49.258074+00:00,2,0,True,True
608535272,2026-08-17T06:20:49.258074+00:00,1,0,True,True
608535273,2026-08-17T06:20:49.258074+00:00,0,0,True,True
608535274,2026-08-17T06:20:49.258074+00:00,5,0,True,True
608535276,2026-08-17T06:20:49.258074+00:00,7,0,True,True
608535277,2026-08-17T06:20:49.258074+00:00,2,0,True,True
608535278,2026-08-17T06:20:49.258074+00:00,12,0,True,True
608535279,2026-08-17T06:20:49.258074+00:00,5,0,True,True
608535378,2026-08-17T06:20:49.258074+00:00,6,0,True,True
608535379,2026-08-17T06:20:49.258074+00:00,7,0,True,True
608535380,2026-08-17T06:20:49.258074+00:00,11,0,True,True
608535381,2026-08-17T06:20:49.258074+00:00,1,0,True,True
608535383,2026-08-17T06:20:49.258074+00:00,7,0,True,True
608535384,2026-08-17T06:20:49.258074+00:00,4,0,True,True
608535385,2026-08-17T06:20:49.258074+00:00,3,0,True,True
608535386,2026-08-17T06:20:49.258074+00:00,15,0,True,True
608535387,2026-08-17T06:20:49.258074+00:00,5,0,True,True
608535388,2026-08-17T06:20:49.258074+00:00,7,0,True,True
608535389,2026-08-17T06:20:49.258074+00:00,0,0,True,True
608535390,2026-08-17T06:20:49.258074+00:00,5,0,True,True
608535391,2026-08-17T06:20:49.258074+00:00,2,0,True,True
608535392,2026-08-17T06:20:49.258074+00:00,7,0,True,True
608535393,2026-08-17T06:20:49.258074+00:00,10,0,True,True
608535394,2026-08-17T06:20:49.258074+00:00,5,0,True,True
608535395,2026-08-17T06:20:49.258074+00:00,13,0,True,True
608535396,2026-08-17T06:20:49.258074+00:00,2,0,True,True
608535440,2026-08-17T06:20:49.258074+00:00,1,0,True,True
608535441,2026-08-17T06:20:49.258074+00:00,0,0,True,True
608535442,2026-08-17T06:20:49.258074+00:00,1,0,True,True
608535443,2026-08-17T06:20:49.258074+00:00,4,0,True,True
608535444,2026-08-17T06:20:49.258074+00:00,14,0,True,True
608535445,2026-08-17T06:20:49.258074+00:00,28,0,True,True
608535446,2026-08-17T06:20:49.258074+00:00,0,0,True,True
608535447,2026-08-17T06:20:49.258074+00:00,2,0,True,True
608535461,2026-08-17T06:20:49.258074+00:00,2,0,True,True
608535462,2026-08-17T06:20:49.258074+00:00,0,0,True,True
608535463,2026-08-17T06:20:49.258074+00:00,1,0,True,True
608535464,2026-08-17T06:20:49.258074+00:00,10,0,True,True
608535491,2026-08-17T06:20:49.258074+00:00,2,0,True,True
608535492,2026-08-17T06:20:49.258074+00:00,1,0,True,True
608535493,2026-08-17T06:20:49.258074+00:00,13,0,True,True
608535494,2026-08-17T06:20:49.258074+00:00,3,0,True,True
608535495,2026-08-17T06:20:49.258074+00:00,2,0,True,True
608535496,2026-08-17T06:20:49.258074+00:00,6,0,True,True
608535497,2026-08-17T06:20:49.258074+00:00,7,0,True,True
608535498,2026-08-17T06:20:49.258074+00:00,11,0,True,True
608535499,2026-08-17T06:20:49.258074+00:00,3,0,True,True
608535500,2026-08-17T06:20:49.258074+00:00,4,0,True,True
608535501,2026-08-17T06:20:49.258074+00:00,0,0,True,True
608535502,2026-08-17T06:20:49.258074+00:00,4,0,True,True
608535503,2026-08-17T06:20:49.258074+00:00,6,0,True,True
608535504,2026-08-17T06:20:49.258074+00:00,2,0,True,True
608535505,2026-08-17T06:20:49.258074+00:00,0,0,True,True
637793366,2026-08-17T06:20:49.258074+00:00,0,0,True,True
608535516,2026-08-17T06:20:49.258074+00:00,4,0,True,True
608535517,2026-08-17T06:20:49.258074+00:00,0,0,True,True
608535518,2026-08-17T06:20:49.258074+00:00,2,0,True,True
608535519,2026-08-17T06:20:49.258074+00:00,4,0,True,True
608535520,2026-08-17T06:20:49.258074+00:00,8,0,True,True
608535521,2026-08-17T06:20:49.258074+00:00,7,0,True,True
608535522,2026-08-17T06:20:49.258074+00:00,9,0,True,True
608535523,2026-08-17T06:20:49.258074+00:00,5,0,True,True
608535524,2026-08-17T06:20:49.258074+00:00,5,0,True,True
608535525,2026-08-17T06:20:49.258074+00:00,3,0,True,True
608535526,2026-08-17T06:20:49.258074+00:00,1,0,True,True
608535527,2026-08-17T06:20:49.258074+00:00,6,0,True,True
608535528,2026-08-17T06:20:49.258074+00:00,11,0,True,True
608535529,2026-08-17T06:20:49.258074+00:00,7,0,True,True
608535530,2026-08-17T06:20:49.258074+00:00,3,0,True,True
608535531,2026-08-17T06:20:49.258074+00:00,6,0,True,True
608535532,2026-08-17T06:20:49.258074+00:00,6,0,True,True
608535533,2026-08-17T06:20:49.258074+00:00,4,0,True,True
608535534,2026-08-17T06:20:49.258074+00:00,3,0,True,True
608535537,2026-08-17T06:20:49.258074+00:00,4,0,True,True
608535398,2026-08-17T06:20:49.258074+00:00,5,0,True,True
608535399,2026-08-17T06:20:49.258074+00:00,1,0,True,True
608535400,2026-08-17T06:20:49.258074+00:00,5,0,True,True
608535402,2026-08-17T06:20:49.258074+00:00,7,0,True,True
608535403,2026-08-17T06:20:49.258074+00:00,4,0,True,True
608535404,2026-08-17T06:20:49.258074+00:00,5,0,True,True
608535405,2026-08-17T06:20:49.258074+00:00,2,0,True,True
608535406,2026-08-17T06:20:49.258074+00:00,7,0,True,True
608535407,2026-08-17T06:20:49.258074+00:00,6,0,True,True
608535408,2026-08-17T06:20:49.258074+00:00,5,0,True,True
608535409,2026-08-17T06:20:49.258074+00:00,5,0,True,True
608535410,2026-08-17T06:20:49.258074+00:00,6,0,True,True
608535411,2026-08-17T06:20:49.258074+00:00,5,0,True,True
608535412,2026-08-17T06:20:49.258074+00:00,8,0,True,True
608535413,2026-08-17T06:20:49.258074+00:00,6,0,True,True
608535414,2026-08-17T06:20:49.258074+00:00,7,0,True,True
608535415,2026-08-17T06:20:49.258074+00:00,1,0,True,True
608535416,2026-08-17T06:20:49.258074+00:00,8,0,True,True
608535417,2026-08-17T06:20:49.258074+00:00,11,0,True,True
608535418,2026-08-17T06:20:49.258074+00:00,9,0,True,True
608535419,2026-08-17T06:20:49.258074+00:00,9,0,True,True
608535420,2026-08-17T06:20:49.258074+00:00,10,0,True,True
608535421,2026-08-17T06:20:49.258074+00:00,0,0,True,True
608535422,2026-08-17T06:20:49.258074+00:00,6,0,True,True
608535423,2026-08-17T06:20:49.258074+00:00,7,0,True,True
608535424,2026-08-17T06:20:49.258074+00:00,7,0,True,True
608535425,2026-08-17T06:20:49.258074+00:00,2,0,True,True
608535426,2026-08-17T06:20:49.258074+00:00,3,0,True,True
608535427,2026-08-17T06:20:49.258074+00:00,3,0,True,True
608535428,2026-08-17T06:20:49.258074+00:00,15,0,True,True
608535429,2026-08-17T06:20:49.258074+00:00,5,0,True,True
608535430,2026-08-17T06:20:49.258074+00:00,0,0,True,True
608535431,2026-08-17T06:20:49.258074+00:00,3,0,True,True
608535438,2026-08-17T06:20:49.258074+00:00,1,0,True,True
608535439,2026-08-17T06:20:49.258074+00:00,6,0,True,True
608535432,2026-08-17T06:20:49.258074+00:00,3,0,True,True
608535433,2026-08-17T06:20:49.258074+00:00,3,0,True,True
608535434,2026-08-17T06:20:49.258074+00:00,3,0,True,True
608535435,2026-08-17T06:20:49.258074+00:00,0,0,True,True
608535436,2026-08-17T06:20:49.258074+00:00,3,0,True,True
608535437,2026-08-17T06:20:49.258074+00:00,6,0,True,True
608535448,2026-08-17T06:20:49.258074+00:00,3,0,True,True
608535449,2026-08-17T06:20:49.258074+00:00,6,0,True,True
608535450,2026-08-17T06:20:49.258074+00:00,4,0,True,True
608535451,2026-08-17T06:20:49.258074+00:00,3,0,True,True
608535483,2026-08-17T06:20:49.258074+00:00,0,0,True,True
608535484,2026-08-17T06:20:49.258074+00:00,3,0,True,True
608535485,2026-08-17T06:20:49.258074+00:00,4,0,True,True
608535486,2026-08-17T06:20:49.258074+00:00,1,0,True,True
608535487,2026-08-17T06:20:49.258074+00:00,10,0,True,True
608535488,2026-08-17T06:20:49.258074+00:00,5,0,True,True
608535489,2026-08-17T06:20:49.258074+00:00,3,0,True,True
608535490,2026-08-17T06:20:49.258074+00:00,14,0,True,True
608535452,2026-08-17T06:20:49.258074+00:00,5,0,True,True
608535453,2026-08-17T06:20:49.258074+00:00,2,0,True,True
608535454,2026-08-17T06:20:49.258074+00:00,4,0,True,True
608535455,2026-08-17T06:20:49.258074+00:00,4,0,True,True
608535456,2026-08-17T06:20:49.258074+00:00,4,0,True,True
608535457,2026-08-17T06:20:49.258074+00:00,6,0,True,True
608535458,2026-08-17T06:20:49.258074+00:00,18,0,True,True
608535459,2026-08-17T06:20:49.258074+00:00,9,0,True,True
608535460,2026-08-17T06:20:49.258074+00:00,5,0,True,True
608535465,2026-08-17T06:20:49.258074+00:00,1,0,True,True
608535466,2026-08-17T06:20:49.258074+00:00,2,0,True,True
608535467,2026-08-17T06:20:49.258074+00:00,2,0,True,True
608535468,2026-08-17T06:20:49.258074+00:00,6,0,True,True
608535469,2026-08-17T06:20:49.258074+00:00,8,0,True,True
608535470,2026-08-17T06:20:49.258074+00:00,0,0,True,True
608535471,2026-08-17T06:20:49.258074+00:00,2,0,True,True
608535473,2026-08-17T06:20:49.258074+00:00,4,0,True,True
608535474,2026-08-17T06:20:49.258074+00:00,7,0,True,True
608535475,2026-08-17T06:20:49.258074+00:00,1,0,True,True
608535476,2026-08-17T06:20:49.258074+00:00,9,0,True,True
608535477,2026-08-17T06:20:49.258074+00:00,3,0,True,True
608535478,2026-08-17T06:20:49.258074+00:00,1,0,True,True
608535479,2026-08-17T06:20:49.258074+00:00,2,0,True,True
608535480,2026-08-17T06:20:49.258074+00:00,1,0,True,True
608535481,2026-08-17T06:20:49.258074+00:00,4,0,True,True
608535482,2026-08-17T06:20:49.258074+00:00,4,0,True,True
608535507,2026-08-17T06:20:49.258074+00:00,2,0,True,True
608535508,2026-08-17T06:20:49.258074+00:00,4,0,True,True
608535509,2026-08-17T06:20:49.258074+00:00,4,0,True,True
608535510,2026-08-17T06:20:49.258074+00:00,2,0,True,True
608535511,2026-08-17T06:20:49.258074+00:00,1,0,True,True
608535512,2026-08-17T06:20:49.258074+00:00,4,0,True,True
608535513,2026-08-17T06:20:49.258074+00:00,4,0,True,True
608535514,2026-08-17T06:20:49.258074+00:00,4,0,True,True
608535515,2026-08-17T06:20:49.258074+00:00,8,0,True,True
608535347,2026-08-17T06:20:49.258074+00:00,3,0,True,True
608535348,2026-08-17T06:20:49.258074+00:00,7,0,True,True
608535349,2026-08-17T06:20:49.258074+00:00,8,0,True,True
608535350,2026-08-17T06:20:49.258074+00:00,5,0,True,True
608535351,2026-08-17T06:20:49.258074+00:00,3,0,True,True
608535352,2026-08-17T06:20:49.258074+00:00,1,0,True,True
608535353,2026-08-17T06:20:49.258074+00:00,4,0,True,True
608535354,2026-08-17T06:20:49.258074+00:00,8,0,True,True
608535538,2026-08-17T06:20:49.258074+00:00,8,0,True,True
608535539,2026-08-17T06:20:49.258074+00:00,4,0,True,True
608535540,2026-08-17T06:20:49.258074+00:00,4,0,True,True
608535355,2026-08-17T06:20:49.258074+00:00,6,0,True,True
608535356,2026-08-17T06:20:49.258074+00:00,5,0,True,True
608535357,2026-08-17T06:20:49.258074+00:00,5,0,True,True
608535358,2026-08-17T06:20:49.258074+00:00,6,0,True,True
608535359,2026-08-17T06:20:49.258074+00:00,2,0,True,True
608535360,2026-08-17T06:20:49.258074+00:00,3,0,True,True
608535361,2026-08-17T06:20:49.258074+00:00,3,0,True,True
608535362,2026-08-17T06:20:49.258074+00:00,1,0,True,True
608535363,2026-08-17T06:20:49.258074+00:00,1,0,True,True
608535364,2026-08-17T06:20:49.258074+00:00,5,0,True,True
608535365,2026-08-17T06:20:49.258074+00:00,2,0,True,True
608535366,2026-08-17T06:20:49.258074+00:00,2,0,True,True
608535367,2026-08-17T06:20:49.258074+00:00,5,0,True,True
608535368,2026-08-17T06:20:49.258074+00:00,2,0,True,True
608535369,2026-08-17T06:20:49.258074+00:00,1,0,True,True
608535370,2026-08-17T06:20:49.258074+00:00,2,0,True,True
608535371,2026-08-17T06:20:49.258074+00:00,2,0,True,True
608535372,2026-08-17T06:20:49.258074+00:00,8,0,True,True
608535373,2026-08-17T06:20:49.258074+00:00,9,0,True,True
608535375,2026-08-17T06:20:49.258074+00:00,2,0,True,True
608535376,2026-08-17T06:20:49.258074+00:00,11,0,True,True
606857330,2026-08-17T06:20:49.258074+00:00,4,0,True,True
608534898,2026-08-17T06:20:49.258074+00:00,2,0,True,True
608534899,2026-08-17T06:20:49.258074+00:00,1,0,True,True
608534900,2026-08-17T06:20:49.258074+00:00,7,0,True,True
608534901,2026-08-17T06:20:49.258074+00:00,4,0,True,True
608534902,2026-08-17T06:20:49.258074+00:00,9,0,True,True
608534903,2026-08-17T06:20:49.258074+00:00,7,0,True,True
608534904,2026-08-17T06:20:49.258074+00:00,2,0,True,True
608534905,2026-08-17T06:20:49.258074+00:00,1,0,True,True
608534906,2026-08-17T06:20:49.258074+00:00,0,6,True,True
608534907,2026-08-17T06:20:49.258074+00:00,18,0,True,True
608534908,2026-08-17T06:20:49.258074+00:00,1,0,True,True
608534909,2026-08-17T06:20:49.258074+00:00,13,0,True,True
608534910,2026-08-17T06:20:49.258074+00:00,3,0,True,True
608534912,2026-08-17T06:20:49.258074+00:00,1,0,True,True
608534913,2026-08-17T06:20:49.258074+00:00,2,0,True,True
608534914,2026-08-17T06:20:49.258074+00:00,0,0,True,True
608534915,2026-08-17T06:20:49.258074+00:00,10,0,True,True
608534916,2026-08-17T06:20:49.258074+00:00,7,0,True,True
608534917,2026-08-17T06:20:49.258074+00:00,8,0,True,True
608534918,2026-08-17T06:20:49.258074+00:00,11,0,True,True
608534919,2026-08-17T06:20:49.258074+00:00,1,0,True,True
608534920,2026-08-17T06:20:49.258074+00:00,17,0,True,True
608534921,2026-08-17T06:20:49.258074+00:00,4,0,True,True
608534922,2026-08-17T06:20:49.258074+00:00,5,0,True,True
608534923,2026-08-17T06:20:49.258074+00:00,17,0,True,True
608534924,2026-08-17T06:20:49.258074+00:00,4,0,True,True
608534925,2026-08-17T06:20:49.258074+00:00,4,0,True,True
608534926,2026-08-17T06:20:49.258074+00:00,2,0,True,True
608534927,2026-08-17T06:20:49.258074+00:00,3,0,True,True
608534928,2026-08-17T06:20:49.258074+00:00,11,0,True,True
608534930,2026-08-17T06:20:49.258074+00:00,7,0,True,True
608534932,2026-08-17T06:20:49.258074+00:00,1,0,True,True
608534933,2026-08-17T06:20:49.258074+00:00,1,0,True,True
608534934,2026-08-17T06:20:49.258074+00:00,5,0,False,False
608534936,2026-08-17T06:20:49.258074+00:00,5,0,True,True
608534937,2026-08-17T06:20:49.258074+00:00,4,0,True,True
608534939,2026-08-17T06:20:49.258074+00:00,9,0,True,True
608534940,2026-08-17T06:20:49.258074+00:00,6,0,True,True
608534942,2026-08-17T06:20:49.258074+00:00,17,0,True,True
608534943,2026-08-17T06:20:49.258074+00:00,5,0,True,True
608534944,2026-08-17T06:20:49.258074+00:00,0,0,True,True
608534945,2026-08-17T06:20:49.258074+00:00,4,0,True,True
608534946,2026-08-17T06:20:49.258074+00:00,9,0,True,True
608534947,2026-08-17T06:20:49.258074+00:00,11,0,True,True
608534948,2026-08-17T06:20:49.258074+00:00,4,0,True,True
608534950,2026-08-17T06:20:49.258074+00:00,2,0,True,True
608534952,2026-08-17T06:20:49.258074+00:00,1,0,True,True
608534953,2026-08-17T06:20:49.258074+00:00,0,0,True,True
608534954,2026-08-17T06:20:49.258074+00:00,2,0,True,True
608534955,2026-08-17T06:20:49.258074+00:00,0,0,True,True
608534956,2026-08-17T06:20:49.258074+00:00,3,0,True,True
608534957,2026-08-17T06:20:49.258074+00:00,3,0,True,True
608534958,2026-08-17T06:20:49.258074+00:00,1,0,True,True
608534959,2026-08-17T06:20:49.258074+00:00,5,3,True,True
608534960,2026-08-17T06:20:49.258074+00:00,1,0,True,True
608534961,2026-08-17T06:20:49.258074+00:00,2,0,True,True
608534962,2026-08-17T06:20:49.258074+00:00,4,0,True,True
608534963,2026-08-17T06:20:49.258074+00:00,11,0,True,True
608534964,2026-08-17T06:20:49.258074+00:00,6,0,True,True
608534965,2026-08-17T06:20:49.258074+00:00,1,0,True,True
608534967,2026-08-17T06:20:49.258074+00:00,2,0,True,True
608534968,2026-08-17T06:20:49.258074+00:00,16,0,True,True
608534969,2026-08-17T06:20:49.258074+00:00,0,0,True,True
608534970,2026-08-17T06:20:49.258074+00:00,2,0,True,True
608534971,2026-08-17T06:20:49.258074+00:00,3,0,True,True
608534973,2026-08-17T06:20:49.258074+00:00,3,0,True,True
608534974,2026-08-17T06:20:49.258074+00:00,14,0,True,True
608534975,2026-08-17T06:20:49.258074+00:00,2,0,True,True
608534977,2026-08-17T06:20:49.258074+00:00,0,0,True,True
608534978,2026-08-17T06:20:49.258074+00:00,3,0,True,True
608534979,2026-08-17T06:20:49.258074+00:00,0,0,True,True
608534980,2026-08-17T06:20:49.258074+00:00,0,0,True,True
608534981,2026-08-17T06:20:49.258074+00:00,0,0,True,True
608534982,2026-08-17T06:20:49.258074+00:00,1,0,True,True
608534983,2026-08-17T06:20:49.258074+00:00,1,0,True,True
608534984,2026-08-17T06:20:49.258074+00:00,1,0,True,True
608534985,2026-08-17T06:20:49.258074+00:00,2,0,True,True
608534986,2026-08-17T06:20:49.258074+00:00,0,0,True,True
608534987,2026-08-17T06:20:49.258074+00:00,2,0,True,True
608534988,2026-08-17T06:20:49.258074+00:00,2,0,True,True
608534990,2026-08-17T06:20:49.258074+00:00,4,0,True,True
608534991,2026-08-17T06:20:49.258074+00:00,2,0,True,True
608534992,2026-08-17T06:20:49.258074+00:00,1,0,True,True
608534993,2026-08-17T06:20:49.258074+00:00,2,0,True,True
608534994,2026-08-17T06:20:49.258074+00:00,0,0,True,True
608534995,2026-08-17T06:20:49.258074+00:00,9,0,True,True
608534996,2026-08-17T06:20:49.258074+00:00,0,0,True,True
608534998,2026-08-17T06:20:49.258074+00:00,0,0,True,True
608534999,2026-08-17T06:20:49.258074+00:00,1,0,True,True
608535000,2026-08-17T06:20:49.258074+00:00,0,0,True,True
608535001,2026-08-17T06:20:49.258074+00:00,5,0,True,True
608535002,2026-08-17T06:20:49.258074+00:00,0,0,True,True
608535003,2026-08-17T06:20:49.258074+00:00,0,0,True,True
608535004,2026-08-17T06:20:49.258074+00:00,2,0,True,True
608535005,2026-08-17T06:20:49.258074+00:00,12,0,True,True
608535006,2026-08-17T06:20:49.258074+00:00,3,0,True,True
608535007,2026-08-17T06:20:49.258074+00:00,0,0,True,True
608535008,2026-08-17T06:20:49.258074+00:00,1,0,True,True
608535009,2026-08-17T06:20:49.258074+00:00,4,0,True,True
608535010,2026-08-17T06:20:49.258074+00:00,0,0,True,True
608535011,2026-08-17T06:20:49.258074+00:00,1,0,True,True
608535012,2026-08-17T06:20:49.258074+00:00,2,0,True,True
608535013,2026-08-17T06:20:49.258074+00:00,0,0,True,True
608535014,2026-08-17T06:20:49.258074+00:00,9,0,True,True
608535015,2026-08-17T06:20:49.258074+00:00,0,0,True,True
608535016,2026-08-17T06:20:49.258074+00:00,1,0,True,True
608535017,2026-08-17T06:20:49.258074+00:00,7,0,True,True
608535018,2026-08-17T06:20:49.258074+00:00,3,0,True,True
608535019,2026-08-17T06:20:49.258074+00:00,4,0,True,True
608535020,2026-08-17T06:20:49.258074+00:00,1,0,True,True
608535021,2026-08-17T06:20:49.258074+00:00,0,0,True,True
608535022,2026-08-17T06:20:49.258074+00:00,4,0,True,True
608535023,2026-08-17T06:20:49.258074+00:00,5,0,True,True
608535024,2026-08-17T06:20:49.258074+00:00,5,0,True,True
608535025,2026-08-17T06:20:49.258074+00:00,1,0,True,True
608535026,2026-08-17T06:20:49.258074+00:00,3,0,True,True
608535027,2026-08-17T06:20:49.258074+00:00,7,0,True,True
608535028,2026-08-17T06:20:49.258074+00:00,8,0,True,True
608535029,2026-08-17T06:20:49.258074+00:00,6,0,True,True
608535030,2026-08-17T06:20:49.258074+00:00,0,0,True,True
608535031,2026-08-17T06:20:49.258074+00:00,12,0,True,True
608535032,2026-08-17T06:20:49.258074+00:00,5,0,True,True
608535033,2026-08-17T06:20:49.258074+00:00,7,0,True,True
608535034,2026-08-17T06:20:49.258074+00:00,4,0,True,True
608535036,2026-08-17T06:20:49.258074+00:00,7,0,True,True
608535037,2026-08-17T06:20:49.258074+00:00,8,0,True,True
608535038,2026-08-17T06:20:49.258074+00:00,3,0,True,True
608535039,2026-08-17T06:20:49.258074+00:00,7,0,True,True
608535040,2026-08-17T06:20:49.258074+00:00,2,0,True,True
608535041,2026-08-17T06:20:49.258074+00:00,3,0,True,True
608535042,2026-08-17T06:20:49.258074+00:00,9,0,True,True
608535043,2026-08-17T06:20:49.258074+00:00,6,0,True,True
608535044,2026-08-17T06:20:49.258074+00:00,1,0,True,True
608535045,2026-08-17T06:20:49.258074+00:00,9,0,True,True
608535046,2026-08-17T06:20:49.258074+00:00,5,0,True,True
608535047,2026-08-17T06:20:49.258074+00:00,5,0,True,True
608535048,2026-08-17T06:20:49.258074+00:00,17,0,True,True
608535049,2026-08-17T06:20:49.258074+00:00,9,0,True,True
608535050,2026-08-17T06:20:49.258074+00:00,9,0,True,True
608535051,2026-08-17T06:20:49.258074+00:00,13,0,True,True
608535052,2026-08-17T06:20:49.258074+00:00,7,0,True,True
608535053,2026-08-17T06:20:49.258074+00:00,4,0,True,True
608535054,2026-08-17T06:20:49.258074+00:00,5,0,True,True
608535055,2026-08-17T06:20:49.258074+00:00,6,0,True,True
608535057,2026-08-17T06:20:49.258074+00:00,12,0,True,True
608535058,2026-08-17T06:20:49.258074+00:00,10,0,True,True
608535059,2026-08-17T06:20:49.258074+00:00,17,0,True,True
608535060,2026-08-17T06:20:49.258074+00:00,14,0,True,True
608535061,2026-08-17T06:20:49.258074+00:00,4,0,True,True
608535062,2026-08-17T06:20:49.258074+00:00,2,0,True,True
608535063,2026-08-17T06:20:49.258074+00:00,9,0,True,True
608535064,2026-08-17T06:20:49.258074+00:00,7,0,True,True
608535065,2026-08-17T06:20:49.258074+00:00,4,0,True,True
608535066,2026-08-17T06:20:49.258074+00:00,12,0,True,True
608535067,2026-08-17T06:20:49.258074+00:00,22,0,True,True
608535068,2026-08-17T06:20:49.258074+00:00,3,0,True,True
608535069,2026-08-17T06:20:49.258074+00:00,6,0,True,True
608535070,2026-08-17T06:20:49.258074+00:00,0,0,True,True
608535071,2026-08-17T06:20:49.258074+00:00,4,0,True,True
608535072,2026-08-17T06:20:49.258074+00:00,2,0,True,True
608535073,2026-08-17T06:20:49.258074+00:00,0,0,True,True
608535074,2026-08-17T06:20:49.258074+00:00,8,0,True,True
608535075,2026-08-17T06:20:49.258074+00:00,8,0,True,True
608535077,2026-08-17T06:20:49.258074+00:00,1,0,True,True
608535078,2026-08-17T06:20:49.258074+00:00,4,0,True,True
608535079,2026-08-17T06:20:49.258074+00:00,5,0,True,True
608535080,2026-08-17T06:20:49.258074+00:00,5,0,True,True
608535081,2026-08-17T06:20:49.258074+00:00,19,0,True,True
608535082,2026-08-17T06:20:49.258074+00:00,6,0,True,True
608535083,2026-08-17T06:20:49.258074+00:00,4,0,True,True
608535084,2026-08-17T06:20:49.258074+00:00,5,0,True,True
608535085,2026-08-17T06:20:49.258074+00:00,6,0,True,True
608535086,2026-08-17T06:20:49.258074+00:00,6,0,True,True
608535087,2026-08-17T06:20:49.258074+00:00,0,0,True,True
608535088,2026-08-17T06:20:49.258074+00:00,2,0,True,True
608535089,2026-08-17T06:20:49.258074+00:00,2,0,True,True
608535090,2026-08-17T06:20:49.258074+00:00,3,0,True,True
608535091,2026-08-17T06:20:49.258074+00:00,0,0,True,True
608535092,2026-08-17T06:20:49.258074+00:00,5,0,True,True
608535093,2026-08-17T06:20:49.258074+00:00,1,0,True,True
608535094,2026-08-17T06:20:49.258074+00:00,11,0,True,True
608535095,2026-08-17T06:20:49.258074+00:00,4,0,True,True
608535096,2026-08-17T06:20:49.258074+00:00,4,0,True,True
608535097,2026-08-17T06:20:49.258074+00:00,2,0,True,True
608535098,2026-08-17T06:20:49.258074+00:00,8,0,True,True
608535099,2026-08-17T06:20:49.258074+00:00,14,0,True,True
608535100,2026-08-17T06:20:49.258074+00:00,5,0,True,True
608535101,2026-08-17T06:20:49.258074+00:00,6,0,True,True
608535102,2026-08-17T06:20:49.258074+00:00,1,0,True,True
608535103,2026-08-17T06:20:49.258074+00:00,12,0,True,True
608535104,2026-08-17T06:20:49.258074+00:00,2,0,True,True
608535105,2026-08-17T06:20:49.258074+00:00,9,0,True,True
608535106,2026-08-17T06:20:49.258074+00:00,2,0,True,True
608535107,2026-08-17T06:20:49.258074+00:00,4,0,True,True
608535108,2026-08-17T06:20:49.258074+00:00,8,0,True,True
608535109,2026-08-17T06:20:49.258074+00:00,9,0,True,True
608535110,2026-08-17T06:20:49.258074+00:00,10,0,True,True
608535111,2026-08-17T06:20:49.258074+00:00,1,0,True,True
608535112,2026-08-17T06:20:49.258074+00:00,4,0,True,True
608535113,2026-08-17T06:20:49.258074+00:00,4,0,True,True
608535114,2026-08-17T06:20:49.258074+00:00,1,0,True,True
608535116,2026-08-17T06:20:49.258074+00:00,3,0,True,True
608535117,2026-08-17T06:20:49.258074+00:00,11,0,True,True
608535118,2026-08-17T06:20:49.258074+00:00,4,0,True,True
608535119,2026-08-17T06:20:49.258074+00:00,0,0,True,True
608535120,2026-08-17T06:20:49.258074+00:00,6,0,True,True
608535121,2026-08-17T06:20:49.258074+00:00,0,0,True,True
608535122,2026-08-17T06:20:49.258074+00:00,4,0,True,True
608535123,2026-08-17T06:20:49.258074+00:00,0,0,True,True
608535124,2026-08-17T06:20:49.258074+00:00,5,0,True,True
608535125,2026-08-17T06:20:49.258074+00:00,0,0,True,True
608535126,2026-08-17T06:20:49.258074+00:00,9,0,True,True
608535127,2026-08-17T06:20:49.258074+00:00,2,0,True,True
608535128,2026-08-17T06:20:49.258074+00:00,1,0,True,True
608535129,2026-08-17T06:20:49.258074+00:00,5,0,True,True
608535130,2026-08-17T06:20:49.258074+00:00,3,0,True,True
608535131,2026-08-17T06:20:49.258074+00:00,7,0,True,True
608535132,2026-08-17T06:20:49.258074+00:00,0,0,True,True
608535133,2026-08-17T06:20:49.258074+00:00,3,0,True,True
608535134,2026-08-17T06:20:49.258074+00:00,2,0,True,True
608535135,2026-08-17T06:20:49.258074+00:00,4,0,True,True
608535136,2026-08-17T06:20:49.258074+00:00,1,0,True,True
608535137,2026-08-17T06:20:49.258074+00:00,0,0,True,True
608535138,2026-08-17T06:20:49.258074+00:00,4,0,True,True
608535139,2026-08-17T06:20:49.258074+00:00,5,0,True,True
608535140,2026-08-17T06:20:49.258074+00:00,3,0,True,True
608535141,2026-08-17T06:20:49.258074+00:00,6,0,True,True
608535142,2026-08-17T06:20:49.258074+00:00,7,0,True,True
608535143,2026-08-17T06:20:49.258074+00:00,2,0,True,True
608535144,2026-08-17T06:20:49.258074+00:00,9,0,True,True
608535145,2026-08-17T06:20:49.258074+00:00,22,0,True,True
608535146,2026-08-17T06:20:49.258074+00:00,4,0,True,True
608535147,2026-08-17T06:20:49.258074+00:00,6,0,True,True
608535148,2026-08-17T06:20:49.258074+00:00,3,0,True,True
608535149,2026-08-17T06:20:49.258074+00:00,3,0,True,True
608535150,2026-08-17T06:20:49.258074+00:00,11,0,True,True
608535151,2026-08-17T06:20:49.258074+00:00,1,0,True,True
608535152,2026-08-17T06:20:49.258074+00:00,2,0,True,True
608535153,2026-08-17T06:20:49.258074+00:00,2,0,True,True
608535154,2026-08-17T06:20:49.258074+00:00,0,0,True,True
608535155,2026-08-17T06:20:49.258074+00:00,0,0,True,True
608535156,2026-08-17T06:20:49.258074+00:00,2,0,True,True
608535157,2026-08-17T06:20:49.258074+00:00,2,0,True,True
608535158,2026-08-17T06:20:49.258074+00:00,3,0,True,True
608535159,2026-08-17T06:20:49.258074+00:00,0,0,True,True
608535160,2026-08-17T06:20:49.258074+00:00,1,0,True,True
608535162,2026-08-17T06:20:49.258074+00:00,1,0,True,True
608535163,2026-08-17T06:20:49.258074+00:00,4,0,True,True
608535164,2026-08-17T06:20:49.258074+00:00,3,0,True,True
608535165,2026-08-17T06:20:49.258074+00:00,2,0,True,True
608535166,2026-08-17T06:20:49.258074+00:00,3,0,True,True
608535167,2026-08-17T06:20:49.258074+00:00,3,0,True,True
608535168,2026-08-17T06:20:49.258074+00:00,5,0,True,True
608535169,2026-08-17T06:20:49.258074+00:00,10,0,True,True
608535170,2026-08-17T06:20:49.258074+00:00,4,0,True,True
608535171,2026-08-17T06:20:49.258074+00:00,3,0,True,True
608535172,2026-08-17T06:20:49.258074+00:00,7,0,True,True
608535173,2026-08-17T06:20:49.258074+00:00,8,0,True,True
608535174,2026-08-17T06:20:49.258074+00:00,0,0,True,True
608535175,2026-08-17T06:20:49.258074+00:00,2,0,True,True
608535176,2026-08-17T06:20:49.258074+00:00,1,0,True,True
608535178,2026-08-17T06:20:49.258074+00:00,8,0,True,True
608535179,2026-08-17T06:20:49.258074+00:00,7,0,True,True
608535180,2026-08-17T06:20:49.258074+00:00,2,0,True,True
608535181,2026-08-17T06:20:49.258074+00:00,3,0,True,True
608535182,2026-08-17T06:20:49.258074+00:00,4,0,True,True
608535183,2026-08-17T06:20:49.258074+00:00,2,0,True,True
608535184,2026-08-17T06:20:49.258074+00:00,2,0,True,True
608535185,2026-08-17T06:20:49.258074+00:00,3,0,True,True
608535186,2026-08-17T06:20:49.258074+00:00,9,0,True,True
608535187,2026-08-17T06:20:49.258074+00:00,1,0,True,True
608535188,2026-08-17T06:20:49.258074+00:00,9,0,True,True
608535189,2026-08-17T06:20:49.258074+00:00,1,0,True,True
608535190,2026-08-17T06:20:49.258074+00:00,7,0,True,True
608535192,2026-08-17T06:20:49.258074+00:00,14,0,True,True
608535193,2026-08-17T06:20:49.258074+00:00,9,0,True,True
608535194,2026-08-17T06:20:49.258074+00:00,2,0,True,True
608535195,2026-08-17T06:20:49.258074+00:00,2,0,True,True
608535196,2026-08-17T06:20:49.258074+00:00,4,0,True,True
608535197,2026-08-17T06:20:49.258074+00:00,0,0,True,True
608535198,2026-08-17T06:20:49.258074+00:00,2,0,True,True
608535199,2026-08-17T06:20:49.258074+00:00,7,0,True,True
608535200,2026-08-17T06:20:49.258074+00:00,0,0,True,True
608535201,2026-08-17T06:20:49.258074+00:00,2,0,True,True
608535202,2026-08-17T06:20:49.258074+00:00,2,0,True,True
608535203,2026-08-17T06:20:49.258074+00:00,9,0,True,True
608535204,2026-08-17T06:20:49.258074+00:00,3,0,True,True
608535205,2026-08-17T06:20:49.258074+00:00,8,0,True,True
608535206,2026-08-17T06:20:49.258074+00:00,6,0,True,True
608535207,2026-08-17T06:20:49.258074+00:00,4,0,True,True
608535208,2026-08-17T06:20:49.258074+00:00,6,0,True,True
608535209,2026-08-17T06:20:49.258074+00:00,2,0,True,True
608535210,2026-08-17T06:20:49.258074+00:00,14,0,True,True
608535211,2026-08-17T06:20:49.258074+00:00,4,0,True,True
608535212,2026-08-17T06:20:49.258074+00:00,3,0,True,True
608535213,2026-08-17T06:20:49.258074+00:00,12,0,True,True
608535214,2026-08-17T06:20:49.258074+00:00,5,0,True,True
608535215,2026-08-17T06:20:49.258074+00:00,2,0,True,True
608535216,2026-08-17T06:20:49.258074+00:00,8,0,True,True
608535217,2026-08-17T06:20:49.258074+00:00,8,0,True,True
608535218,2026-08-17T06:20:49.258074+00:00,6,0,True,True
608535219,2026-08-17T06:20:49.258074+00:00,4,0,True,True
608535220,2026-08-17T06:20:49.258074+00:00,4,0,True,True
608535221,2026-08-17T06:20:49.258074+00:00,2,0,True,True
608535222,2026-08-17T06:20:49.258074+00:00,6,0,True,True
608535223,2026-08-17T06:20:49.258074+00:00,10,0,True,True
608535224,2026-08-17T06:20:49.258074+00:00,3,0,True,True
608535225,2026-08-17T06:20:49.258074+00:00,5,0,True,True
608535226,2026-08-17T06:20:49.258074+00:00,0,0,True,True
608535227,2026-08-17T06:20:49.258074+00:00,1,0,True,True
608535228,2026-08-17T06:20:49.258074+00:00,10,0,True,True
608535229,2026-08-17T06:20:49.258074+00:00,10,0,True,True
608535230,2026-08-17T06:20:49.258074+00:00,2,0,True,True
608535231,2026-08-17T06:20:49.258074+00:00,3,0,True,True
608535232,2026-08-17T06:20:49.258074+00:00,3,0,True,True
608535234,2026-08-17T06:20:49.258074+00:00,13,0,True,True
608535235,2026-08-17T06:20:49.258074+00:00,9,0,True,True
608535236,2026-08-17T06:20:49.258074+00:00,5,0,True,True
608535237,2026-08-17T06:20:49.258074+00:00,5,0,True,True
608535238,2026-08-17T06:20:49.258074+00:00,3,0,True,True
608535239,2026-08-17T06:20:49.258074+00:00,4,0,True,True
608535240,2026-08-17T06:20:49.258074+00:00,2,0,True,True
608535241,2026-08-17T06:20:49.258074+00:00,0,0,True,True
608535242,2026-08-17T06:20:49.258074+00:00,9,0,True,True
608535243,2026-08-17T06:20:49.258074+00:00,7,0,True,True
608535244,2026-08-17T06:20:49.258074+00:00,2,0,True,True
608535245,2026-08-17T06:20:49.258074+00:00,10,0,True,True
608535246,2026-08-17T06:20:49.258074+00:00,5,0,True,True
608535247,2026-08-17T06:20:49.258074+00:00,5,0,True,True
608535248,2026-08-17T06:20:49.258074+00:00,3,0,True,True
608535249,2026-08-17T06:20:49.258074+00:00,8,0,True,True
608535250,2026-08-17T06:20:49.258074+00:00,4,0,True,True
608535251,2026-08-17T06:20:49.258074+00:00,8,0,True,True
608535252,2026-08-17T06:20:49.258074+00:00,2,0,True,True
608535254,2026-08-17T06:20:49.258074+00:00,4,0,True,True
608535255,2026-08-17T06:20:49.258074+00:00,5,0,True,True
613312171,2026-08-17T06:20:49.258074+00:00,6,0,True,True
613312172,2026-08-17T06:20:49.258074+00:00,0,0,True,True
613312173,2026-08-17T06:20:49.258074+00:00,4,0,True,True
613312174,2026-08-17T06:20:49.258074+00:00,0,0,True,True
613312175,2026-08-17T06:20:49.258074+00:00,1,0,True,True
613312176,2026-08-17T06:20:49.258074+00:00,12,0,True,True
613312177,2026-08-17T06:20:49.258074+00:00,1,0,True,True
613312179,2026-08-17T06:20:49.258074+00:00,6,0,True,True
613312180,2026-08-17T06:20:49.258074+00:00,7,0,True,True
613312181,2026-08-17T06:20:49.258074+00:00,17,0,True,True
613312182,2026-08-17T06:20:49.258074+00:00,3,0,True,True
613312183,2026-08-17T06:20:49.258074+00:00,6,0,True,True
613312184,2026-08-17T06:20:49.258074+00:00,5,0,True,True
613312185,2026-08-17T06:20:49.258074+00:00,3,0,True,True
613312186,2026-08-17T06:20:49.258074+00:00,2,0,True,True
613312187,2026-08-17T06:20:49.258074+00:00,1,0,True,True
613312188,2026-08-17T06:20:49.258074+00:00,1,0,True,True
613312189,2026-08-17T06:20:49.258074+00:00,2,0,True,True
613312190,2026-08-17T06:20:49.258074+00:00,1,0,True,True
613312191,2026-08-17T06:20:49.258074+00:00,1,0,True,True
613312192,2026-08-17T06:20:49.258074+00:00,1,0,True,True
613312193,2026-08-17T06:20:49.258074+00:00,0,0,True,True
613312194,2026-08-17T06:20:49.258074+00:00,2,0,True,True
613312195,2026-08-17T06:20:49.258074+00:00,2,0,True,True
613312196,2026-08-17T06:20:49.258074+00:00,5,0,True,True
613312197,2026-08-17T06:20:49.258074+00:00,2,0,True,True
613312198,2026-08-17T06:20:49.258074+00:00,8,0,True,True
613312199,2026-08-17T06:20:49.258074+00:00,4,0,True,True
613312200,2026-08-17T06:20:49.258074+00:00,7,0,True,True
613312201,2026-08-17T06:20:49.258074+00:00,0,0,True,True
613312202,2026-08-17T06:20:49.258074+00:00,10,0,True,True
613312203,2026-08-17T06:20:49.258074+00:00,2,0,True,True
613312204,2026-08-17T06:20:49.258074+00:00,5,0,True,True
613312205,2026-08-17T06:20:49.258074+00:00,11,0,True,True
613312206,2026-08-17T06:20:49.258074+00:00,4,0,True,True
613312207,2026-08-17T06:20:49.258074+00:00,4,0,True,True
613312208,2026-08-17T06:20:49.258074+00:00,4,0,True,True
613312209,2026-08-17T06:20:49.258074+00:00,6,0,True,True
613312210,2026-08-17T06:20:49.258074+00:00,4,0,True,True
613312211,2026-08-17T06:20:49.258074+00:00,5,0,True,True
613312212,2026-08-17T06:20:49.258074+00:00,3,0,True,True
613312213,2026-08-17T06:20:49.258074+00:00,1,0,True,True
613312214,2026-08-17T06:20:49.258074+00:00,4,0,True,True
613312215,2026-08-17T06:20:49.258074+00:00,6,0,True,True
613312216,2026-08-17T06:20:49.258074+00:00,5,0,True,True
613312217,2026-08-17T06:20:49.258074+00:00,2,0,True,True
613312218,2026-08-17T06:20:49.258074+00:00,6,0,True,True
613312219,2026-08-17T06:20:49.258074+00:00,1,0,True,True
613312220,2026-08-17T06:20:49.258074+00:00,3,0,True,True
613312221,2026-08-17T06:20:49.258074+00:00,12,0,True,True
613312222,2026-08-17T06:20:49.258074+00:00,8,0,True,True
613312223,2026-08-17T06:20:49.258074+00:00,2,0,True,True
613312224,2026-08-17T06:20:49.258074+00:00,5,0,True,True
613312225,2026-08-17T06:20:49.258074+00:00,16,0,True,True
613312226,2026-08-17T06:20:49.258074+00:00,3,0,True,True
613312227,2026-08-17T06:20:49.258074+00:00,5,0,True,True
613312228,2026-08-17T06:20:49.258074+00:00,4,0,True,True
613312229,2026-08-17T06:20:49.258074+00:00,9,0,True,True
613312230,2026-08-17T06:20:49.258074+00:00,1,0,True,True
613312231,2026-08-17T06:20:49.258074+00:00,4,0,True,True
613312233,2026-08-17T06:20:49.258074+00:00,1,0,True,True
613312234,2026-08-17T06:20:49.258074+00:00,4,0,True,True
613312236,2026-08-17T06:20:49.258074+00:00,2,0,True,True
613312237,2026-08-17T06:20:49.258074+00:00,12,0,True,True
613312238,2026-08-17T06:20:49.258074+00:00,2,0,True,True
613312239,2026-08-17T06:20:49.258074+00:00,1,0,True,True
613312240,2026-08-17T06:20:49.258074+00:00,6,0,True,True
613312241,2026-08-17T06:20:49.258074+00:00,3,0,True,True
613312242,2026-08-17T06:20:49.258074+00:00,3,0,True,True
613312243,2026-08-17T06:20:49.258074+00:00,2,0,True,True
613312244,2026-08-17T06:20:49.258074+00:00,7,0,True,True
613312245,2026-08-17T06:20:49.258074+00:00,1,0,True,True
613312246,2026-08-17T06:20:49.258074+00:00,7,0,True,True
613312247,2026-08-17T06:20:49.258074+00:00,5,0,True,True
613312248,2026-08-17T06:20:49.258074+00:00,5,0,True,True
613312249,2026-08-17T06:20:49.258074+00:00,2,0,True,True
613312250,2026-08-17T06:20:49.258074+00:00,10,0,True,True
613312251,2026-08-17T06:20:49.258074+00:00,7,0,True,True
613312252,2026-08-17T06:20:49.258074+00:00,4,0,True,True
613312253,2026-08-17T06:20:49.258074+00:00,2,0,True,True
613312254,2026-08-17T06:20:49.258074+00:00,7,0,True,True
613312255,2026-08-17T06:20:49.258074+00:00,3,0,True,True
613312256,2026-08-17T06:20:49.258074+00:00,10,0,True,True
613312257,2026-08-17T06:20:49.258074+00:00,6,0,True,True
613312258,2026-08-17T06:20:49.258074+00:00,5,0,True,True
613312259,2026-08-17T06:20:49.258074+00:00,7,0,True,True
613312260,2026-08-17T06:20:49.258074+00:00,0,0,True,True
613312261,2026-08-17T06:20:49.258074+00:00,1,0,True,True
613312262,2026-08-17T06:20:49.258074+00:00,0,0,True,True
613312263,2026-08-17T06:20:49.258074+00:00,2,0,True,True
613312264,2026-08-17T06:20:49.258074+00:00,5,0,True,True
613312265,2026-08-17T06:20:49.258074+00:00,6,0,True,True
613312266,2026-08-17T06:20:49.258074+00:00,6,0,True,True
613312267,2026-08-17T06:20:49.258074+00:00,5,0,True,True
613312268,2026-08-17T06:20:49.258074+00:00,9,0,True,True
613312269,2026-08-17T06:20:49.258074+00:00,13,0,True,True
613312270,2026-08-17T06:20:49.258074+00:00,11,0,True,True
613312271,2026-08-17T06:20:49.258074+00:00,1,0,True,True
613312272,2026-08-17T06:20:49.258074+00:00,5,0,True,True
613312273,2026-08-17T06:20:49.258074+00:00,8,0,True,True
613312274,2026-08-17T06:20:49.258074+00:00,9,0,True,True
613312275,2026-08-17T06:20:49.258074+00:00,14,0,True,True
613312276,2026-08-17T06:20:49.258074+00:00,0,0,True,True
613312277,2026-08-17T06:20:49.258074+00:00,1,0,True,True
613312278,2026-08-17T06:20:49.258074+00:00,5,0,True,True
613312279,2026-08-17T06:20:49.258074+00:00,13,0,True,True
613312281,2026-08-17T06:20:49.258074+00:00,2,0,True,True
613312282,2026-08-17T06:20:49.258074+00:00,1,0,True,True
613312283,2026-08-17T06:20:49.258074+00:00,3,0,True,True
613312284,2026-08-17T06:20:49.258074+00:00,7,0,True,True
613312285,2026-08-17T06:20:49.258074+00:00,3,0,True,True
613312286,2026-08-17T06:20:49.258074+00:00,2,0,True,True
613312287,2026-08-17T06:20:49.258074+00:00,6,0,True,True
613312288,2026-08-17T06:20:49.258074+00:00,5,0,True,True
613312289,2026-08-17T06:20:49.258074+00:00,7,0,True,True
613312290,2026-08-17T06:20:49.258074+00:00,10,0,True,True
613312291,2026-08-17T06:20:49.258074+00:00,2,0,True,True
613312292,2026-08-17T06:20:49.258074+00:00,4,0,True,True
613312293,2026-08-17T06:20:49.258074+00:00,11,0,True,True
613312294,2026-08-17T06:20:49.258074+00:00,11,0,True,True
613312295,2026-08-17T06:20:49.258074+00:00,16,0,True,True
613312296,2026-08-17T06:20:49.258074+00:00,7,0,True,True
613312297,2026-08-17T06:20:49.258074+00:00,4,0,True,True
613312298,2026-08-17T06:20:49.258074+00:00,4,0,True,True
613312299,2026-08-17T06:20:49.258074+00:00,6,0,True,True
613312300,2026-08-17T06:20:49.258074+00:00,16,0,True,True
613312301,2026-08-17T06:20:49.258074+00:00,9,0,True,True
613312302,2026-08-17T06:20:49.258074+00:00,4,0,True,True
613312303,2026-08-17T06:20:49.258074+00:00,9,0,True,True
613312304,2026-08-17T06:20:49.258074+00:00,9,0,True,True
613312305,2026-08-17T06:20:49.258074+00:00,21,0,True,True
613312306,2026-08-17T06:20:49.258074+00:00,12,0,True,True
613312307,2026-08-17T06:20:49.258074+00:00,8,0,True,True
613312308,2026-08-17T06:20:49.258074+00:00,5,0,True,True
613312309,2026-08-17T06:20:49.258074+00:00,9,0,True,True
613312310,2026-08-17T06:20:49.258074+00:00,7,0,True,True
613312311,2026-08-17T06:20:49.258074+00:00,16,0,True,True
613312312,2026-08-17T06:20:49.258074+00:00,18,0,True,True
613312313,2026-08-17T06:20:49.258074+00:00,4,0,True,True
613312314,2026-08-17T06:20:49.258074+00:00,8,0,True,True
613312315,2026-08-17T06:20:49.258074+00:00,6,0,True,True
613510037,2026-08-17T06:20:49.258074+00:00,3,0,True,True
624056982,2026-08-17T06:20:49.258074+00:00,5,0,True,True
624057057,2026-08-17T06:20:49.258074+00:00,3,0,True,True
631244273,2026-08-17T06:20:49.258074+00:00,0,0,True,True
631244274,2026-08-17T06:20:49.258074+00:00,4,0,True,True
631244275,2026-08-17T06:20:49.258074+00:00,3,0,True,True
631244276,2026-08-17T06:20:49.258074+00:00,15,0,True,True
631244277,2026-08-17T06:20:49.258074+00:00,2,0,True,True
631244278,2026-08-17T06:20:49.258074+00:00,0,0,True,True
631244280,2026-08-17T06:20:49.258074+00:00,7,0,True,True
631244281,2026-08-17T06:20:49.258074+00:00,8,0,True,True
631244286,2026-08-17T06:20:49.258074+00:00,1,0,True,True
631244287,2026-08-17T06:20:49.258074+00:00,6,0,True,True
631244288,2026-08-17T06:20:49.258074+00:00,6,0,True,True
631244289,2026-08-17T06:20:49.258074+00:00,1,0,True,True
631244290,2026-08-17T06:20:49.258074+00:00,2,0,True,True
631244291,2026-08-17T06:20:49.258074+00:00,2,0,True,True
631244292,2026-08-17T06:20:49.258074+00:00,2,0,True,True
631244293,2026-08-17T06:20:49.258074+00:00,1,0,True,True
631244294,2026-08-17T06:20:49.258074+00:00,3,0,True,True
631244295,2026-08-17T06:20:49.258074+00:00,2,0,True,True
631244297,2026-08-17T06:20:49.258074+00:00,7,0,True,True
631244302,2026-08-17T06:20:49.258074+00:00,4,0,True,True
631244303,2026-08-17T06:20:49.258074+00:00,5,0,True,True
631244304,2026-08-17T06:20:49.258074+00:00,4,0,True,True
631244306,2026-08-17T06:20:49.258074+00:00,3,0,True,True
631244308,2026-08-17T06:20:49.258074+00:00,14,0,True,True
631244309,2026-08-17T06:20:49.258074+00:00,11,0,True,True
631244311,2026-08-17T06:20:49.258074+00:00,8,0,True,True
631244312,2026-08-17T06:20:49.258074+00:00,2,0,True,True
631244313,2026-08-17T06:20:49.258074+00:00,2,0,True,True
631244315,2026-08-17T06:20:49.258074+00:00,9,0,True,True
631244316,2026-08-17T06:20:49.258074+00:00,1,0,True,True
637793642,2026-08-17T06:20:49.258074+00:00,14,0,True,True
637794034,2026-08-17T06:20:49.258074+00:00,2,0,True,True
608535280,2026-08-17T07:33:47.819437+00:00,6,0,True,True
608535281,2026-08-17T07:33:47.819437+00:00,5,0,True,True
608535282,2026-08-17T07:33:47.819437+00:00,6,0,True,True
608535283,2026-08-17T07:33:47.819437+00:00,4,0,True,True
608535284,2026-08-17T07:33:47.819437+00:00,4,0,True,True
608535285,2026-08-17T07:33:47.819437+00:00,2,0,True,True
608535286,2026-08-17T07:33:47.819437+00:00,4,0,True,True
608535287,2026-08-17T07:33:47.819437+00:00,5,0,True,True
608535288,2026-08-17T07:33:47.819437+00:00,3,0,True,True
608535289,2026-08-17T07:33:47.819437+00:00,3,0,True,True
608535290,2026-08-17T07:33:47.819437+00:00,6,0,True,True
608535291,2026-08-17T07:33:47.819437+00:00,8,0,True,True
608535292,2026-08-17T07:33:47.819437+00:00,2,0,True,True
608535293,2026-08-17T07:33:47.819437+00:00,7,0,True,True
608535294,2026-08-17T07:33:47.819437+00:00,5,0,True,True
608535295,2026-08-17T07:33:47.819437+00:00,6,0,True,True
608535296,2026-08-17T07:33:47.819437+00:00,4,0,True,True
608535297,2026-08-17T07:33:47.819437+00:00,8,0,True,True
608535298,2026-08-17T07:33:47.819437+00:00,6,0,True,True
608535299,2026-08-17T07:33:47.819437+00:00,5,0,True,True
608535300,2026-08-17T07:33:47.819437+00:00,8,0,True,True
608535301,2026-08-17T07:33:47.819437+00:00,8,0,True,True
608535302,2026-08-17T07:33:47.819437+00:00,6,0,True,True
608535303,2026-08-17T07:33:47.819437+00:00,5,0,True,True
608535304,2026-08-17T07:33:47.819437+00:00,5,0,True,True
608535305,2026-08-17T07:33:47.819437+00:00,8,0,True,True
608535306,2026-08-17T07:33:47.819437+00:00,2,0,True,True
608535307,2026-08-17T07:33:47.819437+00:00,6,0,True,True
608535308,2026-08-17T07:33:47.819437+00:00,6,0,True,True
608535309,2026-08-17T07:33:47.819437+00:00,3,0,True,True
608535310,2026-08-17T07:33:47.819437+00:00,6,0,True,True
608535311,2026-08-17T07:33:47.819437+00:00,5,0,True,True
608535312,2026-08-17T07:33:47.819437+00:00,3,0,True,True
608535313,2026-08-17T07:33:47.819437+00:00,0,0,True,True
608535314,2026-08-17T07:33:47.819437+00:00,5,0,True,True
608535315,2026-08-17T07:33:47.819437+00:00,8,0,True,True
608535316,2026-08-17T07:33:47.819437+00:00,7,0,True,True
608535317,2026-08-17T07:33:47.819437+00:00,6,0,True,True
608535318,2026-08-17T07:33:47.819437+00:00,10,0,True,True
608535319,2026-08-17T07:33:47.819437+00:00,5,0,True,True
608535320,2026-08-17T07:33:47.819437+00:00,6,0,True,True
608535321,2026-08-17T07:33:47.819437+00:00,3,0,True,True
608535322,2026-08-17T07:33:47.819437+00:00,13,0,True,True
608535323,2026-08-17T07:33:47.819437+00:00,3,0,True,True
608535324,2026-08-17T07:33:47.819437+00:00,3,0,True,True
608535325,2026-08-17T07:33:47.819437+00:00,6,0,True,True
608535326,2026-08-17T07:33:47.819437+00:00,5,0,True,True
608535327,2026-08-17T07:33:47.819437+00:00,9,0,True,True
608535328,2026-08-17T07:33:47.819437+00:00,11,0,True,True
608535329,2026-08-17T07:33:47.819437+00:00,5,0,True,True
608535330,2026-08-17T07:33:47.819437+00:00,6,0,True,True
608535331,2026-08-17T07:33:47.819437+00:00,1,0,True,True
608535332,2026-08-17T07:33:47.819437+00:00,11,0,True,True
608535333,2026-08-17T07:33:47.819437+00:00,5,0,True,True
608535334,2026-08-17T07:33:47.819437+00:00,4,0,True,True
608535335,2026-08-17T07:33:47.819437+00:00,4,0,True,True
608535336,2026-08-17T07:33:47.819437+00:00,8,0,True,True
608535337,2026-08-17T07:33:47.819437+00:00,3,0,True,True
608535338,2026-08-17T07:33:47.819437+00:00,1,0,True,True
608535339,2026-08-17T07:33:47.819437+00:00,6,0,True,True
608535340,2026-08-17T07:33:47.819437+00:00,11,0,True,True
608535341,2026-08-17T07:33:47.819437+00:00,6,0,True,True
608535342,2026-08-17T07:33:47.819437+00:00,0,0,True,True
608535343,2026-08-17T07:33:47.819437+00:00,3,0,True,True
608535344,2026-08-17T07:33:47.819437+00:00,5,0,True,True
608535345,2026-08-17T07:33:47.819437+00:00,8,0,True,True
608535346,2026-08-17T07:33:47.819437+00:00,2,0,True,True
608535256,2026-08-17T07:33:47.819437+00:00,1,0,True,True
608535257,2026-08-17T07:33:47.819437+00:00,5,0,True,True
608535258,2026-08-17T07:33:47.819437+00:00,4,0,True,True
608535259,2026-08-17T07:33:47.819437+00:00,2,0,True,True
608535260,2026-08-17T07:33:47.819437+00:00,12,0,True,True
608535261,2026-08-17T07:33:47.819437+00:00,3,0,True,True
608535262,2026-08-17T07:33:47.819437+00:00,11,0,True,True
608535263,2026-08-17T07:33:47.819437+00:00,1,0,True,True
608535265,2026-08-17T07:33:47.819437+00:00,0,0,True,True
608535266,2026-08-17T07:33:47.819437+00:00,4,0,True,True
608535267,2026-08-17T07:33:47.819437+00:00,4,0,True,True
608535268,2026-08-17T07:33:47.819437+00:00,3,0,True,True
608535270,2026-08-17T07:33:47.819437+00:00,9,0,True,True
608535271,2026-08-17T07:33:47.819437+00:00,1,0,True,True
608535272,2026-08-17T07:33:47.819437+00:00,1,0,True,True
608535273,2026-08-17T07:33:47.819437+00:00,0,0,True,True
608535274,2026-08-17T07:33:47.819437+00:00,5,0,True,True
608535276,2026-08-17T07:33:47.819437+00:00,7,0,True,True
608535277,2026-08-17T07:33:47.819437+00:00,2,0,True,True
608535278,2026-08-17T07:33:47.819437+00:00,12,0,True,True
608535279,2026-08-17T07:33:47.819437+00:00,5,0,True,True
608535378,2026-08-17T07:33:47.819437+00:00,6,0,True,True
608535379,2026-08-17T07:33:47.819437+00:00,7,0,True,True
608535380,2026-08-17T07:33:47.819437+00:00,15,0,True,True
608535381,2026-08-17T07:33:47.819437+00:00,1,0,True,True
608535383,2026-08-17T07:33:47.819437+00:00,7,0,True,True
608535384,2026-08-17T07:33:47.819437+00:00,3,0,True,True
608535385,2026-08-17T07:33:47.819437+00:00,2,0,True,True
608535386,2026-08-17T07:33:47.819437+00:00,15,0,True,True
608535387,2026-08-17T07:33:47.819437+00:00,6,0,True,True
608535388,2026-08-17T07:33:47.819437+00:00,7,0,True,True
608535389,2026-08-17T07:33:47.819437+00:00,0,0,True,True
608535390,2026-08-17T07:33:47.819437+00:00,9,0,True,True
608535391,2026-08-17T07:33:47.819437+00:00,4,0,True,True
608535392,2026-08-17T07:33:47.819437+00:00,7,0,True,True
608535393,2026-08-17T07:33:47.819437+00:00,10,0,True,True
608535394,2026-08-17T07:33:47.819437+00:00,0,0,True,True
608535395,2026-08-17T07:33:47.819437+00:00,10,0,True,True
608535396,2026-08-17T07:33:47.819437+00:00,2,0,True,True
608535440,2026-08-17T07:33:47.819437+00:00,1,0,True,True
608535441,2026-08-17T07:33:47.819437+00:00,0,0,True,True
608535442,2026-08-17T07:33:47.819437+00:00,1,0,True,True
608535443,2026-08-17T07:33:47.819437+00:00,4,0,True,True
608535444,2026-08-17T07:33:47.819437+00:00,13,0,True,True
608535445,2026-08-17T07:33:47.819437+00:00,28,0,True,True
608535446,2026-08-17T07:33:47.819437+00:00,0,0,True,True
608535447,2026-08-17T07:33:47.819437+00:00,2,0,True,True
608535461,2026-08-17T07:33:47.819437+00:00,3,0,True,True
608535462,2026-08-17T07:33:47.819437+00:00,0,0,True,True
608535463,2026-08-17T07:33:47.819437+00:00,1,0,True,True
608535464,2026-08-17T07:33:47.819437+00:00,10,0,True,True
608535491,2026-08-17T07:33:47.819437+00:00,2,0,True,True
608535492,2026-08-17T07:33:47.819437+00:00,1,0,True,True
608535493,2026-08-17T07:33:47.819437+00:00,13,0,True,True
608535494,2026-08-17T07:33:47.819437+00:00,3,0,True,True
608535495,2026-08-17T07:33:47.819437+00:00,2,0,True,True
608535496,2026-08-17T07:33:47.819437+00:00,6,0,True,True
608535497,2026-08-17T07:33:47.819437+00:00,7,0,True,True
608535498,2026-08-17T07:33:47.819437+00:00,11,0,True,True
608535499,2026-08-17T07:33:47.819437+00:00,3,0,True,True
608535500,2026-08-17T07:33:47.819437+00:00,4,0,True,True
608535501,2026-08-17T07:33:47.819437+00:00,0,0,True,True
608535502,2026-08-17T07:33:47.819437+00:00,4,0,True,True
608535503,2026-08-17T07:33:47.819437+00:00,6,0,True,True
608535504,2026-08-17T07:33:47.819437+00:00,2,0,True,True
608535505,2026-08-17T07:33:47.819437+00:00,0,0,True,True
637793366,2026-08-17T07:33:47.819437+00:00,0,0,True,True
608535516,2026-08-17T07:33:47.819437+00:00,3,0,True,True
608535517,2026-08-17T07:33:47.819437+00:00,0,0,True,True
608535518,2026-08-17T07:33:47.819437+00:00,2,0,True,True
608535519,2026-08-17T07:33:47.819437+00:00,3,0,True,True
608535520,2026-08-17T07:33:47.819437+00:00,8,0,True,True
608535521,2026-08-17T07:33:47.819437+00:00,7,0,True,True
608535522,2026-08-17T07:33:47.819437+00:00,9,0,True,True
608535523,2026-08-17T07:33:47.819437+00:00,6,0,True,True
608535524,2026-08-17T07:33:47.819437+00:00,5,0,True,True
608535525,2026-08-17T07:33:47.819437+00:00,3,0,True,True
608535526,2026-08-17T07:33:47.819437+00:00,1,0,True,True
608535527,2026-08-17T07:33:47.819437+00:00,6,0,True,True
608535528,2026-08-17T07:33:47.819437+00:00,11,0,True,True
608535529,2026-08-17T07:33:47.819437+00:00,7,0,True,True
608535530,2026-08-17T07:33:47.819437+00:00,3,0,True,True
608535531,2026-08-17T07:33:47.819437+00:00,6,0,True,True
608535532,2026-08-17T07:33:47.819437+00:00,6,0,True,True
608535533,2026-08-17T07:33:47.819437+00:00,4,0,True,True
608535534,2026-08-17T07:33:47.819437+00:00,3,0,True,True
608535537,2026-08-17T07:33:47.819437+00:00,5,0,True,True
608535398,2026-08-17T07:33:47.819437+00:00,5,0,True,True
608535399,2026-08-17T07:33:47.819437+00:00,2,0,True,True
608535400,2026-08-17T07:33:47.819437+00:00,6,0,True,True
608535402,2026-08-17T07:33:47.819437+00:00,7,0,True,True
608535403,2026-08-17T07:33:47.819437+00:00,4,0,True,True
608535404,2026-08-17T07:33:47.819437+00:00,5,0,True,True
608535405,2026-08-17T07:33:47.819437+00:00,2,0,True,True
608535406,2026-08-17T07:33:47.819437+00:00,6,0,True,True
608535407,2026-08-17T07:33:47.819437+00:00,6,0,True,True
608535408,2026-08-17T07:33:47.819437+00:00,5,0,True,True
608535409,2026-08-17T07:33:47.819437+00:00,5,0,True,True
608535410,2026-08-17T07:33:47.819437+00:00,6,0,True,True
608535411,2026-08-17T07:33:47.819437+00:00,5,0,True,True
608535412,2026-08-17T07:33:47.819437+00:00,8,0,True,True
608535413,2026-08-17T07:33:47.819437+00:00,6,0,True,True
608535414,2026-08-17T07:33:47.819437+00:00,7,0,True,True
608535415,2026-08-17T07:33:47.819437+00:00,2,0,True,True
608535416,2026-08-17T07:33:47.819437+00:00,8,0,True,True
608535417,2026-08-17T07:33:47.819437+00:00,11,0,True,True
608535418,2026-08-17T07:33:47.819437+00:00,9,0,True,True
608535419,2026-08-17T07:33:47.819437+00:00,9,0,True,True
608535420,2026-08-17T07:33:47.819437+00:00,11,0,True,True
608535421,2026-08-17T07:33:47.819437+00:00,0,0,True,True
608535422,2026-08-17T07:33:47.819437+00:00,6,0,True,True
608535423,2026-08-17T07:33:47.819437+00:00,7,0,True,True
608535424,2026-08-17T07:33:47.819437+00:00,6,0,True,True
608535425,2026-08-17T07:33:47.819437+00:00,2,0,True,True
608535426,2026-08-17T07:33:47.819437+00:00,3,0,True,True
608535427,2026-08-17T07:33:47.819437+00:00,3,0,True,True
608535428,2026-08-17T07:33:47.819437+00:00,15,0,True,True
608535429,2026-08-17T07:33:47.819437+00:00,4,0,True,True
608535430,2026-08-17T07:33:47.819437+00:00,0,0,True,True
608535431,2026-08-17T07:33:47.819437+00:00,3,0,True,True
608535438,2026-08-17T07:33:47.819437+00:00,1,0,True,True
608535439,2026-08-17T07:33:47.819437+00:00,6,0,True,True
608535432,2026-08-17T07:33:47.819437+00:00,3,0,True,True
608535433,2026-08-17T07:33:47.819437+00:00,3,0,True,True
608535434,2026-08-17T07:33:47.819437+00:00,3,0,True,True
608535435,2026-08-17T07:33:47.819437+00:00,0,0,True,True
608535436,2026-08-17T07:33:47.819437+00:00,3,0,True,True
608535437,2026-08-17T07:33:47.819437+00:00,6,0,True,True
608535448,2026-08-17T07:33:47.819437+00:00,3,0,True,True
608535449,2026-08-17T07:33:47.819437+00:00,6,0,True,True
608535450,2026-08-17T07:33:47.819437+00:00,4,0,True,True
608535451,2026-08-17T07:33:47.819437+00:00,3,0,True,True
608535483,2026-08-17T07:33:47.819437+00:00,0,0,True,True
608535484,2026-08-17T07:33:47.819437+00:00,3,0,True,True
608535485,2026-08-17T07:33:47.819437+00:00,6,0,True,True
608535486,2026-08-17T07:33:47.819437+00:00,1,0,True,True
608535487,2026-08-17T07:33:47.819437+00:00,10,0,True,True
608535488,2026-08-17T07:33:47.819437+00:00,6,0,True,True
608535489,2026-08-17T07:33:47.819437+00:00,3,0,True,True
608535490,2026-08-17T07:33:47.819437+00:00,14,0,True,True
608535452,2026-08-17T07:33:47.819437+00:00,5,0,True,True
608535453,2026-08-17T07:33:47.819437+00:00,2,0,True,True
608535454,2026-08-17T07:33:47.819437+00:00,4,0,True,True
608535455,2026-08-17T07:33:47.819437+00:00,4,0,True,True
608535456,2026-08-17T07:33:47.819437+00:00,4,0,True,True
608535457,2026-08-17T07:33:47.819437+00:00,6,0,True,True
608535458,2026-08-17T07:33:47.819437+00:00,18,0,True,True
608535459,2026-08-17T07:33:47.819437+00:00,7,0,True,True
608535460,2026-08-17T07:33:47.819437+00:00,8,0,True,True
608535465,2026-08-17T07:33:47.819437+00:00,1,0,True,True
608535466,2026-08-17T07:33:47.819437+00:00,2,0,True,True
608535467,2026-08-17T07:33:47.819437+00:00,2,0,True,True
608535468,2026-08-17T07:33:47.819437+00:00,6,0,True,True
608535469,2026-08-17T07:33:47.819437+00:00,11,0,True,True
608535470,2026-08-17T07:33:47.819437+00:00,1,0,True,True
608535471,2026-08-17T07:33:47.819437+00:00,2,0,True,True
608535473,2026-08-17T07:33:47.819437+00:00,6,0,True,True
608535474,2026-08-17T07:33:47.819437+00:00,6,0,True,True
608535475,2026-08-17T07:33:47.819437+00:00,1,0,True,True
608535476,2026-08-17T07:33:47.819437+00:00,10,0,True,True
608535477,2026-08-17T07:33:47.819437+00:00,3,0,True,True
608535478,2026-08-17T07:33:47.819437+00:00,1,0,True,True
608535479,2026-08-17T07:33:47.819437+00:00,2,0,True,True
608535480,2026-08-17T07:33:47.819437+00:00,0,0,True,True
608535481,2026-08-17T07:33:47.819437+00:00,4,0,True,True
608535482,2026-08-17T07:33:47.819437+00:00,4,0,True,True
608535507,2026-08-17T07:33:47.819437+00:00,2,0,True,True
608535508,2026-08-17T07:33:47.819437+00:00,4,0,True,True
608535509,2026-08-17T07:33:47.819437+00:00,3,0,True,True
608535510,2026-08-17T07:33:47.819437+00:00,2,0,True,True
608535511,2026-08-17T07:33:47.819437+00:00,1,0,True,True
608535512,2026-08-17T07:33:47.819437+00:00,5,0,True,True
608535513,2026-08-17T07:33:47.819437+00:00,5,0,True,True
608535514,2026-08-17T07:33:47.819437+00:00,4,0,True,True
608535515,2026-08-17T07:33:47.819437+00:00,8,0,True,True
608535347,2026-08-17T07:33:47.819437+00:00,0,0,True,True
608535348,2026-08-17T07:33:47.819437+00:00,7,0,True,True
608535349,2026-08-17T07:33:47.819437+00:00,8,0,True,True
608535350,2026-08-17T07:33:47.819437+00:00,7,0,True,True
608535351,2026-08-17T07:33:47.819437+00:00,4,0,True,True
608535352,2026-08-17T07:33:47.819437+00:00,1,0,True,True
608535353,2026-08-17T07:33:47.819437+00:00,4,0,True,True
608535354,2026-08-17T07:33:47.819437+00:00,8,0,True,True
608535538,2026-08-17T07:33:47.819437+00:00,10,0,True,True
608535539,2026-08-17T07:33:47.819437+00:00,1,0,True,True
608535540,2026-08-17T07:33:47.819437+00:00,5,0,True,True
608535355,2026-08-17T07:33:47.819437+00:00,6,0,True,True
608535356,2026-08-17T07:33:47.819437+00:00,5,0,True,True
608535357,2026-08-17T07:33:47.819437+00:00,5,0,True,True
608535358,2026-08-17T07:33:47.819437+00:00,6,0,True,True
608535359,2026-08-17T07:33:47.819437+00:00,2,0,True,True
608535360,2026-08-17T07:33:47.819437+00:00,3,0,True,True
608535361,2026-08-17T07:33:47.819437+00:00,3,0,True,True
608535362,2026-08-17T07:33:47.819437+00:00,1,0,True,True
608535363,2026-08-17T07:33:47.819437+00:00,1,0,True,True
608535364,2026-08-17T07:33:47.819437+00:00,5,0,True,True
608535365,2026-08-17T07:33:47.819437+00:00,2,0,True,True
608535366,2026-08-17T07:33:47.819437+00:00,2,0,True,True
608535367,2026-08-17T07:33:47.819437+00:00,5,0,True,True
608535368,2026-08-17T07:33:47.819437+00:00,2,0,True,True
608535369,2026-08-17T07:33:47.819437+00:00,1,0,True,True
608535370,2026-08-17T07:33:47.819437+00:00,2,0,True,True
608535371,2026-08-17T07:33:47.819437+00:00,3,0,True,True
608535372,2026-08-17T07:33:47.819437+00:00,7,0,True,True
608535373,2026-08-17T07:33:47.819437+00:00,9,0,True,True
608535375,2026-08-17T07:33:47.819437+00:00,2,0,True,True
608535376,2026-08-17T07:33:47.819437+00:00,11,0,True,True
606857330,2026-08-17T07:33:47.819437+00:00,4,0,True,True
608534898,2026-08-17T07:33:47.819437+00:00,3,0,True,True
608534899,2026-08-17T07:33:47.819437+00:00,2,0,True,True
608534900,2026-08-17T07:33:47.819437+00:00,9,0,True,True
608534901,2026-08-17T07:33:47.819437+00:00,3,0,True,True
608534902,2026-08-17T07:33:47.819437+00:00,13,0,True,True
608534903,2026-08-17T07:33:47.819437+00:00,9,0,True,True
608534904,2026-08-17T07:33:47.819437+00:00,5,0,True,True
608534905,2026-08-17T07:33:47.819437+00:00,0,0,True,True
608534906,2026-08-17T07:33:47.819437+00:00,0,6,True,True
608534907,2026-08-17T07:33:47.819437+00:00,18,0,True,True
608534908,2026-08-17T07:33:47.819437+00:00,5,0,True,True
608534909,2026-08-17T07:33:47.819437+00:00,13,0,True,True
608534910,2026-08-17T07:33:47.819437+00:00,0,0,True,True
608534912,2026-08-17T07:33:47.819437+00:00,2,0,True,True
608534913,2026-08-17T07:33:47.819437+00:00,1,0,True,True
608534914,2026-08-17T07:33:47.819437+00:00,0,0,True,True
608534915,2026-08-17T07:33:47.819437+00:00,11,0,True,True
608534916,2026-08-17T07:33:47.819437+00:00,5,0,True,True
608534917,2026-08-17T07:33:47.819437+00:00,6,0,True,True
608534918,2026-08-17T07:33:47.819437+00:00,10,0,True,True
608534919,2026-08-17T07:33:47.819437+00:00,0,0,True,True
608534920,2026-08-17T07:33:47.819437+00:00,28,0,True,True
608534921,2026-08-17T07:33:47.819437+00:00,9,0,True,True
608534922,2026-08-17T07:33:47.819437+00:00,4,0,True,True
608534923,2026-08-17T07:33:47.819437+00:00,16,0,True,True
608534924,2026-08-17T07:33:47.819437+00:00,5,0,True,True
608534925,2026-08-17T07:33:47.819437+00:00,7,0,True,True
608534926,2026-08-17T07:33:47.819437+00:00,3,0,True,True
608534927,2026-08-17T07:33:47.819437+00:00,3,0,True,True
608534928,2026-08-17T07:33:47.819437+00:00,10,0,True,True
608534930,2026-08-17T07:33:47.819437+00:00,9,0,True,True
608534932,2026-08-17T07:33:47.819437+00:00,2,0,True,True
608534933,2026-08-17T07:33:47.819437+00:00,1,0,True,True
608534934,2026-08-17T07:33:47.819437+00:00,6,0,False,False
608534936,2026-08-17T07:33:47.819437+00:00,6,0,True,True
608534937,2026-08-17T07:33:47.819437+00:00,2,0,True,True
608534939,2026-08-17T07:33:47.819437+00:00,9,0,True,True
608534940,2026-08-17T07:33:47.819437+00:00,0,0,True,True
608534942,2026-08-17T07:33:47.819437+00:00,15,0,True,True
608534943,2026-08-17T07:33:47.819437+00:00,4,0,True,True
608534944,2026-08-17T07:33:47.819437+00:00,0,0,True,True
608534945,2026-08-17T07:33:47.819437+00:00,8,0,True,True
608534946,2026-08-17T07:33:47.819437+00:00,9,0,True,True
608534947,2026-08-17T07:33:47.819437+00:00,13,0,True,True
608534948,2026-08-17T07:33:47.819437+00:00,5,0,True,True
608534950,2026-08-17T07:33:47.819437+00:00,8,0,True,True
608534952,2026-08-17T07:33:47.819437+00:00,3,0,True,True
608534953,2026-08-17T07:33:47.819437+00:00,5,0,True,True
608534954,2026-08-17T07:33:47.819437+00:00,1,0,True,True
608534955,2026-08-17T07:33:47.819437+00:00,6,0,True,True
608534956,2026-08-17T07:33:47.819437+00:00,9,0,True,True
608534957,2026-08-17T07:33:47.819437+00:00,5,0,True,True
608534958,2026-08-17T07:33:47.819437+00:00,1,0,True,True
608534959,2026-08-17T07:33:47.819437+00:00,5,3,True,True
608534960,2026-08-17T07:33:47.819437+00:00,2,0,True,True
608534961,2026-08-17T07:33:47.819437+00:00,1,0,True,True
608534962,2026-08-17T07:33:47.819437+00:00,4,0,True,True
608534963,2026-08-17T07:33:47.819437+00:00,14,0,True,True
608534964,2026-08-17T07:33:47.819437+00:00,6,0,True,True
608534965,2026-08-17T07:33:47.819437+00:00,0,0,True,True
608534967,2026-08-17T07:33:47.819437+00:00,2,0,True,True
608534968,2026-08-17T07:33:47.819437+00:00,17,0,True,True
608534969,2026-08-17T07:33:47.819437+00:00,0,0,True,True
608534970,2026-08-17T07:33:47.819437+00:00,3,0,True,True
608534971,2026-08-17T07:33:47.819437+00:00,4,0,True,True
608534973,2026-08-17T07:33:47.819437+00:00,1,0,True,True
608534974,2026-08-17T07:33:47.819437+00:00,13,0,True,True
608534975,2026-08-17T07:33:47.819437+00:00,2,0,True,True
608534977,2026-08-17T07:33:47.819437+00:00,0,0,True,True
608534978,2026-08-17T07:33:47.819437+00:00,4,0,True,True
608534979,2026-08-17T07:33:47.819437+00:00,0,0,True,True
608534980,2026-08-17T07:33:47.819437+00:00,0,0,True,True
608534981,2026-08-17T07:33:47.819437+00:00,1,0,True,True
608534982,2026-08-17T07:33:47.819437+00:00,0,0,True,True
608534983,2026-08-17T07:33:47.819437+00:00,0,0,True,True
608534984,2026-08-17T07:33:47.819437+00:00,0,0,True,True
608534985,2026-08-17T07:33:47.819437+00:00,2,0,True,True
608534986,2026-08-17T07:33:47.819437+00:00,1,0,True,True
608534987,2026-08-17T07:33:47.819437+00:00,2,0,True,True
608534988,2026-08-17T07:33:47.819437+00:00,2,0,True,True
608534990,2026-08-17T07:33:47.819437+00:00,3,0,True,True
608534991,2026-08-17T07:33:47.819437+00:00,1,0,True,True
608534992,2026-08-17T07:33:47.819437+00:00,2,0,True,True
608534993,2026-08-17T07:33:47.819437+00:00,1,0,True,True
608534994,2026-08-17T07:33:47.819437+00:00,1,0,True,True
608534995,2026-08-17T07:33:47.819437+00:00,7,0,True,True
608534996,2026-08-17T07:33:47.819437+00:00,0,0,True,True
608534998,2026-08-17T07:33:47.819437+00:00,0,0,True,True
608534999,2026-08-17T07:33:47.819437+00:00,1,0,True,True
608535000,2026-08-17T07:33:47.819437+00:00,0,0,True,True
608535001,2026-08-17T07:33:47.819437+00:00,4,0,True,True
608535002,2026-08-17T07:33:47.819437+00:00,0,0,True,True
608535003,2026-08-17T07:33:47.819437+00:00,0,0,True,True
608535004,2026-08-17T07:33:47.819437+00:00,0,0,True,True
608535005,2026-08-17T07:33:47.819437+00:00,12,0,True,True
608535006,2026-08-17T07:33:47.819437+00:00,1,0,True,True
608535007,2026-08-17T07:33:47.819437+00:00,1,0,True,True
608535008,2026-08-17T07:33:47.819437+00:00,2,0,True,True
608535009,2026-08-17T07:33:47.819437+00:00,1,0,True,True
608535010,2026-08-17T07:33:47.819437+00:00,0,0,True,True
608535011,2026-08-17T07:33:47.819437+00:00,0,0,True,True
608535012,2026-08-17T07:33:47.819437+00:00,0,0,True,True
608535013,2026-08-17T07:33:47.819437+00:00,0,0,True,True
608535014,2026-08-17T07:33:47.819437+00:00,5,0,True,True
608535015,2026-08-17T07:33:47.819437+00:00,1,0,True,True
608535016,2026-08-17T07:33:47.819437+00:00,3,0,True,True
608535017,2026-08-17T07:33:47.819437+00:00,10,0,True,True
608535018,2026-08-17T07:33:47.819437+00:00,5,0,True,True
608535019,2026-08-17T07:33:47.819437+00:00,4,0,True,True
608535020,2026-08-17T07:33:47.819437+00:00,2,0,True,True
608535021,2026-08-17T07:33:47.819437+00:00,2,0,True,True
608535022,2026-08-17T07:33:47.819437+00:00,4,0,True,True
608535023,2026-08-17T07:33:47.819437+00:00,2,0,True,True
608535024,2026-08-17T07:33:47.819437+00:00,4,0,True,True
608535025,2026-08-17T07:33:47.819437+00:00,1,0,True,True
608535026,2026-08-17T07:33:47.819437+00:00,3,0,True,True
608535027,2026-08-17T07:33:47.819437+00:00,7,0,True,True
608535028,2026-08-17T07:33:47.819437+00:00,7,0,True,True
608535029,2026-08-17T07:33:47.819437+00:00,6,0,True,True
608535030,2026-08-17T07:33:47.819437+00:00,0,0,True,True
608535031,2026-08-17T07:33:47.819437+00:00,12,0,True,True
608535032,2026-08-17T07:33:47.819437+00:00,5,0,True,True
608535033,2026-08-17T07:33:47.819437+00:00,7,0,True,True
608535034,2026-08-17T07:33:47.819437+00:00,4,0,True,True
608535036,2026-08-17T07:33:47.819437+00:00,7,0,True,True
608535037,2026-08-17T07:33:47.819437+00:00,8,0,True,True
608535038,2026-08-17T07:33:47.819437+00:00,3,0,True,True
608535039,2026-08-17T07:33:47.819437+00:00,7,0,True,True
608535040,2026-08-17T07:33:47.819437+00:00,1,0,True,True
608535041,2026-08-17T07:33:47.819437+00:00,8,0,True,True
608535042,2026-08-17T07:33:47.819437+00:00,9,0,True,True
608535043,2026-08-17T07:33:47.819437+00:00,8,0,True,True
608535044,2026-08-17T07:33:47.819437+00:00,1,0,True,True
608535045,2026-08-17T07:33:47.819437+00:00,9,0,True,True
608535046,2026-08-17T07:33:47.819437+00:00,5,0,True,True
608535047,2026-08-17T07:33:47.819437+00:00,6,0,True,True
608535048,2026-08-17T07:33:47.819437+00:00,17,0,True,True
608535049,2026-08-17T07:33:47.819437+00:00,9,0,True,True
608535050,2026-08-17T07:33:47.819437+00:00,10,0,True,True
608535051,2026-08-17T07:33:47.819437+00:00,13,0,True,True
608535052,2026-08-17T07:33:47.819437+00:00,6,0,True,True
608535053,2026-08-17T07:33:47.819437+00:00,4,0,True,True
608535054,2026-08-17T07:33:47.819437+00:00,5,0,True,True
608535055,2026-08-17T07:33:47.819437+00:00,6,0,True,True
608535057,2026-08-17T07:33:47.819437+00:00,12,0,True,True
608535058,2026-08-17T07:33:47.819437+00:00,10,0,True,True
608535059,2026-08-17T07:33:47.819437+00:00,17,0,True,True
608535060,2026-08-17T07:33:47.819437+00:00,14,0,True,True
608535061,2026-08-17T07:33:47.819437+00:00,4,0,True,True
608535062,2026-08-17T07:33:47.819437+00:00,3,0,True,True
608535063,2026-08-17T07:33:47.819437+00:00,10,0,True,True
608535064,2026-08-17T07:33:47.819437+00:00,6,0,True,True
608535065,2026-08-17T07:33:47.819437+00:00,4,0,True,True
608535066,2026-08-17T07:33:47.819437+00:00,13,0,True,True
608535067,2026-08-17T07:33:47.819437+00:00,23,0,True,True
608535068,2026-08-17T07:33:47.819437+00:00,3,0,True,True
608535069,2026-08-17T07:33:47.819437+00:00,6,0,True,True
608535070,2026-08-17T07:33:47.819437+00:00,0,0,True,True
608535071,2026-08-17T07:33:47.819437+00:00,3,0,True,True
608535072,2026-08-17T07:33:47.819437+00:00,2,0,True,True
608535073,2026-08-17T07:33:47.819437+00:00,0,0,True,True
608535074,2026-08-17T07:33:47.819437+00:00,8,0,True,True
608535075,2026-08-17T07:33:47.819437+00:00,9,0,True,True
608535077,2026-08-17T07:33:47.819437+00:00,1,0,True,True
608535078,2026-08-17T07:33:47.819437+00:00,4,0,True,True
608535079,2026-08-17T07:33:47.819437+00:00,4,0,True,True
608535080,2026-08-17T07:33:47.819437+00:00,5,0,True,True
608535081,2026-08-17T07:33:47.819437+00:00,18,0,True,True
608535082,2026-08-17T07:33:47.819437+00:00,6,0,True,True
608535083,2026-08-17T07:33:47.819437+00:00,4,0,True,True
608535084,2026-08-17T07:33:47.819437+00:00,4,0,True,True
608535085,2026-08-17T07:33:47.819437+00:00,5,0,True,True
608535086,2026-08-17T07:33:47.819437+00:00,9,0,True,True
608535087,2026-08-17T07:33:47.819437+00:00,1,0,True,True
608535088,2026-08-17T07:33:47.819437+00:00,3,0,True,True
608535089,2026-08-17T07:33:47.819437+00:00,0,0,True,True
608535090,2026-08-17T07:33:47.819437+00:00,3,0,True,True
608535091,2026-08-17T07:33:47.819437+00:00,0,0,True,True
608535092,2026-08-17T07:33:47.819437+00:00,5,0,True,True
608535093,2026-08-17T07:33:47.819437+00:00,2,0,True,True
608535094,2026-08-17T07:33:47.819437+00:00,11,0,True,True
608535095,2026-08-17T07:33:47.819437+00:00,4,0,True,True
608535096,2026-08-17T07:33:47.819437+00:00,4,0,True,True
608535097,2026-08-17T07:33:47.819437+00:00,2,0,True,True
608535098,2026-08-17T07:33:47.819437+00:00,8,0,True,True
608535099,2026-08-17T07:33:47.819437+00:00,14,0,True,True
608535100,2026-08-17T07:33:47.819437+00:00,5,0,True,True
608535101,2026-08-17T07:33:47.819437+00:00,6,0,True,True
608535102,2026-08-17T07:33:47.819437+00:00,0,0,True,True
608535103,2026-08-17T07:33:47.819437+00:00,12,0,True,True
608535104,2026-08-17T07:33:47.819437+00:00,2,0,True,True
608535105,2026-08-17T07:33:47.819437+00:00,9,0,True,True
608535106,2026-08-17T07:33:47.819437+00:00,2,0,True,True
608535107,2026-08-17T07:33:47.819437+00:00,4,0,True,True
608535108,2026-08-17T07:33:47.819437+00:00,8,0,True,True
608535109,2026-08-17T07:33:47.819437+00:00,9,0,True,True
608535110,2026-08-17T07:33:47.819437+00:00,10,0,True,True
608535111,2026-08-17T07:33:47.819437+00:00,1,0,True,True
608535112,2026-08-17T07:33:47.819437+00:00,4,0,True,True
608535113,2026-08-17T07:33:47.819437+00:00,4,0,True,True
608535114,2026-08-17T07:33:47.819437+00:00,1,0,True,True
608535116,2026-08-17T07:33:47.819437+00:00,3,0,True,True
608535117,2026-08-17T07:33:47.819437+00:00,11,0,True,True
608535118,2026-08-17T07:33:47.819437+00:00,4,0,True,True
608535119,2026-08-17T07:33:47.819437+00:00,0,0,True,True
608535120,2026-08-17T07:33:47.819437+00:00,6,0,True,True
608535121,2026-08-17T07:33:47.819437+00:00,0,0,True,True
608535122,2026-08-17T07:33:47.819437+00:00,4,0,True,True
608535123,2026-08-17T07:33:47.819437+00:00,1,0,True,True
608535124,2026-08-17T07:33:47.819437+00:00,6,0,True,True
608535125,2026-08-17T07:33:47.819437+00:00,1,0,True,True
608535126,2026-08-17T07:33:47.819437+00:00,9,0,True,True
608535127,2026-08-17T07:33:47.819437+00:00,2,0,True,True
608535128,2026-08-17T07:33:47.819437+00:00,1,0,True,True
608535129,2026-08-17T07:33:47.819437+00:00,5,0,True,True
608535130,2026-08-17T07:33:47.819437+00:00,2,0,True,True
608535131,2026-08-17T07:33:47.819437+00:00,7,0,True,True
608535132,2026-08-17T07:33:47.819437+00:00,0,0,True,True
608535133,2026-08-17T07:33:47.819437+00:00,5,0,True,True
608535134,2026-08-17T07:33:47.819437+00:00,1,0,True,True
608535135,2026-08-17T07:33:47.819437+00:00,5,0,True,True
608535136,2026-08-17T07:33:47.819437+00:00,1,0,True,True
608535137,2026-08-17T07:33:47.819437+00:00,0,0,True,True
608535138,2026-08-17T07:33:47.819437+00:00,4,0,True,True
608535139,2026-08-17T07:33:47.819437+00:00,4,0,True,True
608535140,2026-08-17T07:33:47.819437+00:00,3,0,True,True
608535141,2026-08-17T07:33:47.819437+00:00,6,0,True,True
608535142,2026-08-17T07:33:47.819437+00:00,8,0,True,True
608535143,2026-08-17T07:33:47.819437+00:00,2,0,True,True
608535144,2026-08-17T07:33:47.819437+00:00,9,0,True,True
608535145,2026-08-17T07:33:47.819437+00:00,22,0,True,True
608535146,2026-08-17T07:33:47.819437+00:00,4,0,True,True
608535147,2026-08-17T07:33:47.819437+00:00,5,0,True,True
608535148,2026-08-17T07:33:47.819437+00:00,3,0,True,True
608535149,2026-08-17T07:33:47.819437+00:00,3,0,True,True
608535150,2026-08-17T07:33:47.819437+00:00,10,0,True,True
608535151,2026-08-17T07:33:47.819437+00:00,1,0,True,True
608535152,2026-08-17T07:33:47.819437+00:00,2,0,True,True
608535153,2026-08-17T07:33:47.819437+00:00,2,0,True,True
608535154,2026-08-17T07:33:47.819437+00:00,0,0,True,True
608535155,2026-08-17T07:33:47.819437+00:00,0,0,True,True
608535156,2026-08-17T07:33:47.819437+00:00,4,0,True,True
608535157,2026-08-17T07:33:47.819437+00:00,2,0,True,True
608535158,2026-08-17T07:33:47.819437+00:00,2,0,True,True
608535159,2026-08-17T07:33:47.819437+00:00,0,0,True,True
608535160,2026-08-17T07:33:47.819437+00:00,1,0,True,True
608535162,2026-08-17T07:33:47.819437+00:00,0,0,True,True
608535163,2026-08-17T07:33:47.819437+00:00,4,0,True,True
608535164,2026-08-17T07:33:47.819437+00:00,3,0,True,True
608535165,2026-08-17T07:33:47.819437+00:00,2,0,True,True
608535166,2026-08-17T07:33:47.819437+00:00,3,0,True,True
608535167,2026-08-17T07:33:47.819437+00:00,3,0,True,True
608535168,2026-08-17T07:33:47.819437+00:00,5,0,True,True
608535169,2026-08-17T07:33:47.819437+00:00,10,0,True,True
608535170,2026-08-17T07:33:47.819437+00:00,4,0,True,True
608535171,2026-08-17T07:33:47.819437+00:00,3,0,True,True
608535172,2026-08-17T07:33:47.819437+00:00,6,0,True,True
608535173,2026-08-17T07:33:47.819437+00:00,9,0,True,True
608535174,2026-08-17T07:33:47.819437+00:00,0,0,True,True
608535175,2026-08-17T07:33:47.819437+00:00,1,0,True,True
608535176,2026-08-17T07:33:47.819437+00:00,1,0,True,True
608535178,2026-08-17T07:33:47.819437+00:00,9,0,True,True
608535179,2026-08-17T07:33:47.819437+00:00,7,0,True,True
608535180,2026-08-17T07:33:47.819437+00:00,0,0,True,True
608535181,2026-08-17T07:33:47.819437+00:00,3,0,True,True
608535182,2026-08-17T07:33:47.819437+00:00,4,0,True,True
608535183,2026-08-17T07:33:47.819437+00:00,2,0,True,True
608535184,2026-08-17T07:33:47.819437+00:00,1,0,True,True
608535185,2026-08-17T07:33:47.819437+00:00,4,0,True,True
608535186,2026-08-17T07:33:47.819437+00:00,9,0,True,True
608535187,2026-08-17T07:33:47.819437+00:00,0,0,True,True
608535188,2026-08-17T07:33:47.819437+00:00,9,0,True,True
608535189,2026-08-17T07:33:47.819437+00:00,0,0,True,True
608535190,2026-08-17T07:33:47.819437+00:00,7,0,True,True
608535192,2026-08-17T07:33:47.819437+00:00,13,0,True,True
608535193,2026-08-17T07:33:47.819437+00:00,9,0,True,True
608535194,2026-08-17T07:33:47.819437+00:00,2,0,True,True
608535195,2026-08-17T07:33:47.819437+00:00,2,0,True,True
608535196,2026-08-17T07:33:47.819437+00:00,4,0,True,True
608535197,2026-08-17T07:33:47.819437+00:00,0,0,True,True
608535198,2026-08-17T07:33:47.819437+00:00,3,0,True,True
608535199,2026-08-17T07:33:47.819437+00:00,7,0,True,True
608535200,2026-08-17T07:33:47.819437+00:00,2,0,True,True
608535201,2026-08-17T07:33:47.819437+00:00,2,0,True,True
608535202,2026-08-17T07:33:47.819437+00:00,0,0,True,True
608535203,2026-08-17T07:33:47.819437+00:00,9,0,True,True
608535204,2026-08-17T07:33:47.819437+00:00,3,0,True,True
608535205,2026-08-17T07:33:47.819437+00:00,8,0,True,True
608535206,2026-08-17T07:33:47.819437+00:00,6,0,True,True
608535207,2026-08-17T07:33:47.819437+00:00,4,0,True,True
608535208,2026-08-17T07:33:47.819437+00:00,6,0,True,True
608535209,2026-08-17T07:33:47.819437+00:00,2,0,True,True
608535210,2026-08-17T07:33:47.819437+00:00,12,0,True,True
608535211,2026-08-17T07:33:47.819437+00:00,3,0,True,True
608535212,2026-08-17T07:33:47.819437+00:00,3,0,True,True
608535213,2026-08-17T07:33:47.819437+00:00,12,0,True,True
608535214,2026-08-17T07:33:47.819437+00:00,5,0,True,True
608535215,2026-08-17T07:33:47.819437+00:00,2,0,True,True
608535216,2026-08-17T07:33:47.819437+00:00,9,0,True,True
608535217,2026-08-17T07:33:47.819437+00:00,7,0,True,True
608535218,2026-08-17T07:33:47.819437+00:00,6,0,True,True
608535219,2026-08-17T07:33:47.819437+00:00,3,0,True,True
608535220,2026-08-17T07:33:47.819437+00:00,4,0,True,True
608535221,2026-08-17T07:33:47.819437+00:00,2,0,True,True
608535222,2026-08-17T07:33:47.819437+00:00,6,0,True,True
608535223,2026-08-17T07:33:47.819437+00:00,10,0,True,True
608535224,2026-08-17T07:33:47.819437+00:00,3,0,True,True
608535225,2026-08-17T07:33:47.819437+00:00,4,0,True,True
608535226,2026-08-17T07:33:47.819437+00:00,0,0,True,True
608535227,2026-08-17T07:33:47.819437+00:00,0,0,True,True
608535228,2026-08-17T07:33:47.819437+00:00,10,0,True,True
608535229,2026-08-17T07:33:47.819437+00:00,11,0,True,True
608535230,2026-08-17T07:33:47.819437+00:00,2,0,True,True
608535231,2026-08-17T07:33:47.819437+00:00,3,0,True,True
608535232,2026-08-17T07:33:47.819437+00:00,2,0,True,True
608535234,2026-08-17T07:33:47.819437+00:00,13,0,True,True
608535235,2026-08-17T07:33:47.819437+00:00,9,0,True,True
608535236,2026-08-17T07:33:47.819437+00:00,5,0,True,True
608535237,2026-08-17T07:33:47.819437+00:00,5,0,True,True
608535238,2026-08-17T07:33:47.819437+00:00,5,0,True,True
608535239,2026-08-17T07:33:47.819437+00:00,6,0,True,True
608535240,2026-08-17T07:33:47.819437+00:00,2,0,True,True
608535241,2026-08-17T07:33:47.819437+00:00,1,0,True,True
608535242,2026-08-17T07:33:47.819437+00:00,13,0,True,True
608535243,2026-08-17T07:33:47.819437+00:00,6,0,True,True
608535244,2026-08-17T07:33:47.819437+00:00,2,0,True,True
608535245,2026-08-17T07:33:47.819437+00:00,10,0,True,True
608535246,2026-08-17T07:33:47.819437+00:00,6,0,True,True
608535247,2026-08-17T07:33:47.819437+00:00,7,0,True,True
608535248,2026-08-17T07:33:47.819437+00:00,4,0,True,True
608535249,2026-08-17T07:33:47.819437+00:00,6,0,True,True
608535250,2026-08-17T07:33:47.819437+00:00,4,0,True,True
608535251,2026-08-17T07:33:47.819437+00:00,8,0,True,True
608535252,2026-08-17T07:33:47.819437+00:00,4,0,True,True
608535254,2026-08-17T07:33:47.819437+00:00,3,0,True,True
608535255,2026-08-17T07:33:47.819437+00:00,3,0,True,True
613312171,2026-08-17T07:33:47.819437+00:00,8,0,True,True
613312172,2026-08-17T07:33:47.819437+00:00,1,0,True,True
613312173,2026-08-17T07:33:47.819437+00:00,10,0,True,True
613312174,2026-08-17T07:33:47.819437+00:00,0,0,True,True
613312175,2026-08-17T07:33:47.819437+00:00,0,0,True,True
613312176,2026-08-17T07:33:47.819437+00:00,12,0,True,True
613312177,2026-08-17T07:33:47.819437+00:00,2,0,True,True
613312179,2026-08-17T07:33:47.819437+00:00,8,0,True,True
613312180,2026-08-17T07:33:47.819437+00:00,5,0,True,True
613312181,2026-08-17T07:33:47.819437+00:00,19,0,True,True
613312182,2026-08-17T07:33:47.819437+00:00,4,0,True,True
613312183,2026-08-17T07:33:47.819437+00:00,6,0,True,True
613312184,2026-08-17T07:33:47.819437+00:00,1,0,True,True
613312185,2026-08-17T07:33:47.819437+00:00,1,0,True,True
613312186,2026-08-17T07:33:47.819437+00:00,1,0,True,True
613312187,2026-08-17T07:33:47.819437+00:00,1,0,True,True
613312188,2026-08-17T07:33:47.819437+00:00,0,0,True,True
613312189,2026-08-17T07:33:47.819437+00:00,2,0,True,True
613312190,2026-08-17T07:33:47.819437+00:00,1,0,True,True
613312191,2026-08-17T07:33:47.819437+00:00,4,0,True,True
613312192,2026-08-17T07:33:47.819437+00:00,0,0,True,True
613312193,2026-08-17T07:33:47.819437+00:00,0,0,True,True
613312194,2026-08-17T07:33:47.819437+00:00,2,0,True,True
613312195,2026-08-17T07:33:47.819437+00:00,2,0,True,True
613312196,2026-08-17T07:33:47.819437+00:00,5,0,True,True
613312197,2026-08-17T07:33:47.819437+00:00,2,0,True,True
613312198,2026-08-17T07:33:47.819437+00:00,7,0,True,True
613312199,2026-08-17T07:33:47.819437+00:00,4,0,True,True
613312200,2026-08-17T07:33:47.819437+00:00,7,0,True,True
613312201,2026-08-17T07:33:47.819437+00:00,0,0,True,True
613312202,2026-08-17T07:33:47.819437+00:00,10,0,True,True
613312203,2026-08-17T07:33:47.819437+00:00,2,0,True,True
613312204,2026-08-17T07:33:47.819437+00:00,4,0,True,True
613312205,2026-08-17T07:33:47.819437+00:00,11,0,True,True
613312206,2026-08-17T07:33:47.819437+00:00,3,0,True,True
613312207,2026-08-17T07:33:47.819437+00:00,6,0,True,True
613312208,2026-08-17T07:33:47.819437+00:00,9,0,True,True
613312209,2026-08-17T07:33:47.819437+00:00,3,0,True,True
613312210,2026-08-17T07:33:47.819437+00:00,3,0,True,True
613312211,2026-08-17T07:33:47.819437+00:00,5,0,True,True
613312212,2026-08-17T07:33:47.819437+00:00,3,0,True,True
613312213,2026-08-17T07:33:47.819437+00:00,3,0,True,True
613312214,2026-08-17T07:33:47.819437+00:00,4,0,True,True
613312215,2026-08-17T07:33:47.819437+00:00,6,0,True,True
613312216,2026-08-17T07:33:47.819437+00:00,5,0,True,True
613312217,2026-08-17T07:33:47.819437+00:00,2,0,True,True
613312218,2026-08-17T07:33:47.819437+00:00,6,0,True,True
613312219,2026-08-17T07:33:47.819437+00:00,1,0,True,True
613312220,2026-08-17T07:33:47.819437+00:00,1,0,True,True
613312221,2026-08-17T07:33:47.819437+00:00,13,0,True,True
613312222,2026-08-17T07:33:47.819437+00:00,9,0,True,True
613312223,2026-08-17T07:33:47.819437+00:00,2,0,True,True
613312224,2026-08-17T07:33:47.819437+00:00,5,0,True,True
613312225,2026-08-17T07:33:47.819437+00:00,13,0,True,True
613312226,2026-08-17T07:33:47.819437+00:00,3,0,True,True
613312227,2026-08-17T07:33:47.819437+00:00,5,0,True,True
613312228,2026-08-17T07:33:47.819437+00:00,4,0,True,True
613312229,2026-08-17T07:33:47.819437+00:00,9,0,True,True
613312230,2026-08-17T07:33:47.819437+00:00,1,0,True,True
613312231,2026-08-17T07:33:47.819437+00:00,4,0,True,True
613312233,2026-08-17T07:33:47.819437+00:00,1,0,True,True
613312234,2026-08-17T07:33:47.819437+00:00,3,0,True,True
613312236,2026-08-17T07:33:47.819437+00:00,6,0,True,True
613312237,2026-08-17T07:33:47.819437+00:00,11,0,True,True
613312238,2026-08-17T07:33:47.819437+00:00,2,0,True,True
613312239,2026-08-17T07:33:47.819437+00:00,2,0,True,True
613312240,2026-08-17T07:33:47.819437+00:00,6,0,True,True
613312241,2026-08-17T07:33:47.819437+00:00,3,0,True,True
613312242,2026-08-17T07:33:47.819437+00:00,3,0,True,True
613312243,2026-08-17T07:33:47.819437+00:00,2,0,True,True
613312244,2026-08-17T07:33:47.819437+00:00,7,0,True,True
613312245,2026-08-17T07:33:47.819437+00:00,1,0,True,True
613312246,2026-08-17T07:33:47.819437+00:00,7,0,True,True
613312247,2026-08-17T07:33:47.819437+00:00,5,0,True,True
613312248,2026-08-17T07:33:47.819437+00:00,5,0,True,True
613312249,2026-08-17T07:33:47.819437+00:00,2,0,True,True
613312250,2026-08-17T07:33:47.819437+00:00,10,0,True,True
613312251,2026-08-17T07:33:47.819437+00:00,7,0,True,True
613312252,2026-08-17T07:33:47.819437+00:00,4,0,True,True
613312253,2026-08-17T07:33:47.819437+00:00,2,0,True,True
613312254,2026-08-17T07:33:47.819437+00:00,7,0,True,True
613312255,2026-08-17T07:33:47.819437+00:00,3,0,True,True
613312256,2026-08-17T07:33:47.819437+00:00,10,0,True,True
613312257,2026-08-17T07:33:47.819437+00:00,6,0,True,True
613312258,2026-08-17T07:33:47.819437+00:00,5,0,True,True
613312259,2026-08-17T07:33:47.819437+00:00,7,0,True,True
613312260,2026-08-17T07:33:47.819437+00:00,0,0,True,True
613312261,2026-08-17T07:33:47.819437+00:00,1,0,True,True
613312262,2026-08-17T07:33:47.819437+00:00,0,0,True,True
613312263,2026-08-17T07:33:47.819437+00:00,2,0,True,True
613312264,2026-08-17T07:33:47.819437+00:00,5,0,True,True
613312265,2026-08-17T07:33:47.819437+00:00,6,0,True,True
613312266,2026-08-17T07:33:47.819437+00:00,6,0,True,True
613312267,2026-08-17T07:33:47.819437+00:00,5,0,True,True
613312268,2026-08-17T07:33:47.819437+00:00,9,0,True,True
613312269,2026-08-17T07:33:47.819437+00:00,13,0,True,True
613312270,2026-08-17T07:33:47.819437+00:00,11,0,True,True
613312271,2026-08-17T07:33:47.819437+00:00,0,0,True,True
613312272,2026-08-17T07:33:47.819437+00:00,7,0,True,True
613312273,2026-08-17T07:33:47.819437+00:00,9,0,True,True
613312274,2026-08-17T07:33:47.819437+00:00,9,0,True,True
613312275,2026-08-17T07:33:47.819437+00:00,14,0,True,True
613312276,2026-08-17T07:33:47.819437+00:00,0,0,True,True
613312277,2026-08-17T07:33:47.819437+00:00,1,0,True,True
613312278,2026-08-17T07:33:47.819437+00:00,5,0,True,True
613312279,2026-08-17T07:33:47.819437+00:00,13,0,True,True
613312281,2026-08-17T07:33:47.819437+00:00,1,0,True,True
613312282,2026-08-17T07:33:47.819437+00:00,2,0,True,True
613312283,2026-08-17T07:33:47.819437+00:00,3,0,True,True
613312284,2026-08-17T07:33:47.819437+00:00,8,0,True,True
613312285,2026-08-17T07:33:47.819437+00:00,3,0,True,True
613312286,2026-08-17T07:33:47.819437+00:00,1,0,True,True
613312287,2026-08-17T07:33:47.819437+00:00,5,0,True,True
613312288,2026-08-17T07:33:47.819437+00:00,5,0,True,True
613312289,2026-08-17T07:33:47.819437+00:00,8,0,True,True
613312290,2026-08-17T07:33:47.819437+00:00,9,0,True,True
613312291,2026-08-17T07:33:47.819437+00:00,3,0,True,True
613312292,2026-08-17T07:33:47.819437+00:00,4,0,True,True
613312293,2026-08-17T07:33:47.819437+00:00,11,0,True,True
613312294,2026-08-17T07:33:47.819437+00:00,10,0,True,True
613312295,2026-08-17T07:33:47.819437+00:00,16,0,True,True
613312296,2026-08-17T07:33:47.819437+00:00,6,0,True,True
613312297,2026-08-17T07:33:47.819437+00:00,4,0,True,True
613312298,2026-08-17T07:33:47.819437+00:00,4,0,True,True
613312299,2026-08-17T07:33:47.819437+00:00,6,0,True,True
613312300,2026-08-17T07:33:47.819437+00:00,15,0,True,True
613312301,2026-08-17T07:33:47.819437+00:00,9,0,True,True
613312302,2026-08-17T07:33:47.819437+00:00,4,0,True,True
613312303,2026-08-17T07:33:47.819437+00:00,9,0,True,True
613312304,2026-08-17T07:33:47.819437+00:00,9,0,True,True
613312305,2026-08-17T07:33:47.819437+00:00,20,0,True,True
613312306,2026-08-17T07:33:47.819437+00:00,12,0,True,True
613312307,2026-08-17T07:33:47.819437+00:00,8,0,True,True
613312308,2026-08-17T07:33:47.819437+00:00,5,0,True,True
613312309,2026-08-17T07:33:47.819437+00:00,9,0,True,True
613312310,2026-08-17T07:33:47.819437+00:00,7,0,True,True
613312311,2026-08-17T07:33:47.819437+00:00,15,0,True,True
613312312,2026-08-17T07:33:47.819437+00:00,18,0,True,True
613312313,2026-08-17T07:33:47.819437+00:00,4,0,True,True
613312314,2026-08-17T07:33:47.819437+00:00,9,0,True,True
613312315,2026-08-17T07:33:47.819437+00:00,6,0,True,True
613510037,2026-08-17T07:33:47.819437+00:00,2,0,True,True
624056982,2026-08-17T07:33:47.819437+00:00,5,0,True,True
624057057,2026-08-17T07:33:47.819437+00:00,3,0,True,True
631244273,2026-08-17T07:33:47.819437+00:00,1,0,True,True
631244274,2026-08-17T07:33:47.819437+00:00,4,0,True,True
631244275,2026-08-17T07:33:47.819437+00:00,2,0,True,True
631244276,2026-08-17T07:33:47.819437+00:00,7,0,True,True
631244277,2026-08-17T07:33:47.819437+00:00,2,0,True,True
631244278,2026-08-17T07:33:47.819437+00:00,0,0,True,True
631244280,2026-08-17T07:33:47.819437+00:00,7,0,True,True
631244281,2026-08-17T07:33:47.819437+00:00,6,0,True,True
631244286,2026-08-17T07:33:47.819437+00:00,0,0,True,True
631244287,2026-08-17T07:33:47.819437+00:00,7,0,True,True
631244288,2026-08-17T07:33:47.819437+00:00,6,0,True,True
631244289,2026-08-17T07:33:47.819437+00:00,1,0,True,True
631244290,2026-08-17T07:33:47.819437+00:00,2,0,True,True
631244291,2026-08-17T07:33:47.819437+00:00,2,0,True,True
631244292,2026-08-17T07:33:47.819437+00:00,1,0,True,True
631244293,2026-08-17T07:33:47.819437+00:00,1,0,True,True
631244294,2026-08-17T07:33:47.819437+00:00,3,0,True,True
631244295,2026-08-17T07:33:47.819437+00:00,2,0,True,True
631244297,2026-08-17T07:33:47.819437+00:00,7,0,True,True
631244302,2026-08-17T07:33:47.819437+00:00,6,0,True,True
631244303,2026-08-17T07:33:47.819437+00:00,4,0,True,True
631244304,2026-08-17T07:33:47.819437+00:00,4,0,True,True
631244306,2026-08-17T07:33:47.819437+00:00,2,0,True,True
631244308,2026-08-17T07:33:47.819437+00:00,15,0,True,True
631244309,2026-08-17T07:33:47.819437+00:00,11,0,True,True
631244311,2026-08-17T07:33:47.819437+00:00,8,0,True,True
631244312,2026-08-17T07:33:47.819437+00:00,1,0,True,True
631244313,2026-08-17T07:33:47.819437+00:00,1,0,True,True
631244315,2026-08-17T07:33:47.819437+00:00,4,0,True,True
631244316,2026-08-17T07:33:47.819437+00:00,3,0,True,True
637793642,2026-08-17T07:33:47.819437+00:00,14,0,True,True
637794034,2026-08-17T07:33:47.819437+00:00,2,0,True,True
608535280,2026-08-17T08:25:24.683776+00:00,6,0,True,True
608535281,2026-08-17T08:25:24.683776+00:00,6,0,True,True
608535282,2026-08-17T08:25:24.683776+00:00,6,0,True,True
608535283,2026-08-17T08:25:24.683776+00:00,4,0,True,True
608535284,2026-08-17T08:25:24.683776+00:00,4,0,True,True
608535285,2026-08-17T08:25:24.683776+00:00,2,0,True,True
608535286,2026-08-17T08:25:24.683776+00:00,4,0,True,True
608535287,2026-08-17T08:25:24.683776+00:00,5,0,True,True
608535288,2026-08-17T08:25:24.683776+00:00,3,0,True,True
608535289,2026-08-17T08:25:24.683776+00:00,3,0,True,True
608535290,2026-08-17T08:25:24.683776+00:00,6,0,True,True
608535291,2026-08-17T08:25:24.683776+00:00,8,0,True,True
608535292,2026-08-17T08:25:24.683776+00:00,2,0,True,True
608535293,2026-08-17T08:25:24.683776+00:00,7,0,True,True
608535294,2026-08-17T08:25:24.683776+00:00,5,0,True,True
608535295,2026-08-17T08:25:24.683776+00:00,6,0,True,True
608535296,2026-08-17T08:25:24.683776+00:00,4,0,True,True
608535297,2026-08-17T08:25:24.683776+00:00,7,0,True,True
608535298,2026-08-17T08:25:24.683776+00:00,6,0,True,True
608535299,2026-08-17T08:25:24.683776+00:00,5,0,True,True
608535300,2026-08-17T08:25:24.683776+00:00,8,0,True,True
608535301,2026-08-17T08:25:24.683776+00:00,8,0,True,True
608535302,2026-08-17T08:25:24.683776+00:00,6,0,True,True
608535303,2026-08-17T08:25:24.683776+00:00,5,0,True,True
608535304,2026-08-17T08:25:24.683776+00:00,5,0,True,True
608535305,2026-08-17T08:25:24.683776+00:00,8,0,True,True
608535306,2026-08-17T08:25:24.683776+00:00,2,0,True,True
608535307,2026-08-17T08:25:24.683776+00:00,6,0,True,True
608535308,2026-08-17T08:25:24.683776+00:00,6,0,True,True
608535309,2026-08-17T08:25:24.683776+00:00,3,0,True,True
608535310,2026-08-17T08:25:24.683776+00:00,6,0,True,True
608535311,2026-08-17T08:25:24.683776+00:00,5,0,True,True
608535312,2026-08-17T08:25:24.683776+00:00,3,0,True,True
608535313,2026-08-17T08:25:24.683776+00:00,0,0,True,True
608535314,2026-08-17T08:25:24.683776+00:00,5,0,True,True
608535315,2026-08-17T08:25:24.683776+00:00,8,0,True,True
608535316,2026-08-17T08:25:24.683776+00:00,7,0,True,True
608535317,2026-08-17T08:25:24.683776+00:00,6,0,True,True
608535318,2026-08-17T08:25:24.683776+00:00,10,0,True,True
608535319,2026-08-17T08:25:24.683776+00:00,5,0,True,True
608535320,2026-08-17T08:25:24.683776+00:00,6,0,True,True
608535321,2026-08-17T08:25:24.683776+00:00,3,0,True,True
608535322,2026-08-17T08:25:24.683776+00:00,13,0,True,True
608535323,2026-08-17T08:25:24.683776+00:00,3,0,True,True
608535324,2026-08-17T08:25:24.683776+00:00,3,0,True,True
608535325,2026-08-17T08:25:24.683776+00:00,6,0,True,True
608535326,2026-08-17T08:25:24.683776+00:00,5,0,True,True
608535327,2026-08-17T08:25:24.683776+00:00,9,0,True,True
608535328,2026-08-17T08:25:24.683776+00:00,11,0,True,True
608535329,2026-08-17T08:25:24.683776+00:00,4,0,True,True
608535330,2026-08-17T08:25:24.683776+00:00,6,0,True,True
608535331,2026-08-17T08:25:24.683776+00:00,2,0,True,True
608535332,2026-08-17T08:25:24.683776+00:00,11,0,True,True
608535333,2026-08-17T08:25:24.683776+00:00,5,0,True,True
608535334,2026-08-17T08:25:24.683776+00:00,3,0,True,True
608535335,2026-08-17T08:25:24.683776+00:00,4,0,True,True
608535336,2026-08-17T08:25:24.683776+00:00,8,0,True,True
608535337,2026-08-17T08:25:24.683776+00:00,3,0,True,True
608535338,2026-08-17T08:25:24.683776+00:00,1,0,True,True
608535339,2026-08-17T08:25:24.683776+00:00,6,0,True,True
608535340,2026-08-17T08:25:24.683776+00:00,11,0,True,True
608535341,2026-08-17T08:25:24.683776+00:00,6,0,True,True
608535342,2026-08-17T08:25:24.683776+00:00,0,0,True,True
608535343,2026-08-17T08:25:24.683776+00:00,3,0,True,True
608535344,2026-08-17T08:25:24.683776+00:00,5,0,True,True
608535345,2026-08-17T08:25:24.683776+00:00,8,0,True,True
608535346,2026-08-17T08:25:24.683776+00:00,2,0,True,True
608535256,2026-08-17T08:25:24.683776+00:00,1,0,True,True
608535257,2026-08-17T08:25:24.683776+00:00,5,0,True,True
608535258,2026-08-17T08:25:24.683776+00:00,4,0,True,True
608535259,2026-08-17T08:25:24.683776+00:00,2,0,True,True
608535260,2026-08-17T08:25:24.683776+00:00,12,0,True,True
608535261,2026-08-17T08:25:24.683776+00:00,3,0,True,True
608535262,2026-08-17T08:25:24.683776+00:00,12,0,True,True
608535263,2026-08-17T08:25:24.683776+00:00,1,0,True,True
608535265,2026-08-17T08:25:24.683776+00:00,0,0,True,True
608535266,2026-08-17T08:25:24.683776+00:00,4,0,True,True
608535267,2026-08-17T08:25:24.683776+00:00,4,0,True,True
608535268,2026-08-17T08:25:24.683776+00:00,3,0,True,True
608535270,2026-08-17T08:25:24.683776+00:00,9,0,True,True
608535271,2026-08-17T08:25:24.683776+00:00,1,0,True,True
608535272,2026-08-17T08:25:24.683776+00:00,1,0,True,True
608535273,2026-08-17T08:25:24.683776+00:00,0,0,True,True
608535274,2026-08-17T08:25:24.683776+00:00,5,0,True,True
608535276,2026-08-17T08:25:24.683776+00:00,7,0,True,True
608535277,2026-08-17T08:25:24.683776+00:00,2,0,True,True
608535278,2026-08-17T08:25:24.683776+00:00,12,0,True,True
608535279,2026-08-17T08:25:24.683776+00:00,5,0,True,True
608535378,2026-08-17T08:25:24.683776+00:00,5,0,True,True
608535379,2026-08-17T08:25:24.683776+00:00,7,0,True,True
608535380,2026-08-17T08:25:24.683776+00:00,13,0,True,True
608535381,2026-08-17T08:25:24.683776+00:00,2,0,True,True
608535383,2026-08-17T08:25:24.683776+00:00,7,0,True,True
608535384,2026-08-17T08:25:24.683776+00:00,3,0,True,True
608535385,2026-08-17T08:25:24.683776+00:00,0,0,True,True
608535386,2026-08-17T08:25:24.683776+00:00,15,0,True,True
608535387,2026-08-17T08:25:24.683776+00:00,6,0,True,True
608535388,2026-08-17T08:25:24.683776+00:00,8,0,True,True
608535389,2026-08-17T08:25:24.683776+00:00,0,0,True,True
608535390,2026-08-17T08:25:24.683776+00:00,11,0,True,True
608535391,2026-08-17T08:25:24.683776+00:00,4,0,True,True
608535392,2026-08-17T08:25:24.683776+00:00,7,0,True,True
608535393,2026-08-17T08:25:24.683776+00:00,10,0,True,True
608535394,2026-08-17T08:25:24.683776+00:00,1,0,True,True
608535395,2026-08-17T08:25:24.683776+00:00,12,0,True,True
608535396,2026-08-17T08:25:24.683776+00:00,2,0,True,True
608535440,2026-08-17T08:25:24.683776+00:00,1,0,True,True
608535441,2026-08-17T08:25:24.683776+00:00,0,0,True,True
608535442,2026-08-17T08:25:24.683776+00:00,1,0,True,True
608535443,2026-08-17T08:25:24.683776+00:00,4,0,True,True
608535444,2026-08-17T08:25:24.683776+00:00,13,0,True,True
608535445,2026-08-17T08:25:24.683776+00:00,28,0,True,True
608535446,2026-08-17T08:25:24.683776+00:00,0,0,True,True
608535447,2026-08-17T08:25:24.683776+00:00,2,0,True,True
608535461,2026-08-17T08:25:24.683776+00:00,5,0,True,True
608535462,2026-08-17T08:25:24.683776+00:00,0,0,True,True
608535463,2026-08-17T08:25:24.683776+00:00,1,0,True,True
608535464,2026-08-17T08:25:24.683776+00:00,10,0,True,True
608535491,2026-08-17T08:25:24.683776+00:00,1,0,True,True
608535492,2026-08-17T08:25:24.683776+00:00,1,0,True,True
608535493,2026-08-17T08:25:24.683776+00:00,13,0,True,True
608535494,2026-08-17T08:25:24.683776+00:00,3,0,True,True
608535495,2026-08-17T08:25:24.683776+00:00,2,0,True,True
608535496,2026-08-17T08:25:24.683776+00:00,6,0,True,True
608535497,2026-08-17T08:25:24.683776+00:00,7,0,True,True
608535498,2026-08-17T08:25:24.683776+00:00,12,0,True,True
608535499,2026-08-17T08:25:24.683776+00:00,3,0,True,True
608535500,2026-08-17T08:25:24.683776+00:00,4,0,True,True
608535501,2026-08-17T08:25:24.683776+00:00,0,0,True,True
608535502,2026-08-17T08:25:24.683776+00:00,4,0,True,True
608535503,2026-08-17T08:25:24.683776+00:00,6,0,True,True
608535504,2026-08-17T08:25:24.683776+00:00,2,0,True,True
608535505,2026-08-17T08:25:24.683776+00:00,0,0,True,True
637793366,2026-08-17T08:25:24.683776+00:00,0,0,True,True
608535516,2026-08-17T08:25:24.683776+00:00,3,0,True,True
608535517,2026-08-17T08:25:24.683776+00:00,0,0,True,True
608535518,2026-08-17T08:25:24.683776+00:00,2,0,True,True
608535519,2026-08-17T08:25:24.683776+00:00,3,0,True,True
608535520,2026-08-17T08:25:24.683776+00:00,8,0,True,True
608535521,2026-08-17T08:25:24.683776+00:00,7,0,True,True
608535522,2026-08-17T08:25:24.683776+00:00,9,0,True,True
608535523,2026-08-17T08:25:24.683776+00:00,6,0,True,True
608535524,2026-08-17T08:25:24.683776+00:00,5,0,True,True
608535525,2026-08-17T08:25:24.683776+00:00,3,0,True,True
608535526,2026-08-17T08:25:24.683776+00:00,1,0,True,True
608535527,2026-08-17T08:25:24.683776+00:00,6,0,True,True
608535528,2026-08-17T08:25:24.683776+00:00,11,0,True,True
608535529,2026-08-17T08:25:24.683776+00:00,7,0,True,True
608535530,2026-08-17T08:25:24.683776+00:00,3,0,True,True
608535531,2026-08-17T08:25:24.683776+00:00,6,0,True,True
608535532,2026-08-17T08:25:24.683776+00:00,6,0,True,True
608535533,2026-08-17T08:25:24.683776+00:00,4,0,True,True
608535534,2026-08-17T08:25:24.683776+00:00,3,0,True,True
608535537,2026-08-17T08:25:24.683776+00:00,5,0,True,True
608535398,2026-08-17T08:25:24.683776+00:00,6,0,True,True
608535399,2026-08-17T08:25:24.683776+00:00,2,0,True,True
608535400,2026-08-17T08:25:24.683776+00:00,6,0,True,True
608535402,2026-08-17T08:25:24.683776+00:00,6,0,True,True
608535403,2026-08-17T08:25:24.683776+00:00,4,0,True,True
608535404,2026-08-17T08:25:24.683776+00:00,5,0,True,True
608535405,2026-08-17T08:25:24.683776+00:00,2,0,True,True
608535406,2026-08-17T08:25:24.683776+00:00,6,0,True,True
608535407,2026-08-17T08:25:24.683776+00:00,7,0,True,True
608535408,2026-08-17T08:25:24.683776+00:00,5,0,True,True
608535409,2026-08-17T08:25:24.683776+00:00,5,0,True,True
608535410,2026-08-17T08:25:24.683776+00:00,6,0,True,True
608535411,2026-08-17T08:25:24.683776+00:00,5,0,True,True
608535412,2026-08-17T08:25:24.683776+00:00,8,0,True,True
608535413,2026-08-17T08:25:24.683776+00:00,6,0,True,True
608535414,2026-08-17T08:25:24.683776+00:00,7,0,True,True
608535415,2026-08-17T08:25:24.683776+00:00,2,0,True,True
608535416,2026-08-17T08:25:24.683776+00:00,8,0,True,True
608535417,2026-08-17T08:25:24.683776+00:00,11,0,True,True
608535418,2026-08-17T08:25:24.683776+00:00,9,0,True,True
608535419,2026-08-17T08:25:24.683776+00:00,9,0,True,True
608535420,2026-08-17T08:25:24.683776+00:00,11,0,True,True
608535421,2026-08-17T08:25:24.683776+00:00,0,0,True,True
608535422,2026-08-17T08:25:24.683776+00:00,6,0,True,True
608535423,2026-08-17T08:25:24.683776+00:00,7,0,True,True
608535424,2026-08-17T08:25:24.683776+00:00,6,0,True,True
608535425,2026-08-17T08:25:24.683776+00:00,2,0,True,True
608535426,2026-08-17T08:25:24.683776+00:00,3,0,True,True
608535427,2026-08-17T08:25:24.683776+00:00,3,0,True,True
608535428,2026-08-17T08:25:24.683776+00:00,15,0,True,True
608535429,2026-08-17T08:25:24.683776+00:00,3,0,True,True
608535430,2026-08-17T08:25:24.683776+00:00,0,0,True,True
608535431,2026-08-17T08:25:24.683776+00:00,3,0,True,True
608535438,2026-08-17T08:25:24.683776+00:00,1,0,True,True
608535439,2026-08-17T08:25:24.683776+00:00,6,0,True,True
608535432,2026-08-17T08:25:24.683776+00:00,3,0,True,True
608535433,2026-08-17T08:25:24.683776+00:00,3,0,True,True
608535434,2026-08-17T08:25:24.683776+00:00,3,0,True,True
608535435,2026-08-17T08:25:24.683776+00:00,0,0,True,True
608535436,2026-08-17T08:25:24.683776+00:00,3,0,True,True
608535437,2026-08-17T08:25:24.683776+00:00,6,0,True,True
608535448,2026-08-17T08:25:24.683776+00:00,3,0,True,True
608535449,2026-08-17T08:25:24.683776+00:00,6,0,True,True
608535450,2026-08-17T08:25:24.683776+00:00,4,0,True,True
608535451,2026-08-17T08:25:24.683776+00:00,3,0,True,True
608535483,2026-08-17T08:25:24.683776+00:00,0,0,True,True
608535484,2026-08-17T08:25:24.683776+00:00,3,0,True,True
608535485,2026-08-17T08:25:24.683776+00:00,6,0,True,True
608535486,2026-08-17T08:25:24.683776+00:00,1,0,True,True
608535487,2026-08-17T08:25:24.683776+00:00,11,0,True,True
608535488,2026-08-17T08:25:24.683776+00:00,6,0,True,True
608535489,2026-08-17T08:25:24.683776+00:00,3,0,True,True
608535490,2026-08-17T08:25:24.683776+00:00,14,0,True,True
608535452,2026-08-17T08:25:24.683776+00:00,5,0,True,True
608535453,2026-08-17T08:25:24.683776+00:00,2,0,True,True
608535454,2026-08-17T08:25:24.683776+00:00,4,0,True,True
608535455,2026-08-17T08:25:24.683776+00:00,4,0,True,True
608535456,2026-08-17T08:25:24.683776+00:00,4,0,True,True
608535457,2026-08-17T08:25:24.683776+00:00,6,0,True,True
608535458,2026-08-17T08:25:24.683776+00:00,17,0,True,True
608535459,2026-08-17T08:25:24.683776+00:00,6,0,True,True
608535460,2026-08-17T08:25:24.683776+00:00,9,0,True,True
608535465,2026-08-17T08:25:24.683776+00:00,1,0,True,True
608535466,2026-08-17T08:25:24.683776+00:00,2,0,True,True
608535467,2026-08-17T08:25:24.683776+00:00,2,0,True,True
608535468,2026-08-17T08:25:24.683776+00:00,6,0,True,True
608535469,2026-08-17T08:25:24.683776+00:00,11,0,True,True
608535470,2026-08-17T08:25:24.683776+00:00,1,0,True,True
608535471,2026-08-17T08:25:24.683776+00:00,3,0,True,True
608535473,2026-08-17T08:25:24.683776+00:00,6,0,True,True
608535474,2026-08-17T08:25:24.683776+00:00,6,0,True,True
608535475,2026-08-17T08:25:24.683776+00:00,1,0,True,True
608535476,2026-08-17T08:25:24.683776+00:00,10,0,True,True
608535477,2026-08-17T08:25:24.683776+00:00,3,0,True,True
608535478,2026-08-17T08:25:24.683776+00:00,1,0,True,True
608535479,2026-08-17T08:25:24.683776+00:00,2,0,True,True
608535480,2026-08-17T08:25:24.683776+00:00,0,0,True,True
608535481,2026-08-17T08:25:24.683776+00:00,4,0,True,True
608535482,2026-08-17T08:25:24.683776+00:00,4,0,True,True
608535507,2026-08-17T08:25:24.683776+00:00,1,0,True,True
608535508,2026-08-17T08:25:24.683776+00:00,4,0,True,True
608535509,2026-08-17T08:25:24.683776+00:00,4,0,True,True
608535510,2026-08-17T08:25:24.683776+00:00,2,0,True,True
608535511,2026-08-17T08:25:24.683776+00:00,1,0,True,True
608535512,2026-08-17T08:25:24.683776+00:00,5,0,True,True
608535513,2026-08-17T08:25:24.683776+00:00,5,0,True,True
608535514,2026-08-17T08:25:24.683776+00:00,4,0,True,True
608535515,2026-08-17T08:25:24.683776+00:00,8,0,True,True
608535347,2026-08-17T08:25:24.683776+00:00,0,0,True,True
608535348,2026-08-17T08:25:24.683776+00:00,7,0,True,True
608535349,2026-08-17T08:25:24.683776+00:00,8,0,True,True
608535350,2026-08-17T08:25:24.683776+00:00,7,0,True,True
608535351,2026-08-17T08:25:24.683776+00:00,4,0,True,True
608535352,2026-08-17T08:25:24.683776+00:00,1,0,True,True
608535353,2026-08-17T08:25:24.683776+00:00,4,0,True,True
608535354,2026-08-17T08:25:24.683776+00:00,8,0,True,True
608535538,2026-08-17T08:25:24.683776+00:00,10,0,True,True
608535539,2026-08-17T08:25:24.683776+00:00,1,0,True,True
608535540,2026-08-17T08:25:24.683776+00:00,5,0,True,True
608535355,2026-08-17T08:25:24.683776+00:00,6,0,True,True
608535356,2026-08-17T08:25:24.683776+00:00,5,0,True,True
608535357,2026-08-17T08:25:24.683776+00:00,5,0,True,True
608535358,2026-08-17T08:25:24.683776+00:00,6,0,True,True
608535359,2026-08-17T08:25:24.683776+00:00,2,0,True,True
608535360,2026-08-17T08:25:24.683776+00:00,3,0,True,True
608535361,2026-08-17T08:25:24.683776+00:00,3,0,True,True
608535362,2026-08-17T08:25:24.683776+00:00,1,0,True,True
608535363,2026-08-17T08:25:24.683776+00:00,1,0,True,True
608535364,2026-08-17T08:25:24.683776+00:00,5,0,True,True
608535365,2026-08-17T08:25:24.683776+00:00,2,0,True,True
608535366,2026-08-17T08:25:24.683776+00:00,2,0,True,True
608535367,2026-08-17T08:25:24.683776+00:00,5,0,True,True
608535368,2026-08-17T08:25:24.683776+00:00,2,0,True,True
608535369,2026-08-17T08:25:24.683776+00:00,1,0,True,True
608535370,2026-08-17T08:25:24.683776+00:00,2,0,True,True
608535371,2026-08-17T08:25:24.683776+00:00,3,0,True,True
608535372,2026-08-17T08:25:24.683776+00:00,7,0,True,True
608535373,2026-08-17T08:25:24.683776+00:00,9,0,True,True
608535375,2026-08-17T08:25:24.683776+00:00,2,0,True,True
608535376,2026-08-17T08:25:24.683776+00:00,11,0,True,True
606857330,2026-08-17T08:25:24.683776+00:00,5,0,True,True
608534898,2026-08-17T08:25:24.683776+00:00,4,0,True,True
608534899,2026-08-17T08:25:24.683776+00:00,2,0,True,True
608534900,2026-08-17T08:25:24.683776+00:00,9,0,True,True
608534901,2026-08-17T08:25:24.683776+00:00,2,0,True,True
608534902,2026-08-17T08:25:24.683776+00:00,13,0,True,True
608534903,2026-08-17T08:25:24.683776+00:00,10,0,True,True
608534904,2026-08-17T08:25:24.683776+00:00,6,0,True,True
608534905,2026-08-17T08:25:24.683776+00:00,0,0,True,True
608534906,2026-08-17T08:25:24.683776+00:00,0,6,True,True
608534907,2026-08-17T08:25:24.683776+00:00,19,0,True,True
608534908,2026-08-17T08:25:24.683776+00:00,5,0,True,True
608534909,2026-08-17T08:25:24.683776+00:00,14,0,True,True
608534910,2026-08-17T08:25:24.683776+00:00,1,0,True,True
608534912,2026-08-17T08:25:24.683776+00:00,2,0,True,True
608534913,2026-08-17T08:25:24.683776+00:00,1,0,True,True
608534914,2026-08-17T08:25:24.683776+00:00,0,0,True,True
608534915,2026-08-17T08:25:24.683776+00:00,12,0,True,True
608534916,2026-08-17T08:25:24.683776+00:00,7,0,True,True
608534917,2026-08-17T08:25:24.683776+00:00,6,0,True,True
608534918,2026-08-17T08:25:24.683776+00:00,12,0,True,True
608534919,2026-08-17T08:25:24.683776+00:00,1,0,True,True
608534920,2026-08-17T08:25:24.683776+00:00,26,0,True,True
608534921,2026-08-17T08:25:24.683776+00:00,9,0,True,True
608534922,2026-08-17T08:25:24.683776+00:00,5,0,True,True
608534923,2026-08-17T08:25:24.683776+00:00,14,0,True,True
608534924,2026-08-17T08:25:24.683776+00:00,6,0,True,True
608534925,2026-08-17T08:25:24.683776+00:00,7,0,True,True
608534926,2026-08-17T08:25:24.683776+00:00,2,0,True,True
608534927,2026-08-17T08:25:24.683776+00:00,3,0,True,True
608534928,2026-08-17T08:25:24.683776+00:00,7,0,True,True
608534930,2026-08-17T08:25:24.683776+00:00,9,0,True,True
608534932,2026-08-17T08:25:24.683776+00:00,2,0,True,True
608534933,2026-08-17T08:25:24.683776+00:00,1,0,True,True
608534934,2026-08-17T08:25:24.683776+00:00,7,0,False,False
608534936,2026-08-17T08:25:24.683776+00:00,9,0,True,True
608534937,2026-08-17T08:25:24.683776+00:00,2,0,True,True
608534939,2026-08-17T08:25:24.683776+00:00,9,0,True,True
608534940,2026-08-17T08:25:24.683776+00:00,0,0,True,True
608534942,2026-08-17T08:25:24.683776+00:00,15,0,True,True
608534943,2026-08-17T08:25:24.683776+00:00,4,0,True,True
608534944,2026-08-17T08:25:24.683776+00:00,0,0,True,True
608534945,2026-08-17T08:25:24.683776+00:00,9,0,True,True
608534946,2026-08-17T08:25:24.683776+00:00,9,0,True,True
608534947,2026-08-17T08:25:24.683776+00:00,13,0,True,True
608534948,2026-08-17T08:25:24.683776+00:00,4,0,True,True
608534950,2026-08-17T08:25:24.683776+00:00,9,0,True,True
608534952,2026-08-17T08:25:24.683776+00:00,1,0,True,True
608534953,2026-08-17T08:25:24.683776+00:00,6,0,True,True
608534954,2026-08-17T08:25:24.683776+00:00,2,0,True,True
608534955,2026-08-17T08:25:24.683776+00:00,9,0,True,True
608534956,2026-08-17T08:25:24.683776+00:00,16,0,True,True
608534957,2026-08-17T08:25:24.683776+00:00,5,0,True,True
608534958,2026-08-17T08:25:24.683776+00:00,1,0,True,True
608534959,2026-08-17T08:25:24.683776+00:00,5,3,True,True
608534960,2026-08-17T08:25:24.683776+00:00,2,0,True,True
608534961,2026-08-17T08:25:24.683776+00:00,1,0,True,True
608534962,2026-08-17T08:25:24.683776+00:00,6,0,True,True
608534963,2026-08-17T08:25:24.683776+00:00,14,0,True,True
608534964,2026-08-17T08:25:24.683776+00:00,6,0,True,True
608534965,2026-08-17T08:25:24.683776+00:00,0,0,True,True
608534967,2026-08-17T08:25:24.683776+00:00,2,0,True,True
608534968,2026-08-17T08:25:24.683776+00:00,15,0,True,True
608534969,2026-08-17T08:25:24.683776+00:00,0,0,True,True
608534970,2026-08-17T08:25:24.683776+00:00,3,0,True,True
608534971,2026-08-17T08:25:24.683776+00:00,4,0,True,True
608534973,2026-08-17T08:25:24.683776+00:00,0,0,True,True
608534974,2026-08-17T08:25:24.683776+00:00,13,0,True,True
608534975,2026-08-17T08:25:24.683776+00:00,1,0,True,True
608534977,2026-08-17T08:25:24.683776+00:00,0,0,True,True
608534978,2026-08-17T08:25:24.683776+00:00,3,0,True,True
608534979,2026-08-17T08:25:24.683776+00:00,0,0,True,True
608534980,2026-08-17T08:25:24.683776+00:00,0,0,True,True
608534981,2026-08-17T08:25:24.683776+00:00,1,0,True,True
608534982,2026-08-17T08:25:24.683776+00:00,0,0,True,True
608534983,2026-08-17T08:25:24.683776+00:00,0,0,True,True
608534984,2026-08-17T08:25:24.683776+00:00,0,0,True,True
608534985,2026-08-17T08:25:24.683776+00:00,2,0,True,True
608534986,2026-08-17T08:25:24.683776+00:00,2,0,True,True
608534987,2026-08-17T08:25:24.683776+00:00,2,0,True,True
608534988,2026-08-17T08:25:24.683776+00:00,1,0,True,True
608534990,2026-08-17T08:25:24.683776+00:00,3,0,True,True
608534991,2026-08-17T08:25:24.683776+00:00,1,0,True,True
608534992,2026-08-17T08:25:24.683776+00:00,2,0,True,True
608534993,2026-08-17T08:25:24.683776+00:00,1,0,True,True
608534994,2026-08-17T08:25:24.683776+00:00,0,0,True,True
608534995,2026-08-17T08:25:24.683776+00:00,7,0,True,True
608534996,2026-08-17T08:25:24.683776+00:00,1,0,True,True
608534998,2026-08-17T08:25:24.683776+00:00,0,0,True,True
608534999,2026-08-17T08:25:24.683776+00:00,0,0,True,True
608535000,2026-08-17T08:25:24.683776+00:00,1,0,True,True
608535001,2026-08-17T08:25:24.683776+00:00,3,0,True,True
608535002,2026-08-17T08:25:24.683776+00:00,0,0,True,True
608535003,2026-08-17T08:25:24.683776+00:00,0,0,True,True
608535004,2026-08-17T08:25:24.683776+00:00,0,0,True,True
608535005,2026-08-17T08:25:24.683776+00:00,10,0,True,True
608535006,2026-08-17T08:25:24.683776+00:00,0,0,True,True
608535007,2026-08-17T08:25:24.683776+00:00,1,0,True,True
608535008,2026-08-17T08:25:24.683776+00:00,2,0,True,True
608535009,2026-08-17T08:25:24.683776+00:00,0,0,True,True
608535010,2026-08-17T08:25:24.683776+00:00,0,0,True,True
608535011,2026-08-17T08:25:24.683776+00:00,0,0,True,True
608535012,2026-08-17T08:25:24.683776+00:00,0,0,True,True
608535013,2026-08-17T08:25:24.683776+00:00,0,0,True,True
608535014,2026-08-17T08:25:24.683776+00:00,5,0,True,True
608535015,2026-08-17T08:25:24.683776+00:00,1,0,True,True
608535016,2026-08-17T08:25:24.683776+00:00,3,0,True,True
608535017,2026-08-17T08:25:24.683776+00:00,10,0,True,True
608535018,2026-08-17T08:25:24.683776+00:00,5,0,True,True
608535019,2026-08-17T08:25:24.683776+00:00,3,0,True,True
608535020,2026-08-17T08:25:24.683776+00:00,2,0,True,True
608535021,2026-08-17T08:25:24.683776+00:00,2,0,True,True
608535022,2026-08-17T08:25:24.683776+00:00,4,0,True,True
608535023,2026-08-17T08:25:24.683776+00:00,2,0,True,True
608535024,2026-08-17T08:25:24.683776+00:00,4,0,True,True
608535025,2026-08-17T08:25:24.683776+00:00,0,0,True,True
608535026,2026-08-17T08:25:24.683776+00:00,2,0,True,True
608535027,2026-08-17T08:25:24.683776+00:00,7,0,True,True
608535028,2026-08-17T08:25:24.683776+00:00,7,0,True,True
608535029,2026-08-17T08:25:24.683776+00:00,6,0,True,True
608535030,2026-08-17T08:25:24.683776+00:00,0,0,True,True
608535031,2026-08-17T08:25:24.683776+00:00,12,0,True,True
608535032,2026-08-17T08:25:24.683776+00:00,5,0,True,True
608535033,2026-08-17T08:25:24.683776+00:00,7,0,True,True
608535034,2026-08-17T08:25:24.683776+00:00,4,0,True,True
608535036,2026-08-17T08:25:24.683776+00:00,7,0,True,True
608535037,2026-08-17T08:25:24.683776+00:00,8,0,True,True
608535038,2026-08-17T08:25:24.683776+00:00,3,0,True,True
608535039,2026-08-17T08:25:24.683776+00:00,7,0,True,True
608535040,2026-08-17T08:25:24.683776+00:00,1,0,True,True
608535041,2026-08-17T08:25:24.683776+00:00,8,0,True,True
608535042,2026-08-17T08:25:24.683776+00:00,9,0,True,True
608535043,2026-08-17T08:25:24.683776+00:00,7,0,True,True
608535044,2026-08-17T08:25:24.683776+00:00,2,0,True,True
608535045,2026-08-17T08:25:24.683776+00:00,9,0,True,True
608535046,2026-08-17T08:25:24.683776+00:00,5,0,True,True
608535047,2026-08-17T08:25:24.683776+00:00,6,0,True,True
608535048,2026-08-17T08:25:24.683776+00:00,17,0,True,True
608535049,2026-08-17T08:25:24.683776+00:00,9,0,True,True
608535050,2026-08-17T08:25:24.683776+00:00,12,0,True,True
608535051,2026-08-17T08:25:24.683776+00:00,13,0,True,True
608535052,2026-08-17T08:25:24.683776+00:00,6,0,True,True
608535053,2026-08-17T08:25:24.683776+00:00,4,0,True,True
608535054,2026-08-17T08:25:24.683776+00:00,4,0,True,True
608535055,2026-08-17T08:25:24.683776+00:00,6,0,True,True
608535057,2026-08-17T08:25:24.683776+00:00,12,0,True,True
608535058,2026-08-17T08:25:24.683776+00:00,10,0,True,True
608535059,2026-08-17T08:25:24.683776+00:00,17,0,True,True
608535060,2026-08-17T08:25:24.683776+00:00,14,0,True,True
608535061,2026-08-17T08:25:24.683776+00:00,4,0,True,True
608535062,2026-08-17T08:25:24.683776+00:00,6,0,True,True
608535063,2026-08-17T08:25:24.683776+00:00,9,0,True,True
608535064,2026-08-17T08:25:24.683776+00:00,6,0,True,True
608535065,2026-08-17T08:25:24.683776+00:00,4,0,True,True
608535066,2026-08-17T08:25:24.683776+00:00,12,0,True,True
608535067,2026-08-17T08:25:24.683776+00:00,23,0,True,True
608535068,2026-08-17T08:25:24.683776+00:00,3,0,True,True
608535069,2026-08-17T08:25:24.683776+00:00,6,0,True,True
608535070,2026-08-17T08:25:24.683776+00:00,0,0,True,True
608535071,2026-08-17T08:25:24.683776+00:00,4,0,True,True
608535072,2026-08-17T08:25:24.683776+00:00,2,0,True,True
608535073,2026-08-17T08:25:24.683776+00:00,2,0,True,True
608535074,2026-08-17T08:25:24.683776+00:00,8,0,True,True
608535075,2026-08-17T08:25:24.683776+00:00,10,0,True,True
608535077,2026-08-17T08:25:24.683776+00:00,1,0,True,True
608535078,2026-08-17T08:25:24.683776+00:00,5,0,True,True
608535079,2026-08-17T08:25:24.683776+00:00,4,0,True,True
608535080,2026-08-17T08:25:24.683776+00:00,4,0,True,True
608535081,2026-08-17T08:25:24.683776+00:00,15,0,True,True
608535082,2026-08-17T08:25:24.683776+00:00,6,0,True,True
608535083,2026-08-17T08:25:24.683776+00:00,4,0,True,True
608535084,2026-08-17T08:25:24.683776+00:00,4,0,True,True
608535085,2026-08-17T08:25:24.683776+00:00,5,0,True,True
608535086,2026-08-17T08:25:24.683776+00:00,8,0,True,True
608535087,2026-08-17T08:25:24.683776+00:00,1,0,True,True
608535088,2026-08-17T08:25:24.683776+00:00,4,0,True,True
608535089,2026-08-17T08:25:24.683776+00:00,0,0,True,True
608535090,2026-08-17T08:25:24.683776+00:00,3,0,True,True
608535091,2026-08-17T08:25:24.683776+00:00,0,0,True,True
608535092,2026-08-17T08:25:24.683776+00:00,5,0,True,True
608535093,2026-08-17T08:25:24.683776+00:00,1,0,True,True
608535094,2026-08-17T08:25:24.683776+00:00,11,0,True,True
608535095,2026-08-17T08:25:24.683776+00:00,4,0,True,True
608535096,2026-08-17T08:25:24.683776+00:00,4,0,True,True
608535097,2026-08-17T08:25:24.683776+00:00,4,0,True,True
608535098,2026-08-17T08:25:24.683776+00:00,8,0,True,True
608535099,2026-08-17T08:25:24.683776+00:00,14,0,True,True
608535100,2026-08-17T08:25:24.683776+00:00,5,0,True,True
608535101,2026-08-17T08:25:24.683776+00:00,6,0,True,True
608535102,2026-08-17T08:25:24.683776+00:00,0,0,True,True
608535103,2026-08-17T08:25:24.683776+00:00,12,0,True,True
608535104,2026-08-17T08:25:24.683776+00:00,2,0,True,True
608535105,2026-08-17T08:25:24.683776+00:00,9,0,True,True
608535106,2026-08-17T08:25:24.683776+00:00,2,0,True,True
608535107,2026-08-17T08:25:24.683776+00:00,4,0,True,True
608535108,2026-08-17T08:25:24.683776+00:00,8,0,True,True
608535109,2026-08-17T08:25:24.683776+00:00,8,0,True,True
608535110,2026-08-17T08:25:24.683776+00:00,10,0,True,True
608535111,2026-08-17T08:25:24.683776+00:00,1,0,True,True
608535112,2026-08-17T08:25:24.683776+00:00,3,0,True,True
608535113,2026-08-17T08:25:24.683776+00:00,4,0,True,True
608535114,2026-08-17T08:25:24.683776+00:00,1,0,True,True
608535116,2026-08-17T08:25:24.683776+00:00,3,0,True,True
608535117,2026-08-17T08:25:24.683776+00:00,11,0,True,True
608535118,2026-08-17T08:25:24.683776+00:00,4,0,True,True
608535119,2026-08-17T08:25:24.683776+00:00,0,0,True,True
608535120,2026-08-17T08:25:24.683776+00:00,6,0,True,True
608535121,2026-08-17T08:25:24.683776+00:00,0,0,True,True
608535122,2026-08-17T08:25:24.683776+00:00,4,0,True,True
608535123,2026-08-17T08:25:24.683776+00:00,1,0,True,True
608535124,2026-08-17T08:25:24.683776+00:00,6,0,True,True
608535125,2026-08-17T08:25:24.683776+00:00,0,0,True,True
608535126,2026-08-17T08:25:24.683776+00:00,9,0,True,True
608535127,2026-08-17T08:25:24.683776+00:00,2,0,True,True
608535128,2026-08-17T08:25:24.683776+00:00,1,0,True,True
608535129,2026-08-17T08:25:24.683776+00:00,5,0,True,True
608535130,2026-08-17T08:25:24.683776+00:00,2,0,True,True
608535131,2026-08-17T08:25:24.683776+00:00,7,0,True,True
608535132,2026-08-17T08:25:24.683776+00:00,0,0,True,True
608535133,2026-08-17T08:25:24.683776+00:00,5,0,True,True
608535134,2026-08-17T08:25:24.683776+00:00,1,0,True,True
608535135,2026-08-17T08:25:24.683776+00:00,6,0,True,True
608535136,2026-08-17T08:25:24.683776+00:00,1,0,True,True
608535137,2026-08-17T08:25:24.683776+00:00,0,0,True,True
608535138,2026-08-17T08:25:24.683776+00:00,4,0,True,True
608535139,2026-08-17T08:25:24.683776+00:00,4,0,True,True
608535140,2026-08-17T08:25:24.683776+00:00,3,0,True,True
608535141,2026-08-17T08:25:24.683776+00:00,6,0,True,True
608535142,2026-08-17T08:25:24.683776+00:00,8,0,True,True
608535143,2026-08-17T08:25:24.683776+00:00,2,0,True,True
608535144,2026-08-17T08:25:24.683776+00:00,9,0,True,True
608535145,2026-08-17T08:25:24.683776+00:00,22,0,True,True
608535146,2026-08-17T08:25:24.683776+00:00,2,0,True,True
608535147,2026-08-17T08:25:24.683776+00:00,4,0,True,True
608535148,2026-08-17T08:25:24.683776+00:00,3,0,True,True
608535149,2026-08-17T08:25:24.683776+00:00,3,0,True,True
608535150,2026-08-17T08:25:24.683776+00:00,10,0,True,True
608535151,2026-08-17T08:25:24.683776+00:00,0,0,True,True
608535152,2026-08-17T08:25:24.683776+00:00,2,0,True,True
608535153,2026-08-17T08:25:24.683776+00:00,1,0,True,True
608535154,2026-08-17T08:25:24.683776+00:00,1,0,True,True
608535155,2026-08-17T08:25:24.683776+00:00,1,0,True,True
608535156,2026-08-17T08:25:24.683776+00:00,4,0,True,True
608535157,2026-08-17T08:25:24.683776+00:00,2,0,True,True
608535158,2026-08-17T08:25:24.683776+00:00,2,0,True,True
608535159,2026-08-17T08:25:24.683776+00:00,0,0,True,True
608535160,2026-08-17T08:25:24.683776+00:00,1,0,True,True
608535162,2026-08-17T08:25:24.683776+00:00,1,0,True,True
608535163,2026-08-17T08:25:24.683776+00:00,4,0,True,True
608535164,2026-08-17T08:25:24.683776+00:00,3,0,True,True
608535165,2026-08-17T08:25:24.683776+00:00,2,0,True,True
608535166,2026-08-17T08:25:24.683776+00:00,3,0,True,True
608535167,2026-08-17T08:25:24.683776+00:00,3,0,True,True
608535168,2026-08-17T08:25:24.683776+00:00,5,0,True,True
608535169,2026-08-17T08:25:24.683776+00:00,10,0,True,True
608535170,2026-08-17T08:25:24.683776+00:00,4,0,True,True
608535171,2026-08-17T08:25:24.683776+00:00,3,0,True,True
608535172,2026-08-17T08:25:24.683776+00:00,6,0,True,True
608535173,2026-08-17T08:25:24.683776+00:00,9,0,True,True
608535174,2026-08-17T08:25:24.683776+00:00,0,0,True,True
608535175,2026-08-17T08:25:24.683776+00:00,1,0,True,True
608535176,2026-08-17T08:25:24.683776+00:00,0,0,True,True
608535178,2026-08-17T08:25:24.683776+00:00,8,0,True,True
608535179,2026-08-17T08:25:24.683776+00:00,7,0,True,True
608535180,2026-08-17T08:25:24.683776+00:00,0,0,True,True
608535181,2026-08-17T08:25:24.683776+00:00,3,0,True,True
608535182,2026-08-17T08:25:24.683776+00:00,2,0,True,True
608535183,2026-08-17T08:25:24.683776+00:00,2,0,True,True
608535184,2026-08-17T08:25:24.683776+00:00,1,0,True,True
608535185,2026-08-17T08:25:24.683776+00:00,5,0,True,True
608535186,2026-08-17T08:25:24.683776+00:00,9,0,True,True
608535187,2026-08-17T08:25:24.683776+00:00,0,0,True,True
608535188,2026-08-17T08:25:24.683776+00:00,9,0,True,True
608535189,2026-08-17T08:25:24.683776+00:00,0,0,True,True
608535190,2026-08-17T08:25:24.683776+00:00,6,0,True,True
608535192,2026-08-17T08:25:24.683776+00:00,13,0,True,True
608535193,2026-08-17T08:25:24.683776+00:00,9,0,True,True
608535194,2026-08-17T08:25:24.683776+00:00,2,0,True,True
608535195,2026-08-17T08:25:24.683776+00:00,2,0,True,True
608535196,2026-08-17T08:25:24.683776+00:00,4,0,True,True
608535197,2026-08-17T08:25:24.683776+00:00,0,0,True,True
608535198,2026-08-17T08:25:24.683776+00:00,0,0,True,True
608535199,2026-08-17T08:25:24.683776+00:00,7,0,True,True
608535200,2026-08-17T08:25:24.683776+00:00,4,0,True,True
608535201,2026-08-17T08:25:24.683776+00:00,2,0,True,True
608535202,2026-08-17T08:25:24.683776+00:00,0,0,True,True
608535203,2026-08-17T08:25:24.683776+00:00,9,0,True,True
608535204,2026-08-17T08:25:24.683776+00:00,3,0,True,True
608535205,2026-08-17T08:25:24.683776+00:00,8,0,True,True
608535206,2026-08-17T08:25:24.683776+00:00,6,0,True,True
608535207,2026-08-17T08:25:24.683776+00:00,3,0,True,True
608535208,2026-08-17T08:25:24.683776+00:00,6,0,True,True
608535209,2026-08-17T08:25:24.683776+00:00,0,0,True,True
608535210,2026-08-17T08:25:24.683776+00:00,12,0,True,True
608535211,2026-08-17T08:25:24.683776+00:00,3,0,True,True
608535212,2026-08-17T08:25:24.683776+00:00,3,0,True,True
608535213,2026-08-17T08:25:24.683776+00:00,12,0,True,True
608535214,2026-08-17T08:25:24.683776+00:00,3,0,True,True
608535215,2026-08-17T08:25:24.683776+00:00,3,0,True,True
608535216,2026-08-17T08:25:24.683776+00:00,9,0,True,True
608535217,2026-08-17T08:25:24.683776+00:00,7,0,True,True
608535218,2026-08-17T08:25:24.683776+00:00,7,0,True,True
608535219,2026-08-17T08:25:24.683776+00:00,2,0,True,True
608535220,2026-08-17T08:25:24.683776+00:00,4,0,True,True
608535221,2026-08-17T08:25:24.683776+00:00,2,0,True,True
608535222,2026-08-17T08:25:24.683776+00:00,6,0,True,True
608535223,2026-08-17T08:25:24.683776+00:00,10,0,True,True
608535224,2026-08-17T08:25:24.683776+00:00,3,0,True,True
608535225,2026-08-17T08:25:24.683776+00:00,4,0,True,True
608535226,2026-08-17T08:25:24.683776+00:00,0,0,True,True
608535227,2026-08-17T08:25:24.683776+00:00,0,0,True,True
608535228,2026-08-17T08:25:24.683776+00:00,10,0,True,True
608535229,2026-08-17T08:25:24.683776+00:00,11,0,True,True
608535230,2026-08-17T08:25:24.683776+00:00,2,0,True,True
608535231,2026-08-17T08:25:24.683776+00:00,2,0,True,True
608535232,2026-08-17T08:25:24.683776+00:00,2,0,True,True
608535234,2026-08-17T08:25:24.683776+00:00,13,0,True,True
608535235,2026-08-17T08:25:24.683776+00:00,9,0,True,True
608535236,2026-08-17T08:25:24.683776+00:00,5,0,True,True
608535237,2026-08-17T08:25:24.683776+00:00,6,0,True,True
608535238,2026-08-17T08:25:24.683776+00:00,5,0,True,True
608535239,2026-08-17T08:25:24.683776+00:00,6,0,True,True
608535240,2026-08-17T08:25:24.683776+00:00,3,0,True,True
608535241,2026-08-17T08:25:24.683776+00:00,1,0,True,True
608535242,2026-08-17T08:25:24.683776+00:00,12,0,True,True
608535243,2026-08-17T08:25:24.683776+00:00,6,0,True,True
608535244,2026-08-17T08:25:24.683776+00:00,2,0,True,True
608535245,2026-08-17T08:25:24.683776+00:00,10,0,True,True
608535246,2026-08-17T08:25:24.683776+00:00,6,0,True,True
608535247,2026-08-17T08:25:24.683776+00:00,8,0,True,True
608535248,2026-08-17T08:25:24.683776+00:00,4,0,True,True
608535249,2026-08-17T08:25:24.683776+00:00,6,0,True,True
608535250,2026-08-17T08:25:24.683776+00:00,4,0,True,True
608535251,2026-08-17T08:25:24.683776+00:00,7,0,True,True
608535252,2026-08-17T08:25:24.683776+00:00,4,0,True,True
608535254,2026-08-17T08:25:24.683776+00:00,3,0,True,True
608535255,2026-08-17T08:25:24.683776+00:00,3,0,True,True
613312171,2026-08-17T08:25:24.683776+00:00,8,0,True,True
613312172,2026-08-17T08:25:24.683776+00:00,0,0,True,True
613312173,2026-08-17T08:25:24.683776+00:00,10,0,True,True
613312174,2026-08-17T08:25:24.683776+00:00,0,0,True,True
613312175,2026-08-17T08:25:24.683776+00:00,1,0,True,True
613312176,2026-08-17T08:25:24.683776+00:00,12,0,True,True
613312177,2026-08-17T08:25:24.683776+00:00,0,0,True,True
613312179,2026-08-17T08:25:24.683776+00:00,7,0,True,True
613312180,2026-08-17T08:25:24.683776+00:00,2,0,True,True
613312181,2026-08-17T08:25:24.683776+00:00,20,0,True,True
613312182,2026-08-17T08:25:24.683776+00:00,6,0,True,True
613312183,2026-08-17T08:25:24.683776+00:00,9,0,True,True
613312184,2026-08-17T08:25:24.683776+00:00,0,0,True,True
613312185,2026-08-17T08:25:24.683776+00:00,1,0,True,True
613312186,2026-08-17T08:25:24.683776+00:00,0,0,True,True
613312187,2026-08-17T08:25:24.683776+00:00,1,0,True,True
613312188,2026-08-17T08:25:24.683776+00:00,0,0,True,True
613312189,2026-08-17T08:25:24.683776+00:00,2,0,True,True
613312190,2026-08-17T08:25:24.683776+00:00,0,0,True,True
613312191,2026-08-17T08:25:24.683776+00:00,5,0,True,True
613312192,2026-08-17T08:25:24.683776+00:00,0,0,True,True
613312193,2026-08-17T08:25:24.683776+00:00,0,0,True,True
613312194,2026-08-17T08:25:24.683776+00:00,1,0,True,True
613312195,2026-08-17T08:25:24.683776+00:00,3,0,True,True
613312196,2026-08-17T08:25:24.683776+00:00,5,0,True,True
613312197,2026-08-17T08:25:24.683776+00:00,2,0,True,True
613312198,2026-08-17T08:25:24.683776+00:00,7,0,True,True
613312199,2026-08-17T08:25:24.683776+00:00,4,0,True,True
613312200,2026-08-17T08:25:24.683776+00:00,7,0,True,True
613312201,2026-08-17T08:25:24.683776+00:00,0,0,True,True
613312202,2026-08-17T08:25:24.683776+00:00,10,0,True,True
613312203,2026-08-17T08:25:24.683776+00:00,2,0,True,True
613312204,2026-08-17T08:25:24.683776+00:00,4,0,True,True
613312205,2026-08-17T08:25:24.683776+00:00,11,0,True,True
613312206,2026-08-17T08:25:24.683776+00:00,3,0,True,True
613312207,2026-08-17T08:25:24.683776+00:00,5,0,True,True
613312208,2026-08-17T08:25:24.683776+00:00,9,0,True,True
613312209,2026-08-17T08:25:24.683776+00:00,2,0,True,True
613312210,2026-08-17T08:25:24.683776+00:00,3,0,True,True
613312211,2026-08-17T08:25:24.683776+00:00,4,0,True,True
613312212,2026-08-17T08:25:24.683776+00:00,3,0,True,True
613312213,2026-08-17T08:25:24.683776+00:00,4,0,True,True
613312214,2026-08-17T08:25:24.683776+00:00,4,0,True,True
613312215,2026-08-17T08:25:24.683776+00:00,6,0,True,True
613312216,2026-08-17T08:25:24.683776+00:00,5,0,True,True
613312217,2026-08-17T08:25:24.683776+00:00,2,0,True,True
613312218,2026-08-17T08:25:24.683776+00:00,6,0,True,True
613312219,2026-08-17T08:25:24.683776+00:00,2,0,True,True
613312220,2026-08-17T08:25:24.683776+00:00,0,0,True,True
613312221,2026-08-17T08:25:24.683776+00:00,12,0,True,True
613312222,2026-08-17T08:25:24.683776+00:00,9,0,True,True
613312223,2026-08-17T08:25:24.683776+00:00,2,0,True,True
613312224,2026-08-17T08:25:24.683776+00:00,5,0,True,True
613312225,2026-08-17T08:25:24.683776+00:00,13,0,True,True
613312226,2026-08-17T08:25:24.683776+00:00,3,0,True,True
613312227,2026-08-17T08:25:24.683776+00:00,5,0,True,True
613312228,2026-08-17T08:25:24.683776+00:00,3,0,True,True
613312229,2026-08-17T08:25:24.683776+00:00,9,0,True,True
613312230,2026-08-17T08:25:24.683776+00:00,1,0,True,True
613312231,2026-08-17T08:25:24.683776+00:00,5,0,True,True
613312233,2026-08-17T08:25:24.683776+00:00,1,0,True,True
613312234,2026-08-17T08:25:24.683776+00:00,3,0,True,True
613312236,2026-08-17T08:25:24.683776+00:00,6,0,True,True
613312237,2026-08-17T08:25:24.683776+00:00,11,0,True,True
613312238,2026-08-17T08:25:24.683776+00:00,2,0,True,True
613312239,2026-08-17T08:25:24.683776+00:00,1,0,True,True
613312240,2026-08-17T08:25:24.683776+00:00,3,0,True,True
613312241,2026-08-17T08:25:24.683776+00:00,3,0,True,True
613312242,2026-08-17T08:25:24.683776+00:00,3,0,True,True
613312243,2026-08-17T08:25:24.683776+00:00,2,0,True,True
613312244,2026-08-17T08:25:24.683776+00:00,6,0,True,True
613312245,2026-08-17T08:25:24.683776+00:00,1,0,True,True
613312246,2026-08-17T08:25:24.683776+00:00,4,0,True,True
613312247,2026-08-17T08:25:24.683776+00:00,5,0,True,True
613312248,2026-08-17T08:25:24.683776+00:00,5,0,True,True
613312249,2026-08-17T08:25:24.683776+00:00,2,0,True,True
613312250,2026-08-17T08:25:24.683776+00:00,10,0,True,True
613312251,2026-08-17T08:25:24.683776+00:00,7,0,True,True
613312252,2026-08-17T08:25:24.683776+00:00,4,0,True,True
613312253,2026-08-17T08:25:24.683776+00:00,2,0,True,True
613312254,2026-08-17T08:25:24.683776+00:00,7,0,True,True
613312255,2026-08-17T08:25:24.683776+00:00,2,0,True,True
613312256,2026-08-17T08:25:24.683776+00:00,10,0,True,True
613312257,2026-08-17T08:25:24.683776+00:00,6,0,True,True
613312258,2026-08-17T08:25:24.683776+00:00,5,0,True,True
613312259,2026-08-17T08:25:24.683776+00:00,7,0,True,True
613312260,2026-08-17T08:25:24.683776+00:00,0,0,True,True
613312261,2026-08-17T08:25:24.683776+00:00,0,0,True,True
613312262,2026-08-17T08:25:24.683776+00:00,0,0,True,True
613312263,2026-08-17T08:25:24.683776+00:00,2,0,True,True
613312264,2026-08-17T08:25:24.683776+00:00,4,0,True,True
613312265,2026-08-17T08:25:24.683776+00:00,6,0,True,True
613312266,2026-08-17T08:25:24.683776+00:00,6,0,True,True
613312267,2026-08-17T08:25:24.683776+00:00,5,0,True,True
613312268,2026-08-17T08:25:24.683776+00:00,9,0,True,True
613312269,2026-08-17T08:25:24.683776+00:00,13,0,True,True
613312270,2026-08-17T08:25:24.683776+00:00,11,0,True,True
613312271,2026-08-17T08:25:24.683776+00:00,0,0,True,True
613312272,2026-08-17T08:25:24.683776+00:00,7,0,True,True
613312273,2026-08-17T08:25:24.683776+00:00,9,0,True,True
613312274,2026-08-17T08:25:24.683776+00:00,9,0,True,True
613312275,2026-08-17T08:25:24.683776+00:00,15,0,True,True
613312276,2026-08-17T08:25:24.683776+00:00,0,0,True,True
613312277,2026-08-17T08:25:24.683776+00:00,1,0,True,True
613312278,2026-08-17T08:25:24.683776+00:00,3,0,True,True
613312279,2026-08-17T08:25:24.683776+00:00,13,0,True,True
613312281,2026-08-17T08:25:24.683776+00:00,1,0,True,True
613312282,2026-08-17T08:25:24.683776+00:00,2,0,True,True
613312283,2026-08-17T08:25:24.683776+00:00,3,0,True,True
613312284,2026-08-17T08:25:24.683776+00:00,8,0,True,True
613312285,2026-08-17T08:25:24.683776+00:00,3,0,True,True
613312286,2026-08-17T08:25:24.683776+00:00,1,0,True,True
613312287,2026-08-17T08:25:24.683776+00:00,5,0,True,True
613312288,2026-08-17T08:25:24.683776+00:00,5,0,True,True
613312289,2026-08-17T08:25:24.683776+00:00,8,0,True,True
613312290,2026-08-17T08:25:24.683776+00:00,9,0,True,True
613312291,2026-08-17T08:25:24.683776+00:00,3,0,True,True
613312292,2026-08-17T08:25:24.683776+00:00,4,0,True,True
613312293,2026-08-17T08:25:24.683776+00:00,11,0,True,True
613312294,2026-08-17T08:25:24.683776+00:00,10,0,True,True
613312295,2026-08-17T08:25:24.683776+00:00,16,0,True,True
613312296,2026-08-17T08:25:24.683776+00:00,6,0,True,True
613312297,2026-08-17T08:25:24.683776+00:00,4,0,True,True
613312298,2026-08-17T08:25:24.683776+00:00,4,0,True,True
613312299,2026-08-17T08:25:24.683776+00:00,6,0,True,True
613312300,2026-08-17T08:25:24.683776+00:00,15,0,True,True
613312301,2026-08-17T08:25:24.683776+00:00,9,0,True,True
613312302,2026-08-17T08:25:24.683776+00:00,4,0,True,True
613312303,2026-08-17T08:25:24.683776+00:00,9,0,True,True
613312304,2026-08-17T08:25:24.683776+00:00,9,0,True,True
613312305,2026-08-17T08:25:24.683776+00:00,21,0,True,True
613312306,2026-08-17T08:25:24.683776+00:00,12,0,True,True
613312307,2026-08-17T08:25:24.683776+00:00,8,0,True,True
613312308,2026-08-17T08:25:24.683776+00:00,5,0,True,True
613312309,2026-08-17T08:25:24.683776+00:00,9,0,True,True
613312310,2026-08-17T08:25:24.683776+00:00,7,0,True,True
613312311,2026-08-17T08:25:24.683776+00:00,15,0,True,True
613312312,2026-08-17T08:25:24.683776+00:00,17,0,True,True
613312313,2026-08-17T08:25:24.683776+00:00,4,0,True,True
613312314,2026-08-17T08:25:24.683776+00:00,9,0,True,True
613312315,2026-08-17T08:25:24.683776+00:00,6,0,True,True
613510037,2026-08-17T08:25:24.683776+00:00,2,0,True,True
624056982,2026-08-17T08:25:24.683776+00:00,5,0,True,True
624057057,2026-08-17T08:25:24.683776+00:00,3,0,True,True
631244273,2026-08-17T08:25:24.683776+00:00,1,0,True,True
631244274,2026-08-17T08:25:24.683776+00:00,3,0,True,True
631244275,2026-08-17T08:25:24.683776+00:00,2,0,True,True
631244276,2026-08-17T08:25:24.683776+00:00,7,0,True,True
631244277,2026-08-17T08:25:24.683776+00:00,2,0,True,True
631244278,2026-08-17T08:25:24.683776+00:00,0,0,True,True
631244280,2026-08-17T08:25:24.683776+00:00,7,0,True,True
631244281,2026-08-17T08:25:24.683776+00:00,6,0,True,True
631244286,2026-08-17T08:25:24.683776+00:00,1,0,True,True
631244287,2026-08-17T08:25:24.683776+00:00,7,0,True,True
631244288,2026-08-17T08:25:24.683776+00:00,6,0,True,True
631244289,2026-08-17T08:25:24.683776+00:00,1,0,True,True
631244290,2026-08-17T08:25:24.683776+00:00,2,0,True,True
631244291,2026-08-17T08:25:24.683776+00:00,2,0,True,True
631244292,2026-08-17T08:25:24.683776+00:00,1,0,True,True
631244293,2026-08-17T08:25:24.683776+00:00,1,0,True,True
631244294,2026-08-17T08:25:24.683776+00:00,3,0,True,True
631244295,2026-08-17T08:25:24.683776+00:00,2,0,True,True
631244297,2026-08-17T08:25:24.683776+00:00,7,0,True,True
631244302,2026-08-17T08:25:24.683776+00:00,6,0,True,True
631244303,2026-08-17T08:25:24.683776+00:00,4,0,True,True
631244304,2026-08-17T08:25:24.683776+00:00,4,0,True,True
631244306,2026-08-17T08:25:24.683776+00:00,2,0,True,True
631244308,2026-08-17T08:25:24.683776+00:00,14,0,True,True
631244309,2026-08-17T08:25:24.683776+00:00,11,0,True,True
631244311,2026-08-17T08:25:24.683776+00:00,8,0,True,True
631244312,2026-08-17T08:25:24.683776+00:00,1,0,True,True
631244313,2026-08-17T08:25:24.683776+00:00,0,0,True,True
631244315,2026-08-17T08:25:24.683776+00:00,5,0,True,True
631244316,2026-08-17T08:25:24.683776+00:00,3,0,True,True
637793642,2026-08-17T08:25:24.683776+00:00,14,0,True,True
637794034,2026-08-17T08:25:24.683776+00:00,3,0,True,True
608535280,2026-08-17T09:10:40.964143+00:00,6,0,True,True
608535281,2026-08-17T09:10:40.964143+00:00,6,0,True,True
608535282,2026-08-17T09:10:40.964143+00:00,6,0,True,True
608535283,2026-08-17T09:10:40.964143+00:00,4,0,True,True
608535284,2026-08-17T09:10:40.964143+00:00,4,0,True,True
608535285,2026-08-17T09:10:40.964143+00:00,2,0,True,True
608535286,2026-08-17T09:10:40.964143+00:00,4,0,True,True
608535287,2026-08-17T09:10:40.964143+00:00,5,0,True,True
608535288,2026-08-17T09:10:40.964143+00:00,3,0,True,True
608535289,2026-08-17T09:10:40.964143+00:00,3,0,True,True
608535290,2026-08-17T09:10:40.964143+00:00,6,0,True,True
608535291,2026-08-17T09:10:40.964143+00:00,8,0,True,True
608535292,2026-08-17T09:10:40.964143+00:00,2,0,True,True
608535293,2026-08-17T09:10:40.964143+00:00,7,0,True,True
608535294,2026-08-17T09:10:40.964143+00:00,5,0,True,True
608535295,2026-08-17T09:10:40.964143+00:00,6,0,True,True
608535296,2026-08-17T09:10:40.964143+00:00,5,0,True,True
608535297,2026-08-17T09:10:40.964143+00:00,7,0,True,True
608535298,2026-08-17T09:10:40.964143+00:00,6,0,True,True
608535299,2026-08-17T09:10:40.964143+00:00,5,0,True,True
608535300,2026-08-17T09:10:40.964143+00:00,7,0,True,True
608535301,2026-08-17T09:10:40.964143+00:00,8,0,True,True
608535302,2026-08-17T09:10:40.964143+00:00,7,0,True,True
608535303,2026-08-17T09:10:40.964143+00:00,5,0,True,True
608535304,2026-08-17T09:10:40.964143+00:00,5,0,True,True
608535305,2026-08-17T09:10:40.964143+00:00,8,0,True,True
608535306,2026-08-17T09:10:40.964143+00:00,2,0,True,True
608535307,2026-08-17T09:10:40.964143+00:00,6,0,True,True
608535308,2026-08-17T09:10:40.964143+00:00,6,0,True,True
608535309,2026-08-17T09:10:40.964143+00:00,3,0,True,True
608535310,2026-08-17T09:10:40.964143+00:00,7,0,True,True
608535311,2026-08-17T09:10:40.964143+00:00,5,0,True,True
608535312,2026-08-17T09:10:40.964143+00:00,3,0,True,True
608535313,2026-08-17T09:10:40.964143+00:00,0,0,True,True
608535314,2026-08-17T09:10:40.964143+00:00,5,0,True,True
608535315,2026-08-17T09:10:40.964143+00:00,8,0,True,True
608535316,2026-08-17T09:10:40.964143+00:00,6,0,True,True
608535317,2026-08-17T09:10:40.964143+00:00,6,0,True,True
608535318,2026-08-17T09:10:40.964143+00:00,10,0,True,True
608535319,2026-08-17T09:10:40.964143+00:00,5,0,True,True
608535320,2026-08-17T09:10:40.964143+00:00,6,0,True,True
608535321,2026-08-17T09:10:40.964143+00:00,3,0,True,True
608535322,2026-08-17T09:10:40.964143+00:00,13,0,True,True
608535323,2026-08-17T09:10:40.964143+00:00,3,0,True,True
608535324,2026-08-17T09:10:40.964143+00:00,3,0,True,True
608535325,2026-08-17T09:10:40.964143+00:00,6,0,True,True
608535326,2026-08-17T09:10:40.964143+00:00,5,0,True,True
608535327,2026-08-17T09:10:40.964143+00:00,9,0,True,True
608535328,2026-08-17T09:10:40.964143+00:00,11,0,True,True
608535329,2026-08-17T09:10:40.964143+00:00,4,0,True,True
608535330,2026-08-17T09:10:40.964143+00:00,6,0,True,True
608535331,2026-08-17T09:10:40.964143+00:00,2,0,True,True
608535332,2026-08-17T09:10:40.964143+00:00,11,0,True,True
608535333,2026-08-17T09:10:40.964143+00:00,5,0,True,True
608535334,2026-08-17T09:10:40.964143+00:00,3,0,True,True
608535335,2026-08-17T09:10:40.964143+00:00,5,0,True,True
608535336,2026-08-17T09:10:40.964143+00:00,7,0,True,True
608535337,2026-08-17T09:10:40.964143+00:00,3,0,True,True
608535338,2026-08-17T09:10:40.964143+00:00,1,0,True,True
608535339,2026-08-17T09:10:40.964143+00:00,6,0,True,True
608535340,2026-08-17T09:10:40.964143+00:00,11,0,True,True
608535341,2026-08-17T09:10:40.964143+00:00,6,0,True,True
608535342,2026-08-17T09:10:40.964143+00:00,0,0,True,True
608535343,2026-08-17T09:10:40.964143+00:00,3,0,True,True
608535344,2026-08-17T09:10:40.964143+00:00,5,0,True,True
608535345,2026-08-17T09:10:40.964143+00:00,8,0,True,True
608535346,2026-08-17T09:10:40.964143+00:00,2,0,True,True
608535256,2026-08-17T09:10:40.964143+00:00,1,0,True,True
608535257,2026-08-17T09:10:40.964143+00:00,5,0,True,True
608535258,2026-08-17T09:10:40.964143+00:00,4,0,True,True
608535259,2026-08-17T09:10:40.964143+00:00,2,0,True,True
608535260,2026-08-17T09:10:40.964143+00:00,12,0,True,True
608535261,2026-08-17T09:10:40.964143+00:00,3,0,True,True
608535262,2026-08-17T09:10:40.964143+00:00,12,0,True,True
608535263,2026-08-17T09:10:40.964143+00:00,1,0,True,True
608535265,2026-08-17T09:10:40.964143+00:00,0,0,True,True
608535266,2026-08-17T09:10:40.964143+00:00,4,0,True,True
608535267,2026-08-17T09:10:40.964143+00:00,4,0,True,True
608535268,2026-08-17T09:10:40.964143+00:00,3,0,True,True
608535270,2026-08-17T09:10:40.964143+00:00,9,0,True,True
608535271,2026-08-17T09:10:40.964143+00:00,1,0,True,True
608535272,2026-08-17T09:10:40.964143+00:00,0,0,True,True
608535273,2026-08-17T09:10:40.964143+00:00,0,0,True,True
608535274,2026-08-17T09:10:40.964143+00:00,5,0,True,True
608535276,2026-08-17T09:10:40.964143+00:00,8,0,True,True
608535277,2026-08-17T09:10:40.964143+00:00,2,0,True,True
608535278,2026-08-17T09:10:40.964143+00:00,12,0,True,True
608535279,2026-08-17T09:10:40.964143+00:00,5,0,True,True
608535378,2026-08-17T09:10:40.964143+00:00,4,0,True,True
608535379,2026-08-17T09:10:40.964143+00:00,7,0,True,True
608535380,2026-08-17T09:10:40.964143+00:00,13,0,True,True
608535381,2026-08-17T09:10:40.964143+00:00,2,0,True,True
608535383,2026-08-17T09:10:40.964143+00:00,7,0,True,True
608535384,2026-08-17T09:10:40.964143+00:00,3,0,True,True
608535385,2026-08-17T09:10:40.964143+00:00,1,0,True,True
608535386,2026-08-17T09:10:40.964143+00:00,15,0,True,True
608535387,2026-08-17T09:10:40.964143+00:00,6,0,True,True
608535388,2026-08-17T09:10:40.964143+00:00,9,0,True,True
608535389,2026-08-17T09:10:40.964143+00:00,0,0,True,True
608535390,2026-08-17T09:10:40.964143+00:00,11,0,True,True
608535391,2026-08-17T09:10:40.964143+00:00,3,0,True,True
608535392,2026-08-17T09:10:40.964143+00:00,7,0,True,True
608535393,2026-08-17T09:10:40.964143+00:00,10,0,True,True
608535394,2026-08-17T09:10:40.964143+00:00,1,0,True,True
608535395,2026-08-17T09:10:40.964143+00:00,11,0,True,True
608535396,2026-08-17T09:10:40.964143+00:00,2,0,True,True
608535440,2026-08-17T09:10:40.964143+00:00,1,0,True,True
608535441,2026-08-17T09:10:40.964143+00:00,0,0,True,True
608535442,2026-08-17T09:10:40.964143+00:00,1,0,True,True
608535443,2026-08-17T09:10:40.964143+00:00,4,0,True,True
608535444,2026-08-17T09:10:40.964143+00:00,13,0,True,True
608535445,2026-08-17T09:10:40.964143+00:00,28,0,True,True
608535446,2026-08-17T09:10:40.964143+00:00,0,0,True,True
608535447,2026-08-17T09:10:40.964143+00:00,2,0,True,True
608535461,2026-08-17T09:10:40.964143+00:00,5,0,True,True
608535462,2026-08-17T09:10:40.964143+00:00,0,0,True,True
608535463,2026-08-17T09:10:40.964143+00:00,1,0,True,True
608535464,2026-08-17T09:10:40.964143+00:00,10,0,True,True
608535491,2026-08-17T09:10:40.964143+00:00,1,0,True,True
608535492,2026-08-17T09:10:40.964143+00:00,1,0,True,True
608535493,2026-08-17T09:10:40.964143+00:00,13,0,True,True
608535494,2026-08-17T09:10:40.964143+00:00,3,0,True,True
608535495,2026-08-17T09:10:40.964143+00:00,2,0,True,True
608535496,2026-08-17T09:10:40.964143+00:00,6,0,True,True
608535497,2026-08-17T09:10:40.964143+00:00,7,0,True,True
608535498,2026-08-17T09:10:40.964143+00:00,12,0,True,True
608535499,2026-08-17T09:10:40.964143+00:00,3,0,True,True
608535500,2026-08-17T09:10:40.964143+00:00,4,0,True,True
608535501,2026-08-17T09:10:40.964143+00:00,0,0,True,True
608535502,2026-08-17T09:10:40.964143+00:00,3,0,True,True
608535503,2026-08-17T09:10:40.964143+00:00,6,0,True,True
608535504,2026-08-17T09:10:40.964143+00:00,1,0,True,True
608535505,2026-08-17T09:10:40.964143+00:00,0,0,True,True
637793366,2026-08-17T09:10:40.964143+00:00,0,0,True,True
608535516,2026-08-17T09:10:40.964143+00:00,3,0,True,True
608535517,2026-08-17T09:10:40.964143+00:00,1,0,True,True
608535518,2026-08-17T09:10:40.964143+00:00,2,0,True,True
608535519,2026-08-17T09:10:40.964143+00:00,3,0,True,True
608535520,2026-08-17T09:10:40.964143+00:00,8,0,True,True
608535521,2026-08-17T09:10:40.964143+00:00,7,0,True,True
608535522,2026-08-17T09:10:40.964143+00:00,9,0,True,True
608535523,2026-08-17T09:10:40.964143+00:00,6,0,True,True
608535524,2026-08-17T09:10:40.964143+00:00,5,0,True,True
608535525,2026-08-17T09:10:40.964143+00:00,3,0,True,True
608535526,2026-08-17T09:10:40.964143+00:00,1,0,True,True
608535527,2026-08-17T09:10:40.964143+00:00,6,0,True,True
608535528,2026-08-17T09:10:40.964143+00:00,10,0,True,True
608535529,2026-08-17T09:10:40.964143+00:00,7,0,True,True
608535530,2026-08-17T09:10:40.964143+00:00,3,0,True,True
608535531,2026-08-17T09:10:40.964143+00:00,6,0,True,True
608535532,2026-08-17T09:10:40.964143+00:00,6,0,True,True
608535533,2026-08-17T09:10:40.964143+00:00,4,0,True,True
608535534,2026-08-17T09:10:40.964143+00:00,3,0,True,True
608535537,2026-08-17T09:10:40.964143+00:00,5,0,True,True
608535398,2026-08-17T09:10:40.964143+00:00,6,0,True,True
608535399,2026-08-17T09:10:40.964143+00:00,2,0,True,True
608535400,2026-08-17T09:10:40.964143+00:00,6,0,True,True
608535402,2026-08-17T09:10:40.964143+00:00,6,0,True,True
608535403,2026-08-17T09:10:40.964143+00:00,4,0,True,True
608535404,2026-08-17T09:10:40.964143+00:00,5,0,True,True
608535405,2026-08-17T09:10:40.964143+00:00,3,0,True,True
608535406,2026-08-17T09:10:40.964143+00:00,6,0,True,True
608535407,2026-08-17T09:10:40.964143+00:00,7,0,True,True
608535408,2026-08-17T09:10:40.964143+00:00,5,0,True,True
608535409,2026-08-17T09:10:40.964143+00:00,5,0,True,True
608535410,2026-08-17T09:10:40.964143+00:00,6,0,True,True
608535411,2026-08-17T09:10:40.964143+00:00,5,0,True,True
608535412,2026-08-17T09:10:40.964143+00:00,8,0,True,True
608535413,2026-08-17T09:10:40.964143+00:00,5,0,True,True
608535414,2026-08-17T09:10:40.964143+00:00,7,0,True,True
608535415,2026-08-17T09:10:40.964143+00:00,2,0,True,True
608535416,2026-08-17T09:10:40.964143+00:00,8,0,True,True
608535417,2026-08-17T09:10:40.964143+00:00,11,0,True,True
608535418,2026-08-17T09:10:40.964143+00:00,9,0,True,True
608535419,2026-08-17T09:10:40.964143+00:00,9,0,True,True
608535420,2026-08-17T09:10:40.964143+00:00,11,0,True,True
608535421,2026-08-17T09:10:40.964143+00:00,0,0,True,True
608535422,2026-08-17T09:10:40.964143+00:00,6,0,True,True
608535423,2026-08-17T09:10:40.964143+00:00,7,0,True,True
608535424,2026-08-17T09:10:40.964143+00:00,6,0,True,True
608535425,2026-08-17T09:10:40.964143+00:00,2,0,True,True
608535426,2026-08-17T09:10:40.964143+00:00,3,0,True,True
608535427,2026-08-17T09:10:40.964143+00:00,3,0,True,True
608535428,2026-08-17T09:10:40.964143+00:00,15,0,True,True
608535429,2026-08-17T09:10:40.964143+00:00,3,0,True,True
608535430,2026-08-17T09:10:40.964143+00:00,0,0,True,True
608535431,2026-08-17T09:10:40.964143+00:00,3,0,True,True
608535438,2026-08-17T09:10:40.964143+00:00,1,0,True,True
608535439,2026-08-17T09:10:40.964143+00:00,6,0,True,True
608535432,2026-08-17T09:10:40.964143+00:00,3,0,True,True
608535433,2026-08-17T09:10:40.964143+00:00,3,0,True,True
608535434,2026-08-17T09:10:40.964143+00:00,3,0,True,True
608535435,2026-08-17T09:10:40.964143+00:00,0,0,True,True
608535436,2026-08-17T09:10:40.964143+00:00,3,0,True,True
608535437,2026-08-17T09:10:40.964143+00:00,6,0,True,True
608535448,2026-08-17T09:10:40.964143+00:00,3,0,True,True
608535449,2026-08-17T09:10:40.964143+00:00,6,0,True,True
608535450,2026-08-17T09:10:40.964143+00:00,4,0,True,True
608535451,2026-08-17T09:10:40.964143+00:00,3,0,True,True
608535483,2026-08-17T09:10:40.964143+00:00,0,0,True,True
608535484,2026-08-17T09:10:40.964143+00:00,3,0,True,True
608535485,2026-08-17T09:10:40.964143+00:00,7,0,True,True
608535486,2026-08-17T09:10:40.964143+00:00,1,0,True,True
608535487,2026-08-17T09:10:40.964143+00:00,11,0,True,True
608535488,2026-08-17T09:10:40.964143+00:00,6,0,True,True
608535489,2026-08-17T09:10:40.964143+00:00,3,0,True,True
608535490,2026-08-17T09:10:40.964143+00:00,14,0,True,True
608535452,2026-08-17T09:10:40.964143+00:00,5,0,True,True
608535453,2026-08-17T09:10:40.964143+00:00,2,0,True,True
608535454,2026-08-17T09:10:40.964143+00:00,4,0,True,True
608535455,2026-08-17T09:10:40.964143+00:00,4,0,True,True
608535456,2026-08-17T09:10:40.964143+00:00,4,0,True,True
608535457,2026-08-17T09:10:40.964143+00:00,6,0,True,True
608535458,2026-08-17T09:10:40.964143+00:00,17,0,True,True
608535459,2026-08-17T09:10:40.964143+00:00,6,0,True,True
608535460,2026-08-17T09:10:40.964143+00:00,9,0,True,True
608535465,2026-08-17T09:10:40.964143+00:00,1,0,True,True
608535466,2026-08-17T09:10:40.964143+00:00,2,0,True,True
608535467,2026-08-17T09:10:40.964143+00:00,2,0,True,True
608535468,2026-08-17T09:10:40.964143+00:00,6,0,True,True
608535469,2026-08-17T09:10:40.964143+00:00,11,0,True,True
608535470,2026-08-17T09:10:40.964143+00:00,1,0,True,True
608535471,2026-08-17T09:10:40.964143+00:00,3,0,True,True
608535473,2026-08-17T09:10:40.964143+00:00,6,0,True,True
608535474,2026-08-17T09:10:40.964143+00:00,5,0,True,True
608535475,2026-08-17T09:10:40.964143+00:00,1,0,True,True
608535476,2026-08-17T09:10:40.964143+00:00,10,0,True,True
608535477,2026-08-17T09:10:40.964143+00:00,3,0,True,True
608535478,2026-08-17T09:10:40.964143+00:00,1,0,True,True
608535479,2026-08-17T09:10:40.964143+00:00,2,0,True,True
608535480,2026-08-17T09:10:40.964143+00:00,0,0,True,True
608535481,2026-08-17T09:10:40.964143+00:00,4,0,True,True
608535482,2026-08-17T09:10:40.964143+00:00,4,0,True,True
608535507,2026-08-17T09:10:40.964143+00:00,1,0,True,True
608535508,2026-08-17T09:10:40.964143+00:00,4,0,True,True
608535509,2026-08-17T09:10:40.964143+00:00,5,0,True,True
608535510,2026-08-17T09:10:40.964143+00:00,1,0,True,True
608535511,2026-08-17T09:10:40.964143+00:00,1,0,True,True
608535512,2026-08-17T09:10:40.964143+00:00,4,0,True,True
608535513,2026-08-17T09:10:40.964143+00:00,5,0,True,True
608535514,2026-08-17T09:10:40.964143+00:00,4,0,True,True
608535515,2026-08-17T09:10:40.964143+00:00,8,0,True,True
608535347,2026-08-17T09:10:40.964143+00:00,0,0,True,True
608535348,2026-08-17T09:10:40.964143+00:00,6,0,True,True
608535349,2026-08-17T09:10:40.964143+00:00,8,0,True,True
608535350,2026-08-17T09:10:40.964143+00:00,8,0,True,True
608535351,2026-08-17T09:10:40.964143+00:00,4,0,True,True
608535352,2026-08-17T09:10:40.964143+00:00,1,0,True,True
608535353,2026-08-17T09:10:40.964143+00:00,4,0,True,True
608535354,2026-08-17T09:10:40.964143+00:00,8,0,True,True
608535538,2026-08-17T09:10:40.964143+00:00,10,0,True,True
608535539,2026-08-17T09:10:40.964143+00:00,1,0,True,True
608535540,2026-08-17T09:10:40.964143+00:00,5,0,True,True
608535355,2026-08-17T09:10:40.964143+00:00,6,0,True,True
608535356,2026-08-17T09:10:40.964143+00:00,5,0,True,True
608535357,2026-08-17T09:10:40.964143+00:00,5,0,True,True
608535358,2026-08-17T09:10:40.964143+00:00,6,0,True,True
608535359,2026-08-17T09:10:40.964143+00:00,2,0,True,True
608535360,2026-08-17T09:10:40.964143+00:00,3,0,True,True
608535361,2026-08-17T09:10:40.964143+00:00,3,0,True,True
608535362,2026-08-17T09:10:40.964143+00:00,1,0,True,True
608535363,2026-08-17T09:10:40.964143+00:00,1,0,True,True
608535364,2026-08-17T09:10:40.964143+00:00,5,0,True,True
608535365,2026-08-17T09:10:40.964143+00:00,2,0,True,True
608535366,2026-08-17T09:10:40.964143+00:00,2,0,True,True
608535367,2026-08-17T09:10:40.964143+00:00,5,0,True,True
608535368,2026-08-17T09:10:40.964143+00:00,2,0,True,True
608535369,2026-08-17T09:10:40.964143+00:00,1,0,True,True
608535370,2026-08-17T09:10:40.964143+00:00,2,0,True,True
608535371,2026-08-17T09:10:40.964143+00:00,3,0,True,True
608535372,2026-08-17T09:10:40.964143+00:00,7,0,True,True
608535373,2026-08-17T09:10:40.964143+00:00,9,0,True,True
608535375,2026-08-17T09:10:40.964143+00:00,2,0,True,True
608535376,2026-08-17T09:10:40.964143+00:00,11,0,True,True
606857330,2026-08-17T09:10:40.964143+00:00,6,0,True,True
608534898,2026-08-17T09:10:40.964143+00:00,4,0,True,True
608534899,2026-08-17T09:10:40.964143+00:00,2,0,True,True
608534900,2026-08-17T09:10:40.964143+00:00,9,0,True,True
608534901,2026-08-17T09:10:40.964143+00:00,2,0,True,True
608534902,2026-08-17T09:10:40.964143+00:00,14,0,True,True
608534903,2026-08-17T09:10:40.964143+00:00,12,0,True,True
608534904,2026-08-17T09:10:40.964143+00:00,6,0,True,True
608534905,2026-08-17T09:10:40.964143+00:00,0,0,True,True
608534906,2026-08-17T09:10:40.964143+00:00,1,5,True,True
608534907,2026-08-17T09:10:40.964143+00:00,17,0,True,True
608534908,2026-08-17T09:10:40.964143+00:00,3,0,True,True
608534909,2026-08-17T09:10:40.964143+00:00,13,0,True,True
608534910,2026-08-17T09:10:40.964143+00:00,3,0,True,True
608534912,2026-08-17T09:10:40.964143+00:00,0,0,True,True
608534913,2026-08-17T09:10:40.964143+00:00,1,0,True,True
608534914,2026-08-17T09:10:40.964143+00:00,0,0,True,True
608534915,2026-08-17T09:10:40.964143+00:00,13,0,True,True
608534916,2026-08-17T09:10:40.964143+00:00,8,0,True,True
608534917,2026-08-17T09:10:40.964143+00:00,5,0,True,True
608534918,2026-08-17T09:10:40.964143+00:00,12,0,True,True
608534919,2026-08-17T09:10:40.964143+00:00,1,0,True,True
608534920,2026-08-17T09:10:40.964143+00:00,25,0,True,True
608534921,2026-08-17T09:10:40.964143+00:00,11,0,True,True
608534922,2026-08-17T09:10:40.964143+00:00,5,0,True,True
608534923,2026-08-17T09:10:40.964143+00:00,13,0,True,True
608534924,2026-08-17T09:10:40.964143+00:00,7,0,True,True
608534925,2026-08-17T09:10:40.964143+00:00,6,0,True,True
608534926,2026-08-17T09:10:40.964143+00:00,2,0,True,True
608534927,2026-08-17T09:10:40.964143+00:00,2,0,True,True
608534928,2026-08-17T09:10:40.964143+00:00,7,0,True,True
608534930,2026-08-17T09:10:40.964143+00:00,10,0,True,True
608534932,2026-08-17T09:10:40.964143+00:00,0,0,True,True
608534933,2026-08-17T09:10:40.964143+00:00,1,0,True,True
608534934,2026-08-17T09:10:40.964143+00:00,6,0,False,False
608534936,2026-08-17T09:10:40.964143+00:00,7,0,True,True
608534937,2026-08-17T09:10:40.964143+00:00,3,0,True,True
608534939,2026-08-17T09:10:40.964143+00:00,9,0,True,True
608534940,2026-08-17T09:10:40.964143+00:00,2,0,True,True
608534942,2026-08-17T09:10:40.964143+00:00,14,0,True,True
608534943,2026-08-17T09:10:40.964143+00:00,4,0,True,True
608534944,2026-08-17T09:10:40.964143+00:00,0,0,True,True
608534945,2026-08-17T09:10:40.964143+00:00,9,0,True,True
608534946,2026-08-17T09:10:40.964143+00:00,8,0,True,True
608534947,2026-08-17T09:10:40.964143+00:00,15,0,True,True
608534948,2026-08-17T09:10:40.964143+00:00,3,0,True,True
608534950,2026-08-17T09:10:40.964143+00:00,10,0,True,True
608534952,2026-08-17T09:10:40.964143+00:00,1,0,True,True
608534953,2026-08-17T09:10:40.964143+00:00,8,0,True,True
608534954,2026-08-17T09:10:40.964143+00:00,1,0,True,True
608534955,2026-08-17T09:10:40.964143+00:00,9,0,True,True
608534956,2026-08-17T09:10:40.964143+00:00,21,0,True,True
608534957,2026-08-17T09:10:40.964143+00:00,5,0,True,True
608534958,2026-08-17T09:10:40.964143+00:00,1,0,True,True
608534959,2026-08-17T09:10:40.964143+00:00,4,4,True,True
608534960,2026-08-17T09:10:40.964143+00:00,2,0,True,True
608534961,2026-08-17T09:10:40.964143+00:00,1,0,True,True
608534962,2026-08-17T09:10:40.964143+00:00,5,0,True,True
608534963,2026-08-17T09:10:40.964143+00:00,14,0,True,True
608534964,2026-08-17T09:10:40.964143+00:00,6,0,True,True
608534965,2026-08-17T09:10:40.964143+00:00,0,0,True,True
608534967,2026-08-17T09:10:40.964143+00:00,2,0,True,True
608534968,2026-08-17T09:10:40.964143+00:00,14,0,True,True
608534969,2026-08-17T09:10:40.964143+00:00,0,0,True,True
608534970,2026-08-17T09:10:40.964143+00:00,3,0,True,True
608534971,2026-08-17T09:10:40.964143+00:00,4,0,True,True
608534973,2026-08-17T09:10:40.964143+00:00,0,0,True,True
608534974,2026-08-17T09:10:40.964143+00:00,13,0,True,True
608534975,2026-08-17T09:10:40.964143+00:00,1,0,True,True
608534977,2026-08-17T09:10:40.964143+00:00,0,0,True,True
608534978,2026-08-17T09:10:40.964143+00:00,3,0,True,True
608534979,2026-08-17T09:10:40.964143+00:00,1,0,True,True
608534980,2026-08-17T09:10:40.964143+00:00,0,0,True,True
608534981,2026-08-17T09:10:40.964143+00:00,0,0,True,True
608534982,2026-08-17T09:10:40.964143+00:00,0,0,True,True
608534983,2026-08-17T09:10:40.964143+00:00,1,0,True,True
608534984,2026-08-17T09:10:40.964143+00:00,0,0,True,True
608534985,2026-08-17T09:10:40.964143+00:00,2,0,True,True
608534986,2026-08-17T09:10:40.964143+00:00,2,0,True,True
608534987,2026-08-17T09:10:40.964143+00:00,2,0,True,True
608534988,2026-08-17T09:10:40.964143+00:00,0,0,True,True
608534990,2026-08-17T09:10:40.964143+00:00,3,0,True,True
608534991,2026-08-17T09:10:40.964143+00:00,1,0,True,True
608534992,2026-08-17T09:10:40.964143+00:00,2,0,True,True
608534993,2026-08-17T09:10:40.964143+00:00,1,0,True,True
608534994,2026-08-17T09:10:40.964143+00:00,1,0,True,True
608534995,2026-08-17T09:10:40.964143+00:00,8,0,True,True
608534996,2026-08-17T09:10:40.964143+00:00,1,0,True,True
608534998,2026-08-17T09:10:40.964143+00:00,0,0,True,True
608534999,2026-08-17T09:10:40.964143+00:00,0,0,True,True
608535000,2026-08-17T09:10:40.964143+00:00,0,0,True,True
608535001,2026-08-17T09:10:40.964143+00:00,3,0,True,True
608535002,2026-08-17T09:10:40.964143+00:00,0,0,True,True
608535003,2026-08-17T09:10:40.964143+00:00,0,0,True,True
608535004,2026-08-17T09:10:40.964143+00:00,0,0,True,True
608535005,2026-08-17T09:10:40.964143+00:00,10,0,True,True
608535006,2026-08-17T09:10:40.964143+00:00,0,0,True,True
608535007,2026-08-17T09:10:40.964143+00:00,0,0,True,True
608535008,2026-08-17T09:10:40.964143+00:00,2,0,True,True
608535009,2026-08-17T09:10:40.964143+00:00,0,0,True,True
608535010,2026-08-17T09:10:40.964143+00:00,1,0,True,True
608535011,2026-08-17T09:10:40.964143+00:00,0,0,True,True
608535012,2026-08-17T09:10:40.964143+00:00,0,0,True,True
608535013,2026-08-17T09:10:40.964143+00:00,0,0,True,True
608535014,2026-08-17T09:10:40.964143+00:00,5,0,True,True
608535015,2026-08-17T09:10:40.964143+00:00,1,0,True,True
608535016,2026-08-17T09:10:40.964143+00:00,3,0,True,True
608535017,2026-08-17T09:10:40.964143+00:00,10,0,True,True
608535018,2026-08-17T09:10:40.964143+00:00,6,0,True,True
608535019,2026-08-17T09:10:40.964143+00:00,3,0,True,True
608535020,2026-08-17T09:10:40.964143+00:00,2,0,True,True
608535021,2026-08-17T09:10:40.964143+00:00,2,0,True,True
608535022,2026-08-17T09:10:40.964143+00:00,4,0,True,True
608535023,2026-08-17T09:10:40.964143+00:00,2,0,True,True
608535024,2026-08-17T09:10:40.964143+00:00,4,0,True,True
608535025,2026-08-17T09:10:40.964143+00:00,0,0,True,True
608535026,2026-08-17T09:10:40.964143+00:00,2,0,True,True
608535027,2026-08-17T09:10:40.964143+00:00,7,0,True,True
608535028,2026-08-17T09:10:40.964143+00:00,7,0,True,True
608535029,2026-08-17T09:10:40.964143+00:00,6,0,True,True
608535030,2026-08-17T09:10:40.964143+00:00,0,0,True,True
608535031,2026-08-17T09:10:40.964143+00:00,12,0,True,True
608535032,2026-08-17T09:10:40.964143+00:00,4,0,True,True
608535033,2026-08-17T09:10:40.964143+00:00,8,0,True,True
608535034,2026-08-17T09:10:40.964143+00:00,4,0,True,True
608535036,2026-08-17T09:10:40.964143+00:00,7,0,True,True
608535037,2026-08-17T09:10:40.964143+00:00,8,0,True,True
608535038,2026-08-17T09:10:40.964143+00:00,3,0,True,True
608535039,2026-08-17T09:10:40.964143+00:00,7,0,True,True
608535040,2026-08-17T09:10:40.964143+00:00,1,0,True,True
608535041,2026-08-17T09:10:40.964143+00:00,8,0,True,True
608535042,2026-08-17T09:10:40.964143+00:00,9,0,True,True
608535043,2026-08-17T09:10:40.964143+00:00,7,0,True,True
608535044,2026-08-17T09:10:40.964143+00:00,2,0,True,True
608535045,2026-08-17T09:10:40.964143+00:00,9,0,True,True
608535046,2026-08-17T09:10:40.964143+00:00,5,0,True,True
608535047,2026-08-17T09:10:40.964143+00:00,7,0,True,True
608535048,2026-08-17T09:10:40.964143+00:00,17,0,True,True
608535049,2026-08-17T09:10:40.964143+00:00,9,0,True,True
608535050,2026-08-17T09:10:40.964143+00:00,12,0,True,True
608535051,2026-08-17T09:10:40.964143+00:00,13,0,True,True
608535052,2026-08-17T09:10:40.964143+00:00,6,0,True,True
608535053,2026-08-17T09:10:40.964143+00:00,4,0,True,True
608535054,2026-08-17T09:10:40.964143+00:00,4,0,True,True
608535055,2026-08-17T09:10:40.964143+00:00,6,0,True,True
608535057,2026-08-17T09:10:40.964143+00:00,12,0,True,True
608535058,2026-08-17T09:10:40.964143+00:00,10,0,True,True
608535059,2026-08-17T09:10:40.964143+00:00,17,0,True,True
608535060,2026-08-17T09:10:40.964143+00:00,14,0,True,True
608535061,2026-08-17T09:10:40.964143+00:00,4,0,True,True
608535062,2026-08-17T09:10:40.964143+00:00,7,0,True,True
608535063,2026-08-17T09:10:40.964143+00:00,8,0,True,True
608535064,2026-08-17T09:10:40.964143+00:00,6,0,True,True
608535065,2026-08-17T09:10:40.964143+00:00,5,0,True,True
608535066,2026-08-17T09:10:40.964143+00:00,12,0,True,True
608535067,2026-08-17T09:10:40.964143+00:00,21,0,True,True
608535068,2026-08-17T09:10:40.964143+00:00,3,0,True,True
608535069,2026-08-17T09:10:40.964143+00:00,6,0,True,True
608535070,2026-08-17T09:10:40.964143+00:00,1,0,True,True
608535071,2026-08-17T09:10:40.964143+00:00,4,0,True,True
608535072,2026-08-17T09:10:40.964143+00:00,2,0,True,True
608535073,2026-08-17T09:10:40.964143+00:00,1,0,True,True
608535074,2026-08-17T09:10:40.964143+00:00,8,0,True,True
608535075,2026-08-17T09:10:40.964143+00:00,11,0,True,True
608535077,2026-08-17T09:10:40.964143+00:00,1,0,True,True
608535078,2026-08-17T09:10:40.964143+00:00,5,0,True,True
608535079,2026-08-17T09:10:40.964143+00:00,4,0,True,True
608535080,2026-08-17T09:10:40.964143+00:00,4,0,True,True
608535081,2026-08-17T09:10:40.964143+00:00,16,0,True,True
608535082,2026-08-17T09:10:40.964143+00:00,5,0,True,True
608535083,2026-08-17T09:10:40.964143+00:00,4,0,True,True
608535084,2026-08-17T09:10:40.964143+00:00,4,0,True,True
608535085,2026-08-17T09:10:40.964143+00:00,5,0,True,True
608535086,2026-08-17T09:10:40.964143+00:00,7,0,True,True
608535087,2026-08-17T09:10:40.964143+00:00,1,0,True,True
608535088,2026-08-17T09:10:40.964143+00:00,3,0,True,True
608535089,2026-08-17T09:10:40.964143+00:00,0,0,True,True
608535090,2026-08-17T09:10:40.964143+00:00,3,0,True,True
608535091,2026-08-17T09:10:40.964143+00:00,0,0,True,True
608535092,2026-08-17T09:10:40.964143+00:00,5,0,True,True
608535093,2026-08-17T09:10:40.964143+00:00,2,0,True,True
608535094,2026-08-17T09:10:40.964143+00:00,11,0,True,True
608535095,2026-08-17T09:10:40.964143+00:00,4,0,True,True
608535096,2026-08-17T09:10:40.964143+00:00,4,0,True,True
608535097,2026-08-17T09:10:40.964143+00:00,4,0,True,True
608535098,2026-08-17T09:10:40.964143+00:00,8,0,True,True
608535099,2026-08-17T09:10:40.964143+00:00,14,0,True,True
608535100,2026-08-17T09:10:40.964143+00:00,6,0,True,True
608535101,2026-08-17T09:10:40.964143+00:00,6,0,True,True
608535102,2026-08-17T09:10:40.964143+00:00,0,0,True,True
608535103,2026-08-17T09:10:40.964143+00:00,12,0,True,True
608535104,2026-08-17T09:10:40.964143+00:00,2,0,True,True
608535105,2026-08-17T09:10:40.964143+00:00,9,0,True,True
608535106,2026-08-17T09:10:40.964143+00:00,2,0,True,True
608535107,2026-08-17T09:10:40.964143+00:00,4,0,True,True
608535108,2026-08-17T09:10:40.964143+00:00,8,0,True,True
608535109,2026-08-17T09:10:40.964143+00:00,8,0,True,True
608535110,2026-08-17T09:10:40.964143+00:00,10,0,True,True
608535111,2026-08-17T09:10:40.964143+00:00,1,0,True,True
608535112,2026-08-17T09:10:40.964143+00:00,2,0,True,True
608535113,2026-08-17T09:10:40.964143+00:00,4,0,True,True
608535114,2026-08-17T09:10:40.964143+00:00,1,0,True,True
608535116,2026-08-17T09:10:40.964143+00:00,3,0,True,True
608535117,2026-08-17T09:10:40.964143+00:00,11,0,True,True
608535118,2026-08-17T09:10:40.964143+00:00,4,0,True,True
608535119,2026-08-17T09:10:40.964143+00:00,0,0,True,True
608535120,2026-08-17T09:10:40.964143+00:00,7,0,True,True
608535121,2026-08-17T09:10:40.964143+00:00,0,0,True,True
608535122,2026-08-17T09:10:40.964143+00:00,4,0,True,True
608535123,2026-08-17T09:10:40.964143+00:00,1,0,True,True
608535124,2026-08-17T09:10:40.964143+00:00,7,0,True,True
608535125,2026-08-17T09:10:40.964143+00:00,0,0,True,True
608535126,2026-08-17T09:10:40.964143+00:00,9,0,True,True
608535127,2026-08-17T09:10:40.964143+00:00,2,0,True,True
608535128,2026-08-17T09:10:40.964143+00:00,1,0,True,True
608535129,2026-08-17T09:10:40.964143+00:00,5,0,True,True
608535130,2026-08-17T09:10:40.964143+00:00,2,0,True,True
608535131,2026-08-17T09:10:40.964143+00:00,7,0,True,True
608535132,2026-08-17T09:10:40.964143+00:00,0,0,True,True
608535133,2026-08-17T09:10:40.964143+00:00,5,0,True,True
608535134,2026-08-17T09:10:40.964143+00:00,1,0,True,True
608535135,2026-08-17T09:10:40.964143+00:00,6,0,True,True
608535136,2026-08-17T09:10:40.964143+00:00,0,0,True,True
608535137,2026-08-17T09:10:40.964143+00:00,0,0,True,True
608535138,2026-08-17T09:10:40.964143+00:00,4,0,True,True
608535139,2026-08-17T09:10:40.964143+00:00,4,0,True,True
608535140,2026-08-17T09:10:40.964143+00:00,3,0,True,True
608535141,2026-08-17T09:10:40.964143+00:00,6,0,True,True
608535142,2026-08-17T09:10:40.964143+00:00,8,0,True,True
608535143,2026-08-17T09:10:40.964143+00:00,2,0,True,True
608535144,2026-08-17T09:10:40.964143+00:00,9,0,True,True
608535145,2026-08-17T09:10:40.964143+00:00,13,0,True,True
608535146,2026-08-17T09:10:40.964143+00:00,2,0,True,True
608535147,2026-08-17T09:10:40.964143+00:00,6,0,True,True
608535148,2026-08-17T09:10:40.964143+00:00,3,0,True,True
608535149,2026-08-17T09:10:40.964143+00:00,3,0,True,True
608535150,2026-08-17T09:10:40.964143+00:00,10,0,True,True
608535151,2026-08-17T09:10:40.964143+00:00,0,0,True,True
608535152,2026-08-17T09:10:40.964143+00:00,2,0,True,True
608535153,2026-08-17T09:10:40.964143+00:00,2,0,True,True
608535154,2026-08-17T09:10:40.964143+00:00,0,0,True,True
608535155,2026-08-17T09:10:40.964143+00:00,1,0,True,True
608535156,2026-08-17T09:10:40.964143+00:00,4,0,True,True
608535157,2026-08-17T09:10:40.964143+00:00,3,0,True,True
608535158,2026-08-17T09:10:40.964143+00:00,2,0,True,True
608535159,2026-08-17T09:10:40.964143+00:00,0,0,True,True
608535160,2026-08-17T09:10:40.964143+00:00,0,0,True,True
608535162,2026-08-17T09:10:40.964143+00:00,1,0,True,True
608535163,2026-08-17T09:10:40.964143+00:00,3,0,True,True
608535164,2026-08-17T09:10:40.964143+00:00,3,0,True,True
608535165,2026-08-17T09:10:40.964143+00:00,2,0,True,True
608535166,2026-08-17T09:10:40.964143+00:00,3,0,True,True
608535167,2026-08-17T09:10:40.964143+00:00,3,0,True,True
608535168,2026-08-17T09:10:40.964143+00:00,5,0,True,True
608535169,2026-08-17T09:10:40.964143+00:00,9,0,True,True
608535170,2026-08-17T09:10:40.964143+00:00,4,0,True,True
608535171,2026-08-17T09:10:40.964143+00:00,3,0,True,True
608535172,2026-08-17T09:10:40.964143+00:00,6,0,True,True
608535173,2026-08-17T09:10:40.964143+00:00,9,0,True,True
608535174,2026-08-17T09:10:40.964143+00:00,0,0,True,True
608535175,2026-08-17T09:10:40.964143+00:00,0,0,True,True
608535176,2026-08-17T09:10:40.964143+00:00,1,0,True,True
608535178,2026-08-17T09:10:40.964143+00:00,9,0,True,True
608535179,2026-08-17T09:10:40.964143+00:00,6,0,True,True
608535180,2026-08-17T09:10:40.964143+00:00,0,0,True,True
608535181,2026-08-17T09:10:40.964143+00:00,3,0,True,True
608535182,2026-08-17T09:10:40.964143+00:00,3,0,True,True
608535183,2026-08-17T09:10:40.964143+00:00,2,0,True,True
608535184,2026-08-17T09:10:40.964143+00:00,1,0,True,True
608535185,2026-08-17T09:10:40.964143+00:00,5,0,True,True
608535186,2026-08-17T09:10:40.964143+00:00,9,0,True,True
608535187,2026-08-17T09:10:40.964143+00:00,0,0,True,True
608535188,2026-08-17T09:10:40.964143+00:00,9,0,True,True
608535189,2026-08-17T09:10:40.964143+00:00,0,0,True,True
608535190,2026-08-17T09:10:40.964143+00:00,6,0,True,True
608535192,2026-08-17T09:10:40.964143+00:00,13,0,True,True
608535193,2026-08-17T09:10:40.964143+00:00,9,0,True,True
608535194,2026-08-17T09:10:40.964143+00:00,1,0,True,True
608535195,2026-08-17T09:10:40.964143+00:00,2,0,True,True
608535196,2026-08-17T09:10:40.964143+00:00,4,0,True,True
608535197,2026-08-17T09:10:40.964143+00:00,0,0,True,True
608535198,2026-08-17T09:10:40.964143+00:00,0,0,True,True
608535199,2026-08-17T09:10:40.964143+00:00,7,0,True,True
608535200,2026-08-17T09:10:40.964143+00:00,4,0,True,True
608535201,2026-08-17T09:10:40.964143+00:00,2,0,True,True
608535202,2026-08-17T09:10:40.964143+00:00,0,0,True,True
608535203,2026-08-17T09:10:40.964143+00:00,10,0,True,True
608535204,2026-08-17T09:10:40.964143+00:00,3,0,True,True
608535205,2026-08-17T09:10:40.964143+00:00,8,0,True,True
608535206,2026-08-17T09:10:40.964143+00:00,6,0,True,True
608535207,2026-08-17T09:10:40.964143+00:00,3,0,True,True
608535208,2026-08-17T09:10:40.964143+00:00,6,0,True,True
608535209,2026-08-17T09:10:40.964143+00:00,0,0,True,True
608535210,2026-08-17T09:10:40.964143+00:00,11,0,True,True
608535211,2026-08-17T09:10:40.964143+00:00,3,0,True,True
608535212,2026-08-17T09:10:40.964143+00:00,3,0,True,True
608535213,2026-08-17T09:10:40.964143+00:00,12,0,True,True
608535214,2026-08-17T09:10:40.964143+00:00,3,0,True,True
608535215,2026-08-17T09:10:40.964143+00:00,3,0,True,True
608535216,2026-08-17T09:10:40.964143+00:00,9,0,True,True
608535217,2026-08-17T09:10:40.964143+00:00,7,0,True,True
608535218,2026-08-17T09:10:40.964143+00:00,7,0,True,True
608535219,2026-08-17T09:10:40.964143+00:00,2,0,True,True
608535220,2026-08-17T09:10:40.964143+00:00,3,0,True,True
608535221,2026-08-17T09:10:40.964143+00:00,2,0,True,True
608535222,2026-08-17T09:10:40.964143+00:00,6,0,True,True
608535223,2026-08-17T09:10:40.964143+00:00,10,0,True,True
608535224,2026-08-17T09:10:40.964143+00:00,3,0,True,True
608535225,2026-08-17T09:10:40.964143+00:00,4,0,True,True
608535226,2026-08-17T09:10:40.964143+00:00,0,0,True,True
608535227,2026-08-17T09:10:40.964143+00:00,0,0,True,True
608535228,2026-08-17T09:10:40.964143+00:00,10,0,True,True
608535229,2026-08-17T09:10:40.964143+00:00,12,0,True,True
608535230,2026-08-17T09:10:40.964143+00:00,2,0,True,True
608535231,2026-08-17T09:10:40.964143+00:00,2,0,True,True
608535232,2026-08-17T09:10:40.964143+00:00,2,0,True,True
608535234,2026-08-17T09:10:40.964143+00:00,13,0,True,True
608535235,2026-08-17T09:10:40.964143+00:00,9,0,True,True
608535236,2026-08-17T09:10:40.964143+00:00,5,0,True,True
608535237,2026-08-17T09:10:40.964143+00:00,6,0,True,True
608535238,2026-08-17T09:10:40.964143+00:00,5,0,True,True
608535239,2026-08-17T09:10:40.964143+00:00,5,0,True,True
608535240,2026-08-17T09:10:40.964143+00:00,3,0,True,True
608535241,2026-08-17T09:10:40.964143+00:00,1,0,True,True
608535242,2026-08-17T09:10:40.964143+00:00,12,0,True,True
608535243,2026-08-17T09:10:40.964143+00:00,6,0,True,True
608535244,2026-08-17T09:10:40.964143+00:00,2,0,True,True
608535245,2026-08-17T09:10:40.964143+00:00,11,0,True,True
608535246,2026-08-17T09:10:40.964143+00:00,6,0,True,True
608535247,2026-08-17T09:10:40.964143+00:00,8,0,True,True
608535248,2026-08-17T09:10:40.964143+00:00,5,0,True,True
608535249,2026-08-17T09:10:40.964143+00:00,6,0,True,True
608535250,2026-08-17T09:10:40.964143+00:00,4,0,True,True
608535251,2026-08-17T09:10:40.964143+00:00,7,0,True,True
608535252,2026-08-17T09:10:40.964143+00:00,4,0,True,True
608535254,2026-08-17T09:10:40.964143+00:00,3,0,True,True
608535255,2026-08-17T09:10:40.964143+00:00,3,0,True,True
613312171,2026-08-17T09:10:40.964143+00:00,10,0,True,True
613312172,2026-08-17T09:10:40.964143+00:00,0,0,True,True
613312173,2026-08-17T09:10:40.964143+00:00,10,0,True,True
613312174,2026-08-17T09:10:40.964143+00:00,0,0,True,True
613312175,2026-08-17T09:10:40.964143+00:00,3,0,True,True
613312176,2026-08-17T09:10:40.964143+00:00,12,0,True,True
613312177,2026-08-17T09:10:40.964143+00:00,0,0,True,True
613312179,2026-08-17T09:10:40.964143+00:00,9,0,True,True
613312180,2026-08-17T09:10:40.964143+00:00,1,0,True,True
613312181,2026-08-17T09:10:40.964143+00:00,20,0,True,True
613312182,2026-08-17T09:10:40.964143+00:00,6,0,True,True
613312183,2026-08-17T09:10:40.964143+00:00,9,0,True,True
613312184,2026-08-17T09:10:40.964143+00:00,1,0,True,True
613312185,2026-08-17T09:10:40.964143+00:00,1,0,True,True
613312186,2026-08-17T09:10:40.964143+00:00,0,0,True,True
613312187,2026-08-17T09:10:40.964143+00:00,0,0,True,True
613312188,2026-08-17T09:10:40.964143+00:00,0,0,True,True
613312189,2026-08-17T09:10:40.964143+00:00,1,0,True,True
613312190,2026-08-17T09:10:40.964143+00:00,0,0,True,True
613312191,2026-08-17T09:10:40.964143+00:00,5,0,True,True
613312192,2026-08-17T09:10:40.964143+00:00,0,0,True,True
613312193,2026-08-17T09:10:40.964143+00:00,2,0,True,True
613312194,2026-08-17T09:10:40.964143+00:00,1,0,True,True
613312195,2026-08-17T09:10:40.964143+00:00,3,0,True,True
613312196,2026-08-17T09:10:40.964143+00:00,5,0,True,True
613312197,2026-08-17T09:10:40.964143+00:00,2,0,True,True
613312198,2026-08-17T09:10:40.964143+00:00,8,0,True,True
613312199,2026-08-17T09:10:40.964143+00:00,4,0,True,True
613312200,2026-08-17T09:10:40.964143+00:00,7,0,True,True
613312201,2026-08-17T09:10:40.964143+00:00,0,0,True,True
613312202,2026-08-17T09:10:40.964143+00:00,10,0,True,True
613312203,2026-08-17T09:10:40.964143+00:00,2,0,True,True
613312204,2026-08-17T09:10:40.964143+00:00,3,0,True,True
613312205,2026-08-17T09:10:40.964143+00:00,11,0,True,True
613312206,2026-08-17T09:10:40.964143+00:00,3,0,True,True
613312207,2026-08-17T09:10:40.964143+00:00,4,0,True,True
613312208,2026-08-17T09:10:40.964143+00:00,9,0,True,True
613312209,2026-08-17T09:10:40.964143+00:00,1,0,True,True
613312210,2026-08-17T09:10:40.964143+00:00,3,0,True,True
613312211,2026-08-17T09:10:40.964143+00:00,4,0,True,True
613312212,2026-08-17T09:10:40.964143+00:00,4,0,True,True
613312213,2026-08-17T09:10:40.964143+00:00,4,0,True,True
613312214,2026-08-17T09:10:40.964143+00:00,4,0,True,True
613312215,2026-08-17T09:10:40.964143+00:00,6,0,True,True
613312216,2026-08-17T09:10:40.964143+00:00,5,0,True,True
613312217,2026-08-17T09:10:40.964143+00:00,1,0,True,True
613312218,2026-08-17T09:10:40.964143+00:00,6,0,True,True
613312219,2026-08-17T09:10:40.964143+00:00,2,0,True,True
613312220,2026-08-17T09:10:40.964143+00:00,1,0,True,True
613312221,2026-08-17T09:10:40.964143+00:00,11,0,True,True
613312222,2026-08-17T09:10:40.964143+00:00,9,0,True,True
613312223,2026-08-17T09:10:40.964143+00:00,2,0,True,True
613312224,2026-08-17T09:10:40.964143+00:00,5,0,True,True
613312225,2026-08-17T09:10:40.964143+00:00,11,0,True,True
613312226,2026-08-17T09:10:40.964143+00:00,6,0,True,True
613312227,2026-08-17T09:10:40.964143+00:00,5,0,True,True
613312228,2026-08-17T09:10:40.964143+00:00,3,0,True,True
613312229,2026-08-17T09:10:40.964143+00:00,9,0,True,True
613312230,2026-08-17T09:10:40.964143+00:00,1,0,True,True
613312231,2026-08-17T09:10:40.964143+00:00,5,0,True,True
613312233,2026-08-17T09:10:40.964143+00:00,1,0,True,True
613312234,2026-08-17T09:10:40.964143+00:00,3,0,True,True
613312236,2026-08-17T09:10:40.964143+00:00,6,0,True,True
613312237,2026-08-17T09:10:40.964143+00:00,11,0,True,True
613312238,2026-08-17T09:10:40.964143+00:00,2,0,True,True
613312239,2026-08-17T09:10:40.964143+00:00,1,0,True,True
613312240,2026-08-17T09:10:40.964143+00:00,4,0,True,True
613312241,2026-08-17T09:10:40.964143+00:00,4,0,True,True
613312242,2026-08-17T09:10:40.964143+00:00,3,0,True,True
613312243,2026-08-17T09:10:40.964143+00:00,2,0,True,True
613312244,2026-08-17T09:10:40.964143+00:00,6,0,True,True
613312245,2026-08-17T09:10:40.964143+00:00,1,0,True,True
613312246,2026-08-17T09:10:40.964143+00:00,4,0,True,True
613312247,2026-08-17T09:10:40.964143+00:00,5,0,True,True
613312248,2026-08-17T09:10:40.964143+00:00,5,0,True,True
613312249,2026-08-17T09:10:40.964143+00:00,2,0,True,True
613312250,2026-08-17T09:10:40.964143+00:00,10,0,True,True
613312251,2026-08-17T09:10:40.964143+00:00,7,0,True,True
613312252,2026-08-17T09:10:40.964143+00:00,4,0,True,True
613312253,2026-08-17T09:10:40.964143+00:00,2,0,True,True
613312254,2026-08-17T09:10:40.964143+00:00,7,0,True,True
613312255,2026-08-17T09:10:40.964143+00:00,2,0,True,True
613312256,2026-08-17T09:10:40.964143+00:00,10,0,True,True
613312257,2026-08-17T09:10:40.964143+00:00,6,0,True,True
613312258,2026-08-17T09:10:40.964143+00:00,5,0,True,True
613312259,2026-08-17T09:10:40.964143+00:00,7,0,True,True
613312260,2026-08-17T09:10:40.964143+00:00,0,0,True,True
613312261,2026-08-17T09:10:40.964143+00:00,0,0,True,True
613312262,2026-08-17T09:10:40.964143+00:00,0,0,True,True
613312263,2026-08-17T09:10:40.964143+00:00,2,0,True,True
613312264,2026-08-17T09:10:40.964143+00:00,4,0,True,True
613312265,2026-08-17T09:10:40.964143+00:00,6,0,True,True
613312266,2026-08-17T09:10:40.964143+00:00,6,0,True,True
613312267,2026-08-17T09:10:40.964143+00:00,5,0,True,True
613312268,2026-08-17T09:10:40.964143+00:00,9,0,True,True
613312269,2026-08-17T09:10:40.964143+00:00,12,0,True,True
613312270,2026-08-17T09:10:40.964143+00:00,11,0,True,True
613312271,2026-08-17T09:10:40.964143+00:00,0,0,True,True
613312272,2026-08-17T09:10:40.964143+00:00,7,0,True,True
613312273,2026-08-17T09:10:40.964143+00:00,9,0,True,True
613312274,2026-08-17T09:10:40.964143+00:00,9,0,True,True
613312275,2026-08-17T09:10:40.964143+00:00,16,0,True,True
613312276,2026-08-17T09:10:40.964143+00:00,0,0,True,True
613312277,2026-08-17T09:10:40.964143+00:00,1,0,True,True
613312278,2026-08-17T09:10:40.964143+00:00,3,0,True,True
613312279,2026-08-17T09:10:40.964143+00:00,12,0,True,True
613312281,2026-08-17T09:10:40.964143+00:00,1,0,True,True
613312282,2026-08-17T09:10:40.964143+00:00,2,0,True,True
613312283,2026-08-17T09:10:40.964143+00:00,3,0,True,True
613312284,2026-08-17T09:10:40.964143+00:00,8,0,True,True
613312285,2026-08-17T09:10:40.964143+00:00,3,0,True,True
613312286,2026-08-17T09:10:40.964143+00:00,1,0,True,True
613312287,2026-08-17T09:10:40.964143+00:00,5,0,True,True
613312288,2026-08-17T09:10:40.964143+00:00,5,0,True,True
613312289,2026-08-17T09:10:40.964143+00:00,8,0,True,True
613312290,2026-08-17T09:10:40.964143+00:00,9,0,True,True
613312291,2026-08-17T09:10:40.964143+00:00,3,0,True,True
613312292,2026-08-17T09:10:40.964143+00:00,4,0,True,True
613312293,2026-08-17T09:10:40.964143+00:00,11,0,True,True
613312294,2026-08-17T09:10:40.964143+00:00,11,0,True,True
613312295,2026-08-17T09:10:40.964143+00:00,16,0,True,True
613312296,2026-08-17T09:10:40.964143+00:00,6,0,True,True
613312297,2026-08-17T09:10:40.964143+00:00,4,0,True,True
613312298,2026-08-17T09:10:40.964143+00:00,4,0,True,True
613312299,2026-08-17T09:10:40.964143+00:00,6,0,True,True
613312300,2026-08-17T09:10:40.964143+00:00,15,0,True,True
613312301,2026-08-17T09:10:40.964143+00:00,9,0,True,True
613312302,2026-08-17T09:10:40.964143+00:00,4,0,True,True
613312303,2026-08-17T09:10:40.964143+00:00,9,0,True,True
613312304,2026-08-17T09:10:40.964143+00:00,9,0,True,True
613312305,2026-08-17T09:10:40.964143+00:00,21,0,True,True
613312306,2026-08-17T09:10:40.964143+00:00,12,0,True,True
613312307,2026-08-17T09:10:40.964143+00:00,8,0,True,True
613312308,2026-08-17T09:10:40.964143+00:00,5,0,True,True
613312309,2026-08-17T09:10:40.964143+00:00,9,0,True,True
613312310,2026-08-17T09:10:40.964143+00:00,7,0,True,True
613312311,2026-08-17T09:10:40.964143+00:00,15,0,True,True
613312312,2026-08-17T09:10:40.964143+00:00,17,0,True,True
613312313,2026-08-17T09:10:40.964143+00:00,4,0,True,True
613312314,2026-08-17T09:10:40.964143+00:00,9,0,True,True
613312315,2026-08-17T09:10:40.964143+00:00,6,0,True,True
613510037,2026-08-17T09:10:40.964143+00:00,1,0,True,True
624056982,2026-08-17T09:10:40.964143+00:00,5,0,True,True
624057057,2026-08-17T09:10:40.964143+00:00,3,0,True,True
631244273,2026-08-17T09:10:40.964143+00:00,1,0,True,True
631244274,2026-08-17T09:10:40.964143+00:00,2,0,True,True
631244275,2026-08-17T09:10:40.964143+00:00,1,0,True,True
631244276,2026-08-17T09:10:40.964143+00:00,9,0,True,True
631244277,2026-08-17T09:10:40.964143+00:00,2,0,True,True
631244278,2026-08-17T09:10:40.964143+00:00,0,0,True,True
631244280,2026-08-17T09:10:40.964143+00:00,7,0,True,True
631244281,2026-08-17T09:10:40.964143+00:00,5,0,True,True
631244286,2026-08-17T09:10:40.964143+00:00,0,0,True,True
631244287,2026-08-17T09:10:40.964143+00:00,7,0,True,True
631244288,2026-08-17T09:10:40.964143+00:00,6,0,True,True
631244289,2026-08-17T09:10:40.964143+00:00,1,0,True,True
631244290,2026-08-17T09:10:40.964143+00:00,2,0,True,True
631244291,2026-08-17T09:10:40.964143+00:00,2,0,True,True
631244292,2026-08-17T09:10:40.964143+00:00,2,0,True,True
631244293,2026-08-17T09:10:40.964143+00:00,1,0,True,True
631244294,2026-08-17T09:10:40.964143+00:00,3,0,True,True
631244295,2026-08-17T09:10:40.964143+00:00,2,0,True,True
631244297,2026-08-17T09:10:40.964143+00:00,5,0,True,True
631244302,2026-08-17T09:10:40.964143+00:00,6,0,True,True
631244303,2026-08-17T09:10:40.964143+00:00,5,0,True,True
631244304,2026-08-17T09:10:40.964143+00:00,4,0,True,True
631244306,2026-08-17T09:10:40.964143+00:00,2,0,True,True
631244308,2026-08-17T09:10:40.964143+00:00,14,0,True,True
631244309,2026-08-17T09:10:40.964143+00:00,11,0,True,True
631244311,2026-08-17T09:10:40.964143+00:00,6,0,True,True
631244312,2026-08-17T09:10:40.964143+00:00,1,0,True,True
631244313,2026-08-17T09:10:40.964143+00:00,0,0,True,True
631244315,2026-08-17T09:10:40.964143+00:00,5,0,True,True
631244316,2026-08-17T09:10:40.964143+00:00,3,0,True,True
637793642,2026-08-17T09:10:40.964143+00:00,12,0,True,True
637794034,2026-08-17T09:10:40.964143+00:00,3,0,True,True
608535280,2026-08-17T09:59:19.710557+00:00,6,0,True,True
608535281,2026-08-17T09:59:19.710557+00:00,6,0,True,True
608535282,2026-08-17T09:59:19.710557+00:00,6,0,True,True
608535283,2026-08-17T09:59:19.710557+00:00,4,0,True,True
608535284,2026-08-17T09:59:19.710557+00:00,5,0,True,True
608535285,2026-08-17T09:59:19.710557+00:00,2,0,True,True
608535286,2026-08-17T09:59:19.710557+00:00,4,0,True,True
608535287,2026-08-17T09:59:19.710557+00:00,5,0,True,True
608535288,2026-08-17T09:59:19.710557+00:00,3,0,True,True
608535289,2026-08-17T09:59:19.710557+00:00,2,0,True,True
608535290,2026-08-17T09:59:19.710557+00:00,6,0,True,True
608535291,2026-08-17T09:59:19.710557+00:00,8,0,True,True
608535292,2026-08-17T09:59:19.710557+00:00,2,0,True,True
608535293,2026-08-17T09:59:19.710557+00:00,7,0,True,True
608535294,2026-08-17T09:59:19.710557+00:00,5,0,True,True
608535295,2026-08-17T09:59:19.710557+00:00,6,0,True,True
608535296,2026-08-17T09:59:19.710557+00:00,5,0,True,True
608535297,2026-08-17T09:59:19.710557+00:00,7,0,True,True
608535298,2026-08-17T09:59:19.710557+00:00,6,0,True,True
608535299,2026-08-17T09:59:19.710557+00:00,5,0,True,True
608535300,2026-08-17T09:59:19.710557+00:00,7,0,True,True
608535301,2026-08-17T09:59:19.710557+00:00,8,0,True,True
608535302,2026-08-17T09:59:19.710557+00:00,7,0,True,True
608535303,2026-08-17T09:59:19.710557+00:00,5,0,True,True
608535304,2026-08-17T09:59:19.710557+00:00,5,0,True,True
608535305,2026-08-17T09:59:19.710557+00:00,8,0,True,True
608535306,2026-08-17T09:59:19.710557+00:00,2,0,True,True
608535307,2026-08-17T09:59:19.710557+00:00,6,0,True,True
608535308,2026-08-17T09:59:19.710557+00:00,6,0,True,True
608535309,2026-08-17T09:59:19.710557+00:00,3,0,True,True
608535310,2026-08-17T09:59:19.710557+00:00,7,0,True,True
608535311,2026-08-17T09:59:19.710557+00:00,5,0,True,True
608535312,2026-08-17T09:59:19.710557+00:00,3,0,True,True
608535313,2026-08-17T09:59:19.710557+00:00,0,0,True,True
608535314,2026-08-17T09:59:19.710557+00:00,5,0,True,True
608535315,2026-08-17T09:59:19.710557+00:00,8,0,True,True
608535316,2026-08-17T09:59:19.710557+00:00,6,0,True,True
608535317,2026-08-17T09:59:19.710557+00:00,6,0,True,True
608535318,2026-08-17T09:59:19.710557+00:00,10,0,True,True
608535319,2026-08-17T09:59:19.710557+00:00,5,0,True,True
608535320,2026-08-17T09:59:19.710557+00:00,6,0,True,True
608535321,2026-08-17T09:59:19.710557+00:00,3,0,True,True
608535322,2026-08-17T09:59:19.710557+00:00,13,0,True,True
608535323,2026-08-17T09:59:19.710557+00:00,3,0,True,True
608535324,2026-08-17T09:59:19.710557+00:00,3,0,True,True
608535325,2026-08-17T09:59:19.710557+00:00,6,0,True,True
608535326,2026-08-17T09:59:19.710557+00:00,5,0,True,True
608535327,2026-08-17T09:59:19.710557+00:00,9,0,True,True
608535328,2026-08-17T09:59:19.710557+00:00,11,0,True,True
608535329,2026-08-17T09:59:19.710557+00:00,4,0,True,True
608535330,2026-08-17T09:59:19.710557+00:00,6,0,True,True
608535331,2026-08-17T09:59:19.710557+00:00,2,0,True,True
608535332,2026-08-17T09:59:19.710557+00:00,11,0,True,True
608535333,2026-08-17T09:59:19.710557+00:00,5,0,True,True
608535334,2026-08-17T09:59:19.710557+00:00,3,0,True,True
608535335,2026-08-17T09:59:19.710557+00:00,5,0,True,True
608535336,2026-08-17T09:59:19.710557+00:00,7,0,True,True
608535337,2026-08-17T09:59:19.710557+00:00,3,0,True,True
608535338,2026-08-17T09:59:19.710557+00:00,1,0,True,True
608535339,2026-08-17T09:59:19.710557+00:00,6,0,True,True
608535340,2026-08-17T09:59:19.710557+00:00,11,0,True,True
608535341,2026-08-17T09:59:19.710557+00:00,6,0,True,True
608535342,2026-08-17T09:59:19.710557+00:00,0,0,True,True
608535343,2026-08-17T09:59:19.710557+00:00,3,0,True,True
608535344,2026-08-17T09:59:19.710557+00:00,5,0,True,True
608535345,2026-08-17T09:59:19.710557+00:00,8,0,True,True
608535346,2026-08-17T09:59:19.710557+00:00,2,0,True,True
608535256,2026-08-17T09:59:19.710557+00:00,0,0,True,True
608535257,2026-08-17T09:59:19.710557+00:00,5,0,True,True
608535258,2026-08-17T09:59:19.710557+00:00,4,0,True,True
608535259,2026-08-17T09:59:19.710557+00:00,2,0,True,True
608535260,2026-08-17T09:59:19.710557+00:00,12,0,True,True
608535261,2026-08-17T09:59:19.710557+00:00,2,0,True,True
608535262,2026-08-17T09:59:19.710557+00:00,13,0,True,True
608535263,2026-08-17T09:59:19.710557+00:00,1,0,True,True
608535265,2026-08-17T09:59:19.710557+00:00,1,0,True,True
608535266,2026-08-17T09:59:19.710557+00:00,4,0,True,True
608535267,2026-08-17T09:59:19.710557+00:00,4,0,True,True
608535268,2026-08-17T09:59:19.710557+00:00,2,0,True,True
608535270,2026-08-17T09:59:19.710557+00:00,9,0,True,True
608535271,2026-08-17T09:59:19.710557+00:00,1,0,True,True
608535272,2026-08-17T09:59:19.710557+00:00,0,0,True,True
608535273,2026-08-17T09:59:19.710557+00:00,0,0,True,True
608535274,2026-08-17T09:59:19.710557+00:00,5,0,True,True
608535276,2026-08-17T09:59:19.710557+00:00,8,0,True,True
608535277,2026-08-17T09:59:19.710557+00:00,2,0,True,True
608535278,2026-08-17T09:59:19.710557+00:00,12,0,True,True
608535279,2026-08-17T09:59:19.710557+00:00,5,0,True,True
608535378,2026-08-17T09:59:19.710557+00:00,4,0,True,True
608535379,2026-08-17T09:59:19.710557+00:00,7,0,True,True
608535380,2026-08-17T09:59:19.710557+00:00,12,0,True,True
608535381,2026-08-17T09:59:19.710557+00:00,2,0,True,True
608535383,2026-08-17T09:59:19.710557+00:00,7,0,True,True
608535384,2026-08-17T09:59:19.710557+00:00,3,0,True,True
608535385,2026-08-17T09:59:19.710557+00:00,1,0,True,True
608535386,2026-08-17T09:59:19.710557+00:00,15,0,True,True
608535387,2026-08-17T09:59:19.710557+00:00,6,0,True,True
608535388,2026-08-17T09:59:19.710557+00:00,9,0,True,True
608535389,2026-08-17T09:59:19.710557+00:00,0,0,True,True
608535390,2026-08-17T09:59:19.710557+00:00,11,0,True,True
608535391,2026-08-17T09:59:19.710557+00:00,3,0,True,True
608535392,2026-08-17T09:59:19.710557+00:00,7,0,True,True
608535393,2026-08-17T09:59:19.710557+00:00,11,0,True,True
608535394,2026-08-17T09:59:19.710557+00:00,1,0,True,True
608535395,2026-08-17T09:59:19.710557+00:00,12,0,True,True
608535396,2026-08-17T09:59:19.710557+00:00,3,0,True,True
608535440,2026-08-17T09:59:19.710557+00:00,1,0,True,True
608535441,2026-08-17T09:59:19.710557+00:00,0,0,True,True
608535442,2026-08-17T09:59:19.710557+00:00,1,0,True,True
608535443,2026-08-17T09:59:19.710557+00:00,4,0,True,True
608535444,2026-08-17T09:59:19.710557+00:00,13,0,True,True
608535445,2026-08-17T09:59:19.710557+00:00,28,0,True,True
608535446,2026-08-17T09:59:19.710557+00:00,0,0,True,True
608535447,2026-08-17T09:59:19.710557+00:00,2,0,True,True
608535461,2026-08-17T09:59:19.710557+00:00,5,0,True,True
608535462,2026-08-17T09:59:19.710557+00:00,0,0,True,True
608535463,2026-08-17T09:59:19.710557+00:00,1,0,True,True
608535464,2026-08-17T09:59:19.710557+00:00,5,0,True,True
608535491,2026-08-17T09:59:19.710557+00:00,1,0,True,True
608535492,2026-08-17T09:59:19.710557+00:00,1,0,True,True
608535493,2026-08-17T09:59:19.710557+00:00,13,0,True,True
608535494,2026-08-17T09:59:19.710557+00:00,3,0,True,True
608535495,2026-08-17T09:59:19.710557+00:00,2,0,True,True
608535496,2026-08-17T09:59:19.710557+00:00,6,0,True,True
608535497,2026-08-17T09:59:19.710557+00:00,7,0,True,True
608535498,2026-08-17T09:59:19.710557+00:00,12,0,True,True
608535499,2026-08-17T09:59:19.710557+00:00,3,0,True,True
608535500,2026-08-17T09:59:19.710557+00:00,4,0,True,True
608535501,2026-08-17T09:59:19.710557+00:00,0,0,True,True
608535502,2026-08-17T09:59:19.710557+00:00,3,0,True,True
608535503,2026-08-17T09:59:19.710557+00:00,4,0,True,True
608535504,2026-08-17T09:59:19.710557+00:00,3,0,True,True
608535505,2026-08-17T09:59:19.710557+00:00,0,0,True,True
637793366,2026-08-17T09:59:19.710557+00:00,0,0,True,True
608535516,2026-08-17T09:59:19.710557+00:00,3,0,True,True
608535517,2026-08-17T09:59:19.710557+00:00,1,0,True,True
608535518,2026-08-17T09:59:19.710557+00:00,2,0,True,True
608535519,2026-08-17T09:59:19.710557+00:00,3,0,True,True
608535520,2026-08-17T09:59:19.710557+00:00,8,0,True,True
608535521,2026-08-17T09:59:19.710557+00:00,7,0,True,True
608535522,2026-08-17T09:59:19.710557+00:00,10,0,True,True
608535523,2026-08-17T09:59:19.710557+00:00,6,0,True,True
608535524,2026-08-17T09:59:19.710557+00:00,5,0,True,True
608535525,2026-08-17T09:59:19.710557+00:00,3,0,True,True
608535526,2026-08-17T09:59:19.710557+00:00,1,0,True,True
608535527,2026-08-17T09:59:19.710557+00:00,6,0,True,True
608535528,2026-08-17T09:59:19.710557+00:00,10,0,True,True
608535529,2026-08-17T09:59:19.710557+00:00,7,0,True,True
608535530,2026-08-17T09:59:19.710557+00:00,3,0,True,True
608535531,2026-08-17T09:59:19.710557+00:00,6,0,True,True
608535532,2026-08-17T09:59:19.710557+00:00,6,0,True,True
608535533,2026-08-17T09:59:19.710557+00:00,4,0,True,True
608535534,2026-08-17T09:59:19.710557+00:00,3,0,True,True
608535537,2026-08-17T09:59:19.710557+00:00,5,0,True,True
608535398,2026-08-17T09:59:19.710557+00:00,6,0,True,True
608535399,2026-08-17T09:59:19.710557+00:00,1,0,True,True
608535400,2026-08-17T09:59:19.710557+00:00,6,0,True,True
608535402,2026-08-17T09:59:19.710557+00:00,6,0,True,True
608535403,2026-08-17T09:59:19.710557+00:00,4,0,True,True
608535404,2026-08-17T09:59:19.710557+00:00,5,0,True,True
608535405,2026-08-17T09:59:19.710557+00:00,3,0,True,True
608535406,2026-08-17T09:59:19.710557+00:00,6,0,True,True
608535407,2026-08-17T09:59:19.710557+00:00,7,0,True,True
608535408,2026-08-17T09:59:19.710557+00:00,5,0,True,True
608535409,2026-08-17T09:59:19.710557+00:00,5,0,True,True
608535410,2026-08-17T09:59:19.710557+00:00,6,0,True,True
608535411,2026-08-17T09:59:19.710557+00:00,5,0,True,True
608535412,2026-08-17T09:59:19.710557+00:00,8,0,True,True
608535413,2026-08-17T09:59:19.710557+00:00,5,0,True,True
608535414,2026-08-17T09:59:19.710557+00:00,7,0,True,True
608535415,2026-08-17T09:59:19.710557+00:00,2,0,True,True
608535416,2026-08-17T09:59:19.710557+00:00,8,0,True,True
608535417,2026-08-17T09:59:19.710557+00:00,11,0,True,True
608535418,2026-08-17T09:59:19.710557+00:00,9,0,True,True
608535419,2026-08-17T09:59:19.710557+00:00,9,0,True,True
608535420,2026-08-17T09:59:19.710557+00:00,11,0,True,True
608535421,2026-08-17T09:59:19.710557+00:00,8,0,True,True
608535422,2026-08-17T09:59:19.710557+00:00,6,0,True,True
608535423,2026-08-17T09:59:19.710557+00:00,7,0,True,True
608535424,2026-08-17T09:59:19.710557+00:00,6,0,True,True
608535425,2026-08-17T09:59:19.710557+00:00,2,0,True,True
608535426,2026-08-17T09:59:19.710557+00:00,3,0,True,True
608535427,2026-08-17T09:59:19.710557+00:00,3,0,True,True
608535428,2026-08-17T09:59:19.710557+00:00,13,0,True,True
608535429,2026-08-17T09:59:19.710557+00:00,3,0,True,True
608535430,2026-08-17T09:59:19.710557+00:00,0,0,True,True
608535431,2026-08-17T09:59:19.710557+00:00,3,0,True,True
608535438,2026-08-17T09:59:19.710557+00:00,1,0,True,True
608535439,2026-08-17T09:59:19.710557+00:00,6,0,True,True
608535432,2026-08-17T09:59:19.710557+00:00,5,0,True,True
608535433,2026-08-17T09:59:19.710557+00:00,3,0,True,True
608535434,2026-08-17T09:59:19.710557+00:00,1,0,True,True
608535435,2026-08-17T09:59:19.710557+00:00,0,0,True,True
608535436,2026-08-17T09:59:19.710557+00:00,3,0,True,True
608535437,2026-08-17T09:59:19.710557+00:00,6,0,True,True
608535448,2026-08-17T09:59:19.710557+00:00,3,0,True,True
608535449,2026-08-17T09:59:19.710557+00:00,6,0,True,True
608535450,2026-08-17T09:59:19.710557+00:00,4,0,True,True
608535451,2026-08-17T09:59:19.710557+00:00,3,0,True,True
608535483,2026-08-17T09:59:19.710557+00:00,0,0,True,True
608535484,2026-08-17T09:59:19.710557+00:00,3,0,True,True
608535485,2026-08-17T09:59:19.710557+00:00,7,0,True,True
608535486,2026-08-17T09:59:19.710557+00:00,1,0,True,True
608535487,2026-08-17T09:59:19.710557+00:00,11,0,True,True
608535488,2026-08-17T09:59:19.710557+00:00,6,0,True,True
608535489,2026-08-17T09:59:19.710557+00:00,3,0,True,True
608535490,2026-08-17T09:59:19.710557+00:00,14,0,True,True
608535452,2026-08-17T09:59:19.710557+00:00,5,0,True,True
608535453,2026-08-17T09:59:19.710557+00:00,2,0,True,True
608535454,2026-08-17T09:59:19.710557+00:00,4,0,True,True
608535455,2026-08-17T09:59:19.710557+00:00,4,0,True,True
608535456,2026-08-17T09:59:19.710557+00:00,4,0,True,True
608535457,2026-08-17T09:59:19.710557+00:00,6,0,True,True
608535458,2026-08-17T09:59:19.710557+00:00,17,0,True,True
608535459,2026-08-17T09:59:19.710557+00:00,6,0,True,True
608535460,2026-08-17T09:59:19.710557+00:00,9,0,True,True
608535465,2026-08-17T09:59:19.710557+00:00,1,0,True,True
608535466,2026-08-17T09:59:19.710557+00:00,2,0,True,True
608535467,2026-08-17T09:59:19.710557+00:00,2,0,True,True
608535468,2026-08-17T09:59:19.710557+00:00,6,0,True,True
608535469,2026-08-17T09:59:19.710557+00:00,11,0,True,True
608535470,2026-08-17T09:59:19.710557+00:00,1,0,True,True
608535471,2026-08-17T09:59:19.710557+00:00,3,0,True,True
608535473,2026-08-17T09:59:19.710557+00:00,6,0,True,True
608535474,2026-08-17T09:59:19.710557+00:00,6,0,True,True
608535475,2026-08-17T09:59:19.710557+00:00,1,0,True,True
608535476,2026-08-17T09:59:19.710557+00:00,10,0,True,True
608535477,2026-08-17T09:59:19.710557+00:00,3,0,True,True
608535478,2026-08-17T09:59:19.710557+00:00,1,0,True,True
608535479,2026-08-17T09:59:19.710557+00:00,2,0,True,True
608535480,2026-08-17T09:59:19.710557+00:00,0,0,True,True
608535481,2026-08-17T09:59:19.710557+00:00,4,0,True,True
608535482,2026-08-17T09:59:19.710557+00:00,4,0,True,True
608535507,2026-08-17T09:59:19.710557+00:00,1,0,True,True
608535508,2026-08-17T09:59:19.710557+00:00,4,0,True,True
608535509,2026-08-17T09:59:19.710557+00:00,4,0,True,True
608535510,2026-08-17T09:59:19.710557+00:00,2,0,True,True
608535511,2026-08-17T09:59:19.710557+00:00,1,0,True,True
608535512,2026-08-17T09:59:19.710557+00:00,4,0,True,True
608535513,2026-08-17T09:59:19.710557+00:00,5,0,True,True
608535514,2026-08-17T09:59:19.710557+00:00,4,0,True,True
608535515,2026-08-17T09:59:19.710557+00:00,8,0,True,True
608535347,2026-08-17T09:59:19.710557+00:00,0,0,True,True
608535348,2026-08-17T09:59:19.710557+00:00,6,0,True,True
608535349,2026-08-17T09:59:19.710557+00:00,8,0,True,True
608535350,2026-08-17T09:59:19.710557+00:00,8,0,True,True
608535351,2026-08-17T09:59:19.710557+00:00,4,0,True,True
608535352,2026-08-17T09:59:19.710557+00:00,1,0,True,True
608535353,2026-08-17T09:59:19.710557+00:00,4,0,True,True
608535354,2026-08-17T09:59:19.710557+00:00,8,0,True,True
608535538,2026-08-17T09:59:19.710557+00:00,10,0,True,True
608535539,2026-08-17T09:59:19.710557+00:00,1,0,True,True
608535540,2026-08-17T09:59:19.710557+00:00,5,0,True,True
608535355,2026-08-17T09:59:19.710557+00:00,6,0,True,True
608535356,2026-08-17T09:59:19.710557+00:00,5,0,True,True
608535357,2026-08-17T09:59:19.710557+00:00,5,0,True,True
608535358,2026-08-17T09:59:19.710557+00:00,6,0,True,True
608535359,2026-08-17T09:59:19.710557+00:00,2,0,True,True
608535360,2026-08-17T09:59:19.710557+00:00,3,0,True,True
608535361,2026-08-17T09:59:19.710557+00:00,3,0,True,True
608535362,2026-08-17T09:59:19.710557+00:00,1,0,True,True
608535363,2026-08-17T09:59:19.710557+00:00,1,0,True,True
608535364,2026-08-17T09:59:19.710557+00:00,5,0,True,True
608535365,2026-08-17T09:59:19.710557+00:00,2,0,True,True
608535366,2026-08-17T09:59:19.710557+00:00,2,0,True,True
608535367,2026-08-17T09:59:19.710557+00:00,5,0,True,True
608535368,2026-08-17T09:59:19.710557+00:00,2,0,True,True
608535369,2026-08-17T09:59:19.710557+00:00,1,0,True,True
608535370,2026-08-17T09:59:19.710557+00:00,2,0,True,True
608535371,2026-08-17T09:59:19.710557+00:00,3,0,True,True
608535372,2026-08-17T09:59:19.710557+00:00,8,0,True,True
608535373,2026-08-17T09:59:19.710557+00:00,9,0,True,True
608535375,2026-08-17T09:59:19.710557+00:00,2,0,True,True
608535376,2026-08-17T09:59:19.710557+00:00,11,0,True,True
606857330,2026-08-17T09:59:19.710557+00:00,6,0,True,True
608534898,2026-08-17T09:59:19.710557+00:00,4,0,True,True
608534899,2026-08-17T09:59:19.710557+00:00,2,0,True,True
608534900,2026-08-17T09:59:19.710557+00:00,10,0,True,True
608534901,2026-08-17T09:59:19.710557+00:00,2,0,True,True
608534902,2026-08-17T09:59:19.710557+00:00,16,0,True,True
608534903,2026-08-17T09:59:19.710557+00:00,14,0,True,True
608534904,2026-08-17T09:59:19.710557+00:00,6,0,True,True
608534905,2026-08-17T09:59:19.710557+00:00,0,0,True,True
608534906,2026-08-17T09:59:19.710557+00:00,1,5,True,True
608534907,2026-08-17T09:59:19.710557+00:00,18,0,True,True
608534908,2026-08-17T09:59:19.710557+00:00,3,0,True,True
608534909,2026-08-17T09:59:19.710557+00:00,15,0,True,True
608534910,2026-08-17T09:59:19.710557+00:00,3,0,True,True
608534912,2026-08-17T09:59:19.710557+00:00,0,0,True,True
608534913,2026-08-17T09:59:19.710557+00:00,1,0,True,True
608534914,2026-08-17T09:59:19.710557+00:00,0,0,True,True
608534915,2026-08-17T09:59:19.710557+00:00,12,0,True,True
608534916,2026-08-17T09:59:19.710557+00:00,8,0,True,True
608534917,2026-08-17T09:59:19.710557+00:00,4,0,True,True
608534918,2026-08-17T09:59:19.710557+00:00,8,0,True,True
608534919,2026-08-17T09:59:19.710557+00:00,1,0,True,True
608534920,2026-08-17T09:59:19.710557+00:00,26,0,True,True
608534921,2026-08-17T09:59:19.710557+00:00,11,0,True,True
608534922,2026-08-17T09:59:19.710557+00:00,5,0,True,True
608534923,2026-08-17T09:59:19.710557+00:00,3,0,True,True
608534924,2026-08-17T09:59:19.710557+00:00,7,0,True,True
608534925,2026-08-17T09:59:19.710557+00:00,6,0,True,True
608534926,2026-08-17T09:59:19.710557+00:00,2,0,True,True
608534927,2026-08-17T09:59:19.710557+00:00,1,0,True,True
608534928,2026-08-17T09:59:19.710557+00:00,6,0,True,True
608534930,2026-08-17T09:59:19.710557+00:00,10,0,True,True
608534932,2026-08-17T09:59:19.710557+00:00,0,0,True,True
608534933,2026-08-17T09:59:19.710557+00:00,1,0,True,True
608534934,2026-08-17T09:59:19.710557+00:00,6,0,False,False
608534936,2026-08-17T09:59:19.710557+00:00,2,0,True,True
608534937,2026-08-17T09:59:19.710557+00:00,3,0,True,True
608534939,2026-08-17T09:59:19.710557+00:00,9,0,True,True
608534940,2026-08-17T09:59:19.710557+00:00,1,0,True,True
608534942,2026-08-17T09:59:19.710557+00:00,12,0,True,True
608534943,2026-08-17T09:59:19.710557+00:00,6,0,True,True
608534944,2026-08-17T09:59:19.710557+00:00,1,0,True,True
608534945,2026-08-17T09:59:19.710557+00:00,9,0,True,True
608534946,2026-08-17T09:59:19.710557+00:00,7,0,True,True
608534947,2026-08-17T09:59:19.710557+00:00,16,0,True,True
608534948,2026-08-17T09:59:19.710557+00:00,3,0,True,True
608534950,2026-08-17T09:59:19.710557+00:00,13,0,True,True
608534952,2026-08-17T09:59:19.710557+00:00,1,0,True,True
608534953,2026-08-17T09:59:19.710557+00:00,8,0,True,True
608534954,2026-08-17T09:59:19.710557+00:00,3,0,True,True
608534955,2026-08-17T09:59:19.710557+00:00,10,0,True,True
608534956,2026-08-17T09:59:19.710557+00:00,22,0,True,True
608534957,2026-08-17T09:59:19.710557+00:00,4,0,True,True
608534958,2026-08-17T09:59:19.710557+00:00,1,0,True,True
608534959,2026-08-17T09:59:19.710557+00:00,4,4,True,True
608534960,2026-08-17T09:59:19.710557+00:00,2,0,True,True
608534961,2026-08-17T09:59:19.710557+00:00,2,0,True,True
608534962,2026-08-17T09:59:19.710557+00:00,5,0,True,True
608534963,2026-08-17T09:59:19.710557+00:00,13,0,True,True
608534964,2026-08-17T09:59:19.710557+00:00,5,0,True,True
608534965,2026-08-17T09:59:19.710557+00:00,0,0,True,True
608534967,2026-08-17T09:59:19.710557+00:00,2,0,True,True
608534968,2026-08-17T09:59:19.710557+00:00,14,0,True,True
608534969,2026-08-17T09:59:19.710557+00:00,0,0,True,True
608534970,2026-08-17T09:59:19.710557+00:00,3,0,True,True
608534971,2026-08-17T09:59:19.710557+00:00,4,0,True,True
608534973,2026-08-17T09:59:19.710557+00:00,0,0,True,True
608534974,2026-08-17T09:59:19.710557+00:00,12,0,True,True
608534975,2026-08-17T09:59:19.710557+00:00,1,0,True,True
608534977,2026-08-17T09:59:19.710557+00:00,0,0,True,True
608534978,2026-08-17T09:59:19.710557+00:00,3,0,True,True
608534979,2026-08-17T09:59:19.710557+00:00,1,0,True,True
608534980,2026-08-17T09:59:19.710557+00:00,0,0,True,True
608534981,2026-08-17T09:59:19.710557+00:00,0,0,True,True
608534982,2026-08-17T09:59:19.710557+00:00,0,0,True,True
608534983,2026-08-17T09:59:19.710557+00:00,1,0,True,True
608534984,2026-08-17T09:59:19.710557+00:00,0,0,True,True
608534985,2026-08-17T09:59:19.710557+00:00,3,0,True,True
608534986,2026-08-17T09:59:19.710557+00:00,2,0,True,True
608534987,2026-08-17T09:59:19.710557+00:00,2,0,True,True
608534988,2026-08-17T09:59:19.710557+00:00,0,0,True,True
608534990,2026-08-17T09:59:19.710557+00:00,3,0,True,True
608534991,2026-08-17T09:59:19.710557+00:00,1,0,True,True
608534992,2026-08-17T09:59:19.710557+00:00,2,0,True,True
608534993,2026-08-17T09:59:19.710557+00:00,1,0,True,True
608534994,2026-08-17T09:59:19.710557+00:00,0,0,True,True
608534995,2026-08-17T09:59:19.710557+00:00,9,0,True,True
608534996,2026-08-17T09:59:19.710557+00:00,1,0,True,True
608534998,2026-08-17T09:59:19.710557+00:00,0,0,True,True
608534999,2026-08-17T09:59:19.710557+00:00,0,0,True,True
608535000,2026-08-17T09:59:19.710557+00:00,0,0,True,True
608535001,2026-08-17T09:59:19.710557+00:00,3,0,True,True
608535002,2026-08-17T09:59:19.710557+00:00,0,0,True,True
608535003,2026-08-17T09:59:19.710557+00:00,0,0,True,True
608535004,2026-08-17T09:59:19.710557+00:00,0,0,True,True
608535005,2026-08-17T09:59:19.710557+00:00,10,0,True,True
608535006,2026-08-17T09:59:19.710557+00:00,0,0,True,True
608535007,2026-08-17T09:59:19.710557+00:00,0,0,True,True
608535008,2026-08-17T09:59:19.710557+00:00,2,0,True,True
608535009,2026-08-17T09:59:19.710557+00:00,1,0,True,True
608535010,2026-08-17T09:59:19.710557+00:00,1,0,True,True
608535011,2026-08-17T09:59:19.710557+00:00,0,0,True,True
608535012,2026-08-17T09:59:19.710557+00:00,0,0,True,True
608535013,2026-08-17T09:59:19.710557+00:00,0,0,True,True
608535014,2026-08-17T09:59:19.710557+00:00,4,0,True,True
608535015,2026-08-17T09:59:19.710557+00:00,1,0,True,True
608535016,2026-08-17T09:59:19.710557+00:00,3,0,True,True
608535017,2026-08-17T09:59:19.710557+00:00,9,0,True,True
608535018,2026-08-17T09:59:19.710557+00:00,6,0,True,True
608535019,2026-08-17T09:59:19.710557+00:00,2,0,True,True
608535020,2026-08-17T09:59:19.710557+00:00,1,0,True,True
608535021,2026-08-17T09:59:19.710557+00:00,3,0,True,True
608535022,2026-08-17T09:59:19.710557+00:00,3,0,True,True
608535023,2026-08-17T09:59:19.710557+00:00,0,0,True,True
608535024,2026-08-17T09:59:19.710557+00:00,4,0,True,True
608535025,2026-08-17T09:59:19.710557+00:00,0,0,True,True
608535026,2026-08-17T09:59:19.710557+00:00,1,0,True,True
608535027,2026-08-17T09:59:19.710557+00:00,7,0,True,True
608535028,2026-08-17T09:59:19.710557+00:00,7,0,True,True
608535029,2026-08-17T09:59:19.710557+00:00,6,0,True,True
608535030,2026-08-17T09:59:19.710557+00:00,0,0,True,True
608535031,2026-08-17T09:59:19.710557+00:00,12,0,True,True
608535032,2026-08-17T09:59:19.710557+00:00,4,0,True,True
608535033,2026-08-17T09:59:19.710557+00:00,8,0,True,True
608535034,2026-08-17T09:59:19.710557+00:00,4,0,True,True
608535036,2026-08-17T09:59:19.710557+00:00,7,0,True,True
608535037,2026-08-17T09:59:19.710557+00:00,8,0,True,True
608535038,2026-08-17T09:59:19.710557+00:00,3,0,True,True
608535039,2026-08-17T09:59:19.710557+00:00,7,0,True,True
608535040,2026-08-17T09:59:19.710557+00:00,1,0,True,True
608535041,2026-08-17T09:59:19.710557+00:00,8,0,True,True
608535042,2026-08-17T09:59:19.710557+00:00,9,0,True,True
608535043,2026-08-17T09:59:19.710557+00:00,7,0,True,True
608535044,2026-08-17T09:59:19.710557+00:00,2,0,True,True
608535045,2026-08-17T09:59:19.710557+00:00,9,0,True,True
608535046,2026-08-17T09:59:19.710557+00:00,5,0,True,True
608535047,2026-08-17T09:59:19.710557+00:00,7,0,True,True
608535048,2026-08-17T09:59:19.710557+00:00,17,0,True,True
608535049,2026-08-17T09:59:19.710557+00:00,9,0,True,True
608535050,2026-08-17T09:59:19.710557+00:00,12,0,True,True
608535051,2026-08-17T09:59:19.710557+00:00,13,0,True,True
608535052,2026-08-17T09:59:19.710557+00:00,8,0,True,True
608535053,2026-08-17T09:59:19.710557+00:00,4,0,True,True
608535054,2026-08-17T09:59:19.710557+00:00,4,0,True,True
608535055,2026-08-17T09:59:19.710557+00:00,6,0,True,True
608535057,2026-08-17T09:59:19.710557+00:00,12,0,True,True
608535058,2026-08-17T09:59:19.710557+00:00,10,0,True,True
608535059,2026-08-17T09:59:19.710557+00:00,17,0,True,True
608535060,2026-08-17T09:59:19.710557+00:00,14,0,True,True
608535061,2026-08-17T09:59:19.710557+00:00,4,0,True,True
608535062,2026-08-17T09:59:19.710557+00:00,6,0,True,True
608535063,2026-08-17T09:59:19.710557+00:00,7,0,True,True
608535064,2026-08-17T09:59:19.710557+00:00,6,0,True,True
608535065,2026-08-17T09:59:19.710557+00:00,5,0,True,True
608535066,2026-08-17T09:59:19.710557+00:00,12,0,True,True
608535067,2026-08-17T09:59:19.710557+00:00,21,0,True,True
608535068,2026-08-17T09:59:19.710557+00:00,3,0,True,True
608535069,2026-08-17T09:59:19.710557+00:00,6,0,True,True
608535070,2026-08-17T09:59:19.710557+00:00,2,0,True,True
608535071,2026-08-17T09:59:19.710557+00:00,4,0,True,True
608535072,2026-08-17T09:59:19.710557+00:00,2,0,True,True
608535073,2026-08-17T09:59:19.710557+00:00,1,0,True,True
608535074,2026-08-17T09:59:19.710557+00:00,8,0,True,True
608535075,2026-08-17T09:59:19.710557+00:00,10,0,True,True
608535077,2026-08-17T09:59:19.710557+00:00,1,0,True,True
608535078,2026-08-17T09:59:19.710557+00:00,5,0,True,True
608535079,2026-08-17T09:59:19.710557+00:00,4,0,True,True
608535080,2026-08-17T09:59:19.710557+00:00,4,0,True,True
608535081,2026-08-17T09:59:19.710557+00:00,14,0,True,True
608535082,2026-08-17T09:59:19.710557+00:00,5,0,True,True
608535083,2026-08-17T09:59:19.710557+00:00,4,0,True,True
608535084,2026-08-17T09:59:19.710557+00:00,3,0,True,True
608535085,2026-08-17T09:59:19.710557+00:00,5,0,True,True
608535086,2026-08-17T09:59:19.710557+00:00,6,0,True,True
608535087,2026-08-17T09:59:19.710557+00:00,1,0,True,True
608535088,2026-08-17T09:59:19.710557+00:00,2,0,True,True
608535089,2026-08-17T09:59:19.710557+00:00,0,0,True,True
608535090,2026-08-17T09:59:19.710557+00:00,3,0,True,True
608535091,2026-08-17T09:59:19.710557+00:00,0,0,True,True
608535092,2026-08-17T09:59:19.710557+00:00,5,0,True,True
608535093,2026-08-17T09:59:19.710557+00:00,2,0,True,True
608535094,2026-08-17T09:59:19.710557+00:00,11,0,True,True
608535095,2026-08-17T09:59:19.710557+00:00,4,0,True,True
608535096,2026-08-17T09:59:19.710557+00:00,4,0,True,True
608535097,2026-08-17T09:59:19.710557+00:00,4,0,True,True
608535098,2026-08-17T09:59:19.710557+00:00,8,0,True,True
608535099,2026-08-17T09:59:19.710557+00:00,14,0,True,True
608535100,2026-08-17T09:59:19.710557+00:00,6,0,True,True
608535101,2026-08-17T09:59:19.710557+00:00,6,0,True,True
608535102,2026-08-17T09:59:19.710557+00:00,0,0,True,True
608535103,2026-08-17T09:59:19.710557+00:00,11,0,True,True
608535104,2026-08-17T09:59:19.710557+00:00,2,0,True,True
608535105,2026-08-17T09:59:19.710557+00:00,9,0,True,True
608535106,2026-08-17T09:59:19.710557+00:00,2,0,True,True
608535107,2026-08-17T09:59:19.710557+00:00,4,0,True,True
608535108,2026-08-17T09:59:19.710557+00:00,8,0,True,True
608535109,2026-08-17T09:59:19.710557+00:00,8,0,True,True
608535110,2026-08-17T09:59:19.710557+00:00,10,0,True,True
608535111,2026-08-17T09:59:19.710557+00:00,1,0,True,True
608535112,2026-08-17T09:59:19.710557+00:00,2,0,True,True
608535113,2026-08-17T09:59:19.710557+00:00,4,0,True,True
608535114,2026-08-17T09:59:19.710557+00:00,1,0,True,True
608535116,2026-08-17T09:59:19.710557+00:00,3,0,True,True
608535117,2026-08-17T09:59:19.710557+00:00,10,0,True,True
608535118,2026-08-17T09:59:19.710557+00:00,4,0,True,True
608535119,2026-08-17T09:59:19.710557+00:00,0,0,True,True
608535120,2026-08-17T09:59:19.710557+00:00,7,0,True,True
608535121,2026-08-17T09:59:19.710557+00:00,0,0,True,True
608535122,2026-08-17T09:59:19.710557+00:00,4,0,True,True
608535123,2026-08-17T09:59:19.710557+00:00,1,0,True,True
608535124,2026-08-17T09:59:19.710557+00:00,7,0,True,True
608535125,2026-08-17T09:59:19.710557+00:00,0,0,True,True
608535126,2026-08-17T09:59:19.710557+00:00,9,0,True,True
608535127,2026-08-17T09:59:19.710557+00:00,2,0,True,True
608535128,2026-08-17T09:59:19.710557+00:00,1,0,True,True
608535129,2026-08-17T09:59:19.710557+00:00,4,0,True,True
608535130,2026-08-17T09:59:19.710557+00:00,2,0,True,True
608535131,2026-08-17T09:59:19.710557+00:00,7,0,True,True
608535132,2026-08-17T09:59:19.710557+00:00,0,0,True,True
608535133,2026-08-17T09:59:19.710557+00:00,6,0,True,True
608535134,2026-08-17T09:59:19.710557+00:00,1,0,True,True
608535135,2026-08-17T09:59:19.710557+00:00,6,0,True,True
608535136,2026-08-17T09:59:19.710557+00:00,0,0,True,True
608535137,2026-08-17T09:59:19.710557+00:00,0,0,True,True
608535138,2026-08-17T09:59:19.710557+00:00,4,0,True,True
608535139,2026-08-17T09:59:19.710557+00:00,3,0,True,True
608535140,2026-08-17T09:59:19.710557+00:00,3,0,True,True
608535141,2026-08-17T09:59:19.710557+00:00,6,0,True,True
608535142,2026-08-17T09:59:19.710557+00:00,9,0,True,True
608535143,2026-08-17T09:59:19.710557+00:00,2,0,True,True
608535144,2026-08-17T09:59:19.710557+00:00,9,0,True,True
608535145,2026-08-17T09:59:19.710557+00:00,5,0,True,True
608535146,2026-08-17T09:59:19.710557+00:00,2,0,True,True
608535147,2026-08-17T09:59:19.710557+00:00,6,0,True,True
608535148,2026-08-17T09:59:19.710557+00:00,3,0,True,True
608535149,2026-08-17T09:59:19.710557+00:00,3,0,True,True
608535150,2026-08-17T09:59:19.710557+00:00,11,0,True,True
608535151,2026-08-17T09:59:19.710557+00:00,0,0,True,True
608535152,2026-08-17T09:59:19.710557+00:00,3,0,True,True
608535153,2026-08-17T09:59:19.710557+00:00,2,0,True,True
608535154,2026-08-17T09:59:19.710557+00:00,0,0,True,True
608535155,2026-08-17T09:59:19.710557+00:00,1,0,True,True
608535156,2026-08-17T09:59:19.710557+00:00,3,0,True,True
608535157,2026-08-17T09:59:19.710557+00:00,3,0,True,True
608535158,2026-08-17T09:59:19.710557+00:00,2,0,True,True
608535159,2026-08-17T09:59:19.710557+00:00,0,0,True,True
608535160,2026-08-17T09:59:19.710557+00:00,0,0,True,True
608535162,2026-08-17T09:59:19.710557+00:00,1,0,True,True
608535163,2026-08-17T09:59:19.710557+00:00,3,0,True,True
608535164,2026-08-17T09:59:19.710557+00:00,2,0,True,True
608535165,2026-08-17T09:59:19.710557+00:00,2,0,True,True
608535166,2026-08-17T09:59:19.710557+00:00,3,0,True,True
608535167,2026-08-17T09:59:19.710557+00:00,3,0,True,True
608535168,2026-08-17T09:59:19.710557+00:00,5,0,True,True
608535169,2026-08-17T09:59:19.710557+00:00,9,0,True,True
608535170,2026-08-17T09:59:19.710557+00:00,4,0,True,True
608535171,2026-08-17T09:59:19.710557+00:00,3,0,True,True
608535172,2026-08-17T09:59:19.710557+00:00,6,0,True,True
608535173,2026-08-17T09:59:19.710557+00:00,9,0,True,True
608535174,2026-08-17T09:59:19.710557+00:00,0,0,True,True
608535175,2026-08-17T09:59:19.710557+00:00,0,0,True,True
608535176,2026-08-17T09:59:19.710557+00:00,1,0,True,True
608535178,2026-08-17T09:59:19.710557+00:00,7,0,True,True
608535179,2026-08-17T09:59:19.710557+00:00,7,0,True,True
608535180,2026-08-17T09:59:19.710557+00:00,0,0,True,True
608535181,2026-08-17T09:59:19.710557+00:00,3,0,True,True
608535182,2026-08-17T09:59:19.710557+00:00,3,0,True,True
608535183,2026-08-17T09:59:19.710557+00:00,2,0,True,True
608535184,2026-08-17T09:59:19.710557+00:00,0,0,True,True
608535185,2026-08-17T09:59:19.710557+00:00,5,0,True,True
608535186,2026-08-17T09:59:19.710557+00:00,9,0,True,True
608535187,2026-08-17T09:59:19.710557+00:00,0,0,True,True
608535188,2026-08-17T09:59:19.710557+00:00,9,0,True,True
608535189,2026-08-17T09:59:19.710557+00:00,0,0,True,True
608535190,2026-08-17T09:59:19.710557+00:00,6,0,True,True
608535192,2026-08-17T09:59:19.710557+00:00,13,0,True,True
608535193,2026-08-17T09:59:19.710557+00:00,9,0,True,True
608535194,2026-08-17T09:59:19.710557+00:00,1,0,True,True
608535195,2026-08-17T09:59:19.710557+00:00,2,0,True,True
608535196,2026-08-17T09:59:19.710557+00:00,4,0,True,True
608535197,2026-08-17T09:59:19.710557+00:00,0,0,True,True
608535198,2026-08-17T09:59:19.710557+00:00,0,0,True,True
608535199,2026-08-17T09:59:19.710557+00:00,7,0,True,True
608535200,2026-08-17T09:59:19.710557+00:00,3,0,True,True
608535201,2026-08-17T09:59:19.710557+00:00,2,0,True,True
608535202,2026-08-17T09:59:19.710557+00:00,0,0,True,True
608535203,2026-08-17T09:59:19.710557+00:00,9,0,True,True
608535204,2026-08-17T09:59:19.710557+00:00,3,0,True,True
608535205,2026-08-17T09:59:19.710557+00:00,8,0,True,True
608535206,2026-08-17T09:59:19.710557+00:00,6,0,True,True
608535207,2026-08-17T09:59:19.710557+00:00,4,0,True,True
608535208,2026-08-17T09:59:19.710557+00:00,6,0,True,True
608535209,2026-08-17T09:59:19.710557+00:00,0,0,True,True
608535210,2026-08-17T09:59:19.710557+00:00,11,0,True,True
608535211,2026-08-17T09:59:19.710557+00:00,3,0,True,True
608535212,2026-08-17T09:59:19.710557+00:00,3,0,True,True
608535213,2026-08-17T09:59:19.710557+00:00,12,0,True,True
608535214,2026-08-17T09:59:19.710557+00:00,3,0,True,True
608535215,2026-08-17T09:59:19.710557+00:00,2,0,True,True
608535216,2026-08-17T09:59:19.710557+00:00,9,0,True,True
608535217,2026-08-17T09:59:19.710557+00:00,7,0,True,True
608535218,2026-08-17T09:59:19.710557+00:00,7,0,True,True
608535219,2026-08-17T09:59:19.710557+00:00,0,0,True,True
608535220,2026-08-17T09:59:19.710557+00:00,3,0,True,True
608535221,2026-08-17T09:59:19.710557+00:00,2,0,True,True
608535222,2026-08-17T09:59:19.710557+00:00,6,0,True,True
608535223,2026-08-17T09:59:19.710557+00:00,10,0,True,True
608535224,2026-08-17T09:59:19.710557+00:00,3,0,True,True
608535225,2026-08-17T09:59:19.710557+00:00,4,0,True,True
608535226,2026-08-17T09:59:19.710557+00:00,0,0,True,True
608535227,2026-08-17T09:59:19.710557+00:00,0,0,True,True
608535228,2026-08-17T09:59:19.710557+00:00,10,0,True,True
608535229,2026-08-17T09:59:19.710557+00:00,12,0,True,True
608535230,2026-08-17T09:59:19.710557+00:00,2,0,True,True
608535231,2026-08-17T09:59:19.710557+00:00,2,0,True,True
608535232,2026-08-17T09:59:19.710557+00:00,2,0,True,True
608535234,2026-08-17T09:59:19.710557+00:00,13,0,True,True
608535235,2026-08-17T09:59:19.710557+00:00,9,0,True,True
608535236,2026-08-17T09:59:19.710557+00:00,5,0,True,True
608535237,2026-08-17T09:59:19.710557+00:00,6,0,True,True
608535238,2026-08-17T09:59:19.710557+00:00,4,0,True,True
608535239,2026-08-17T09:59:19.710557+00:00,5,0,True,True
608535240,2026-08-17T09:59:19.710557+00:00,3,0,True,True
608535241,2026-08-17T09:59:19.710557+00:00,2,0,True,True
608535242,2026-08-17T09:59:19.710557+00:00,11,0,True,True
608535243,2026-08-17T09:59:19.710557+00:00,7,0,True,True
608535244,2026-08-17T09:59:19.710557+00:00,1,0,True,True
608535245,2026-08-17T09:59:19.710557+00:00,11,0,True,True
608535246,2026-08-17T09:59:19.710557+00:00,5,0,True,True
608535247,2026-08-17T09:59:19.710557+00:00,7,0,True,True
608535248,2026-08-17T09:59:19.710557+00:00,5,0,True,True
608535249,2026-08-17T09:59:19.710557+00:00,6,0,True,True
608535250,2026-08-17T09:59:19.710557+00:00,4,0,True,True
608535251,2026-08-17T09:59:19.710557+00:00,8,0,True,True
608535252,2026-08-17T09:59:19.710557+00:00,4,0,True,True
608535254,2026-08-17T09:59:19.710557+00:00,3,0,True,True
608535255,2026-08-17T09:59:19.710557+00:00,3,0,True,True
613312171,2026-08-17T09:59:19.710557+00:00,10,0,True,True
613312172,2026-08-17T09:59:19.710557+00:00,0,0,True,True
613312173,2026-08-17T09:59:19.710557+00:00,5,0,True,True
613312174,2026-08-17T09:59:19.710557+00:00,0,0,True,True
613312175,2026-08-17T09:59:19.710557+00:00,5,0,True,True
613312176,2026-08-17T09:59:19.710557+00:00,12,0,True,True
613312177,2026-08-17T09:59:19.710557+00:00,0,0,True,True
613312179,2026-08-17T09:59:19.710557+00:00,11,0,True,True
613312180,2026-08-17T09:59:19.710557+00:00,2,0,True,True
613312181,2026-08-17T09:59:19.710557+00:00,19,0,True,True
613312182,2026-08-17T09:59:19.710557+00:00,5,0,True,True
613312183,2026-08-17T09:59:19.710557+00:00,10,0,True,True
613312184,2026-08-17T09:59:19.710557+00:00,0,0,True,True
613312185,2026-08-17T09:59:19.710557+00:00,1,0,True,True
613312186,2026-08-17T09:59:19.710557+00:00,0,0,True,True
613312187,2026-08-17T09:59:19.710557+00:00,1,0,True,True
613312188,2026-08-17T09:59:19.710557+00:00,0,0,True,True
613312189,2026-08-17T09:59:19.710557+00:00,1,0,True,True
613312190,2026-08-17T09:59:19.710557+00:00,0,0,True,True
613312191,2026-08-17T09:59:19.710557+00:00,5,0,True,True
613312192,2026-08-17T09:59:19.710557+00:00,0,0,True,True
613312193,2026-08-17T09:59:19.710557+00:00,2,0,True,True
613312194,2026-08-17T09:59:19.710557+00:00,1,0,True,True
613312195,2026-08-17T09:59:19.710557+00:00,3,0,True,True
613312196,2026-08-17T09:59:19.710557+00:00,5,0,True,True
613312197,2026-08-17T09:59:19.710557+00:00,2,0,True,True
613312198,2026-08-17T09:59:19.710557+00:00,8,0,True,True
613312199,2026-08-17T09:59:19.710557+00:00,3,0,True,True
613312200,2026-08-17T09:59:19.710557+00:00,7,0,True,True
613312201,2026-08-17T09:59:19.710557+00:00,0,0,True,True
613312202,2026-08-17T09:59:19.710557+00:00,10,0,True,True
613312203,2026-08-17T09:59:19.710557+00:00,2,0,True,True
613312204,2026-08-17T09:59:19.710557+00:00,2,0,True,True
613312205,2026-08-17T09:59:19.710557+00:00,7,0,True,True
613312206,2026-08-17T09:59:19.710557+00:00,3,0,True,True
613312207,2026-08-17T09:59:19.710557+00:00,4,0,True,True
613312208,2026-08-17T09:59:19.710557+00:00,10,0,True,True
613312209,2026-08-17T09:59:19.710557+00:00,0,0,True,True
613312210,2026-08-17T09:59:19.710557+00:00,1,0,True,True
613312211,2026-08-17T09:59:19.710557+00:00,3,0,True,True
613312212,2026-08-17T09:59:19.710557+00:00,4,0,True,True
613312213,2026-08-17T09:59:19.710557+00:00,4,0,True,True
613312214,2026-08-17T09:59:19.710557+00:00,4,0,True,True
613312215,2026-08-17T09:59:19.710557+00:00,6,0,True,True
613312216,2026-08-17T09:59:19.710557+00:00,5,0,True,True
613312217,2026-08-17T09:59:19.710557+00:00,1,0,True,True
613312218,2026-08-17T09:59:19.710557+00:00,6,0,True,True
613312219,2026-08-17T09:59:19.710557+00:00,2,0,True,True
613312220,2026-08-17T09:59:19.710557+00:00,2,0,True,True
613312221,2026-08-17T09:59:19.710557+00:00,10,0,True,True
613312222,2026-08-17T09:59:19.710557+00:00,9,0,True,True
613312223,2026-08-17T09:59:19.710557+00:00,2,0,True,True
613312224,2026-08-17T09:59:19.710557+00:00,5,0,True,True
613312225,2026-08-17T09:59:19.710557+00:00,10,0,True,True
613312226,2026-08-17T09:59:19.710557+00:00,5,0,True,True
613312227,2026-08-17T09:59:19.710557+00:00,5,0,True,True
613312228,2026-08-17T09:59:19.710557+00:00,4,0,True,True
613312229,2026-08-17T09:59:19.710557+00:00,9,0,True,True
613312230,2026-08-17T09:59:19.710557+00:00,1,0,True,True
613312231,2026-08-17T09:59:19.710557+00:00,5,0,True,True
613312233,2026-08-17T09:59:19.710557+00:00,1,0,True,True
613312234,2026-08-17T09:59:19.710557+00:00,3,0,True,True
613312236,2026-08-17T09:59:19.710557+00:00,6,0,True,True
613312237,2026-08-17T09:59:19.710557+00:00,11,0,True,True
613312238,2026-08-17T09:59:19.710557+00:00,0,0,True,True
613312239,2026-08-17T09:59:19.710557+00:00,1,0,True,True
613312240,2026-08-17T09:59:19.710557+00:00,2,0,True,True
613312241,2026-08-17T09:59:19.710557+00:00,4,0,True,True
613312242,2026-08-17T09:59:19.710557+00:00,4,0,True,True
613312243,2026-08-17T09:59:19.710557+00:00,2,0,True,True
613312244,2026-08-17T09:59:19.710557+00:00,7,0,True,True
613312245,2026-08-17T09:59:19.710557+00:00,1,0,True,True
613312246,2026-08-17T09:59:19.710557+00:00,4,0,True,True
613312247,2026-08-17T09:59:19.710557+00:00,5,0,True,True
613312248,2026-08-17T09:59:19.710557+00:00,5,0,True,True
613312249,2026-08-17T09:59:19.710557+00:00,2,0,True,True
613312250,2026-08-17T09:59:19.710557+00:00,10,0,True,True
613312251,2026-08-17T09:59:19.710557+00:00,7,0,True,True
613312252,2026-08-17T09:59:19.710557+00:00,4,0,True,True
613312253,2026-08-17T09:59:19.710557+00:00,2,0,True,True
613312254,2026-08-17T09:59:19.710557+00:00,7,0,True,True
613312255,2026-08-17T09:59:19.710557+00:00,2,0,True,True
613312256,2026-08-17T09:59:19.710557+00:00,10,0,True,True
613312257,2026-08-17T09:59:19.710557+00:00,6,0,True,True
613312258,2026-08-17T09:59:19.710557+00:00,4,0,True,True
613312259,2026-08-17T09:59:19.710557+00:00,7,0,True,True
613312260,2026-08-17T09:59:19.710557+00:00,0,0,True,True
613312261,2026-08-17T09:59:19.710557+00:00,0,0,True,True
613312262,2026-08-17T09:59:19.710557+00:00,0,0,True,True
613312263,2026-08-17T09:59:19.710557+00:00,3,0,True,True
613312264,2026-08-17T09:59:19.710557+00:00,4,0,True,True
613312265,2026-08-17T09:59:19.710557+00:00,6,0,True,True
613312266,2026-08-17T09:59:19.710557+00:00,6,0,True,True
613312267,2026-08-17T09:59:19.710557+00:00,5,0,True,True
613312268,2026-08-17T09:59:19.710557+00:00,8,0,True,True
613312269,2026-08-17T09:59:19.710557+00:00,12,0,True,True
613312270,2026-08-17T09:59:19.710557+00:00,11,0,True,True
613312271,2026-08-17T09:59:19.710557+00:00,0,0,True,True
613312272,2026-08-17T09:59:19.710557+00:00,7,0,True,True
613312273,2026-08-17T09:59:19.710557+00:00,9,0,True,True
613312274,2026-08-17T09:59:19.710557+00:00,9,0,True,True
613312275,2026-08-17T09:59:19.710557+00:00,16,0,True,True
613312276,2026-08-17T09:59:19.710557+00:00,0,0,True,True
613312277,2026-08-17T09:59:19.710557+00:00,1,0,True,True
613312278,2026-08-17T09:59:19.710557+00:00,3,0,True,True
613312279,2026-08-17T09:59:19.710557+00:00,12,0,True,True
613312281,2026-08-17T09:59:19.710557+00:00,1,0,True,True
613312282,2026-08-17T09:59:19.710557+00:00,2,0,True,True
613312283,2026-08-17T09:59:19.710557+00:00,3,0,True,True
613312284,2026-08-17T09:59:19.710557+00:00,8,0,True,True
613312285,2026-08-17T09:59:19.710557+00:00,3,0,True,True
613312286,2026-08-17T09:59:19.710557+00:00,1,0,True,True
613312287,2026-08-17T09:59:19.710557+00:00,5,0,True,True
613312288,2026-08-17T09:59:19.710557+00:00,5,0,True,True
613312289,2026-08-17T09:59:19.710557+00:00,8,0,True,True
613312290,2026-08-17T09:59:19.710557+00:00,9,0,True,True
613312291,2026-08-17T09:59:19.710557+00:00,3,0,True,True
613312292,2026-08-17T09:59:19.710557+00:00,2,0,True,True
613312293,2026-08-17T09:59:19.710557+00:00,11,0,True,True
613312294,2026-08-17T09:59:19.710557+00:00,11,0,True,True
613312295,2026-08-17T09:59:19.710557+00:00,16,0,True,True
613312296,2026-08-17T09:59:19.710557+00:00,6,0,True,True
613312297,2026-08-17T09:59:19.710557+00:00,4,0,True,True
613312298,2026-08-17T09:59:19.710557+00:00,4,0,True,True
613312299,2026-08-17T09:59:19.710557+00:00,6,0,True,True
613312300,2026-08-17T09:59:19.710557+00:00,15,0,True,True
613312301,2026-08-17T09:59:19.710557+00:00,9,0,True,True
613312302,2026-08-17T09:59:19.710557+00:00,4,0,True,True
613312303,2026-08-17T09:59:19.710557+00:00,9,0,True,True
613312304,2026-08-17T09:59:19.710557+00:00,9,0,True,True
613312305,2026-08-17T09:59:19.710557+00:00,21,0,True,True
613312306,2026-08-17T09:59:19.710557+00:00,12,0,True,True
613312307,2026-08-17T09:59:19.710557+00:00,8,0,True,True
613312308,2026-08-17T09:59:19.710557+00:00,5,0,True,True
613312309,2026-08-17T09:59:19.710557+00:00,9,0,True,True
613312310,2026-08-17T09:59:19.710557+00:00,7,0,True,True
613312311,2026-08-17T09:59:19.710557+00:00,15,0,True,True
613312312,2026-08-17T09:59:19.710557+00:00,18,0,True,True
613312313,2026-08-17T09:59:19.710557+00:00,4,0,True,True
613312314,2026-08-17T09:59:19.710557+00:00,9,0,True,True
613312315,2026-08-17T09:59:19.710557+00:00,6,0,True,True
613510037,2026-08-17T09:59:19.710557+00:00,0,0,True,True
624056982,2026-08-17T09:59:19.710557+00:00,5,0,True,True
624057057,2026-08-17T09:59:19.710557+00:00,3,0,True,True
631244273,2026-08-17T09:59:19.710557+00:00,1,0,True,True
631244274,2026-08-17T09:59:19.710557+00:00,2,0,True,True
631244275,2026-08-17T09:59:19.710557+00:00,1,0,True,True
631244276,2026-08-17T09:59:19.710557+00:00,8,0,True,True
631244277,2026-08-17T09:59:19.710557+00:00,2,0,True,True
631244278,2026-08-17T09:59:19.710557+00:00,0,0,True,True
631244280,2026-08-17T09:59:19.710557+00:00,7,0,True,True
631244281,2026-08-17T09:59:19.710557+00:00,6,0,True,True
631244286,2026-08-17T09:59:19.710557+00:00,1,0,True,True
631244287,2026-08-17T09:59:19.710557+00:00,7,0,True,True
631244288,2026-08-17T09:59:19.710557+00:00,8,0,True,True
631244289,2026-08-17T09:59:19.710557+00:00,1,0,True,True
631244290,2026-08-17T09:59:19.710557+00:00,2,0,True,True
631244291,2026-08-17T09:59:19.710557+00:00,2,0,True,True
631244292,2026-08-17T09:59:19.710557+00:00,2,0,True,True
631244293,2026-08-17T09:59:19.710557+00:00,0,0,True,True
631244294,2026-08-17T09:59:19.710557+00:00,3,0,True,True
631244295,2026-08-17T09:59:19.710557+00:00,2,0,True,True
631244297,2026-08-17T09:59:19.710557+00:00,5,0,True,True
631244302,2026-08-17T09:59:19.710557+00:00,7,0,True,True
631244303,2026-08-17T09:59:19.710557+00:00,5,0,True,True
631244304,2026-08-17T09:59:19.710557+00:00,4,0,True,True
631244306,2026-08-17T09:59:19.710557+00:00,2,0,True,True
631244308,2026-08-17T09:59:19.710557+00:00,14,0,True,True
631244309,2026-08-17T09:59:19.710557+00:00,11,0,True,True
631244311,2026-08-17T09:59:19.710557+00:00,6,0,True,True
631244312,2026-08-17T09:59:19.710557+00:00,1,0,True,True
631244313,2026-08-17T09:59:19.710557+00:00,0,0,True,True
631244315,2026-08-17T09:59:19.710557+00:00,5,0,True,True
631244316,2026-08-17T09:59:19.710557+00:00,4,0,True,True
637793642,2026-08-17T09:59:19.710557+00:00,13,0,True,True
637794034,2026-08-17T09:59:19.710557+00:00,3,0,True,True
608535280,2026-08-17T10:42:39.420442+00:00,6,0,True,True
608535281,2026-08-17T10:42:39.420442+00:00,6,0,True,True
608535282,2026-08-17T10:42:39.420442+00:00,6,0,True,True
608535283,2026-08-17T10:42:39.420442+00:00,4,0,True,True
608535284,2026-08-17T10:42:39.420442+00:00,5,0,True,True
608535285,2026-08-17T10:42:39.420442+00:00,2,0,True,True
608535286,2026-08-17T10:42:39.420442+00:00,4,0,True,True
608535287,2026-08-17T10:42:39.420442+00:00,5,0,True,True
608535288,2026-08-17T10:42:39.420442+00:00,3,0,True,True
608535289,2026-08-17T10:42:39.420442+00:00,2,0,True,True
608535290,2026-08-17T10:42:39.420442+00:00,6,0,True,True
608535291,2026-08-17T10:42:39.420442+00:00,8,0,True,True
608535292,2026-08-17T10:42:39.420442+00:00,2,0,True,True
608535293,2026-08-17T10:42:39.420442+00:00,7,0,True,True
608535294,2026-08-17T10:42:39.420442+00:00,5,0,True,True
608535295,2026-08-17T10:42:39.420442+00:00,6,0,True,True
608535296,2026-08-17T10:42:39.420442+00:00,5,0,True,True
608535297,2026-08-17T10:42:39.420442+00:00,7,0,True,True
608535298,2026-08-17T10:42:39.420442+00:00,6,0,True,True
608535299,2026-08-17T10:42:39.420442+00:00,5,0,True,True
608535300,2026-08-17T10:42:39.420442+00:00,7,0,True,True
608535301,2026-08-17T10:42:39.420442+00:00,8,0,True,True
608535302,2026-08-17T10:42:39.420442+00:00,7,0,True,True
608535303,2026-08-17T10:42:39.420442+00:00,5,0,True,True
608535304,2026-08-17T10:42:39.420442+00:00,5,0,True,True
608535305,2026-08-17T10:42:39.420442+00:00,8,0,True,True
608535306,2026-08-17T10:42:39.420442+00:00,2,0,True,True
608535307,2026-08-17T10:42:39.420442+00:00,6,0,True,True
608535308,2026-08-17T10:42:39.420442+00:00,6,0,True,True
608535309,2026-08-17T10:42:39.420442+00:00,3,0,True,True
608535310,2026-08-17T10:42:39.420442+00:00,7,0,True,True
608535311,2026-08-17T10:42:39.420442+00:00,5,0,True,True
608535312,2026-08-17T10:42:39.420442+00:00,3,0,True,True
608535313,2026-08-17T10:42:39.420442+00:00,0,0,True,True
608535314,2026-08-17T10:42:39.420442+00:00,5,0,True,True
608535315,2026-08-17T10:42:39.420442+00:00,9,0,True,True
608535316,2026-08-17T10:42:39.420442+00:00,6,0,True,True
608535317,2026-08-17T10:42:39.420442+00:00,6,0,True,True
608535318,2026-08-17T10:42:39.420442+00:00,10,0,True,True
608535319,2026-08-17T10:42:39.420442+00:00,5,0,True,True
608535320,2026-08-17T10:42:39.420442+00:00,6,0,True,True
608535321,2026-08-17T10:42:39.420442+00:00,3,0,True,True
608535322,2026-08-17T10:42:39.420442+00:00,13,0,True,True
608535323,2026-08-17T10:42:39.420442+00:00,3,0,True,True
608535324,2026-08-17T10:42:39.420442+00:00,3,0,True,True
608535325,2026-08-17T10:42:39.420442+00:00,6,0,True,True
608535326,2026-08-17T10:42:39.420442+00:00,5,0,True,True
608535327,2026-08-17T10:42:39.420442+00:00,9,0,True,True
608535328,2026-08-17T10:42:39.420442+00:00,11,0,True,True
608535329,2026-08-17T10:42:39.420442+00:00,4,0,True,True
608535330,2026-08-17T10:42:39.420442+00:00,6,0,True,True
608535331,2026-08-17T10:42:39.420442+00:00,2,0,True,True
608535332,2026-08-17T10:42:39.420442+00:00,11,0,True,True
608535333,2026-08-17T10:42:39.420442+00:00,5,0,True,True
608535334,2026-08-17T10:42:39.420442+00:00,3,0,True,True
608535335,2026-08-17T10:42:39.420442+00:00,5,0,True,True
608535336,2026-08-17T10:42:39.420442+00:00,7,0,True,True
608535337,2026-08-17T10:42:39.420442+00:00,3,0,True,True
608535338,2026-08-17T10:42:39.420442+00:00,1,0,True,True
608535339,2026-08-17T10:42:39.420442+00:00,6,0,True,True
608535340,2026-08-17T10:42:39.420442+00:00,11,0,True,True
608535341,2026-08-17T10:42:39.420442+00:00,6,0,True,True
608535342,2026-08-17T10:42:39.420442+00:00,1,0,True,True
608535343,2026-08-17T10:42:39.420442+00:00,3,0,True,True
608535344,2026-08-17T10:42:39.420442+00:00,4,0,True,True
608535345,2026-08-17T10:42:39.420442+00:00,8,0,True,True
608535346,2026-08-17T10:42:39.420442+00:00,2,0,True,True
608535256,2026-08-17T10:42:39.420442+00:00,0,0,True,True
608535257,2026-08-17T10:42:39.420442+00:00,5,0,True,True
608535258,2026-08-17T10:42:39.420442+00:00,4,0,True,True
608535259,2026-08-17T10:42:39.420442+00:00,2,0,True,True
608535260,2026-08-17T10:42:39.420442+00:00,12,0,True,True
608535261,2026-08-17T10:42:39.420442+00:00,2,0,True,True
608535262,2026-08-17T10:42:39.420442+00:00,5,0,True,True
608535263,2026-08-17T10:42:39.420442+00:00,1,0,True,True
608535265,2026-08-17T10:42:39.420442+00:00,1,0,True,True
608535266,2026-08-17T10:42:39.420442+00:00,4,0,True,True
608535267,2026-08-17T10:42:39.420442+00:00,4,0,True,True
608535268,2026-08-17T10:42:39.420442+00:00,2,0,True,True
608535270,2026-08-17T10:42:39.420442+00:00,8,0,True,True
608535271,2026-08-17T10:42:39.420442+00:00,1,0,True,True
608535272,2026-08-17T10:42:39.420442+00:00,0,0,True,True
608535273,2026-08-17T10:42:39.420442+00:00,0,0,True,True
608535274,2026-08-17T10:42:39.420442+00:00,5,0,True,True
608535276,2026-08-17T10:42:39.420442+00:00,8,0,True,True
608535277,2026-08-17T10:42:39.420442+00:00,2,0,True,True
608535278,2026-08-17T10:42:39.420442+00:00,10,0,True,True
608535279,2026-08-17T10:42:39.420442+00:00,5,0,True,True
608535378,2026-08-17T10:42:39.420442+00:00,4,0,True,True
608535379,2026-08-17T10:42:39.420442+00:00,7,0,True,True
608535380,2026-08-17T10:42:39.420442+00:00,11,0,True,True
608535381,2026-08-17T10:42:39.420442+00:00,2,0,True,True
608535383,2026-08-17T10:42:39.420442+00:00,7,0,True,True
608535384,2026-08-17T10:42:39.420442+00:00,3,0,True,True
608535385,2026-08-17T10:42:39.420442+00:00,0,0,True,True
608535386,2026-08-17T10:42:39.420442+00:00,14,0,True,True
608535387,2026-08-17T10:42:39.420442+00:00,6,0,True,True
608535388,2026-08-17T10:42:39.420442+00:00,9,0,True,True
608535389,2026-08-17T10:42:39.420442+00:00,0,0,True,True
608535390,2026-08-17T10:42:39.420442+00:00,11,0,True,True
608535391,2026-08-17T10:42:39.420442+00:00,4,0,True,True
608535392,2026-08-17T10:42:39.420442+00:00,7,0,True,True
608535393,2026-08-17T10:42:39.420442+00:00,11,0,True,True
608535394,2026-08-17T10:42:39.420442+00:00,1,0,True,True
608535395,2026-08-17T10:42:39.420442+00:00,12,0,True,True
608535396,2026-08-17T10:42:39.420442+00:00,3,0,True,True
608535440,2026-08-17T10:42:39.420442+00:00,1,0,True,True
608535441,2026-08-17T10:42:39.420442+00:00,0,0,True,True
608535442,2026-08-17T10:42:39.420442+00:00,1,0,True,True
608535443,2026-08-17T10:42:39.420442+00:00,4,0,True,True
608535444,2026-08-17T10:42:39.420442+00:00,13,0,True,True
608535445,2026-08-17T10:42:39.420442+00:00,28,0,True,True
608535446,2026-08-17T10:42:39.420442+00:00,0,0,True,True
608535447,2026-08-17T10:42:39.420442+00:00,2,0,True,True
608535461,2026-08-17T10:42:39.420442+00:00,5,0,True,True
608535462,2026-08-17T10:42:39.420442+00:00,0,0,True,True
608535463,2026-08-17T10:42:39.420442+00:00,6,0,True,True
608535464,2026-08-17T10:42:39.420442+00:00,5,0,True,True
608535491,2026-08-17T10:42:39.420442+00:00,1,0,True,True
608535492,2026-08-17T10:42:39.420442+00:00,1,0,True,True
608535493,2026-08-17T10:42:39.420442+00:00,9,0,True,True
608535494,2026-08-17T10:42:39.420442+00:00,3,0,True,True
608535495,2026-08-17T10:42:39.420442+00:00,2,0,True,True
608535496,2026-08-17T10:42:39.420442+00:00,6,0,True,True
608535497,2026-08-17T10:42:39.420442+00:00,6,0,True,True
608535498,2026-08-17T10:42:39.420442+00:00,12,0,True,True
608535499,2026-08-17T10:42:39.420442+00:00,3,0,True,True
608535500,2026-08-17T10:42:39.420442+00:00,4,0,True,True
608535501,2026-08-17T10:42:39.420442+00:00,0,0,True,True
608535502,2026-08-17T10:42:39.420442+00:00,3,0,True,True
608535503,2026-08-17T10:42:39.420442+00:00,4,0,True,True
608535504,2026-08-17T10:42:39.420442+00:00,4,0,True,True
608535505,2026-08-17T10:42:39.420442+00:00,0,0,True,True
637793366,2026-08-17T10:42:39.420442+00:00,0,0,True,True
608535516,2026-08-17T10:42:39.420442+00:00,3,0,True,True
608535517,2026-08-17T10:42:39.420442+00:00,1,0,True,True
608535518,2026-08-17T10:42:39.420442+00:00,2,0,True,True
608535519,2026-08-17T10:42:39.420442+00:00,3,0,True,True
608535520,2026-08-17T10:42:39.420442+00:00,8,0,True,True
608535521,2026-08-17T10:42:39.420442+00:00,7,0,True,True
608535522,2026-08-17T10:42:39.420442+00:00,10,0,True,True
608535523,2026-08-17T10:42:39.420442+00:00,6,0,True,True
608535524,2026-08-17T10:42:39.420442+00:00,5,0,True,True
608535525,2026-08-17T10:42:39.420442+00:00,3,0,True,True
608535526,2026-08-17T10:42:39.420442+00:00,1,0,True,True
608535527,2026-08-17T10:42:39.420442+00:00,6,0,True,True
608535528,2026-08-17T10:42:39.420442+00:00,10,0,True,True
608535529,2026-08-17T10:42:39.420442+00:00,7,0,True,True
608535530,2026-08-17T10:42:39.420442+00:00,3,0,True,True
608535531,2026-08-17T10:42:39.420442+00:00,4,0,True,True
608535532,2026-08-17T10:42:39.420442+00:00,6,0,True,True
608535533,2026-08-17T10:42:39.420442+00:00,4,0,True,True
608535534,2026-08-17T10:42:39.420442+00:00,3,0,True,True
608535537,2026-08-17T10:42:39.420442+00:00,5,0,True,True
608535398,2026-08-17T10:42:39.420442+00:00,6,0,True,True
608535399,2026-08-17T10:42:39.420442+00:00,1,0,True,True
608535400,2026-08-17T10:42:39.420442+00:00,6,0,True,True
608535402,2026-08-17T10:42:39.420442+00:00,6,0,True,True
608535403,2026-08-17T10:42:39.420442+00:00,4,0,True,True
608535404,2026-08-17T10:42:39.420442+00:00,5,0,True,True
608535405,2026-08-17T10:42:39.420442+00:00,4,0,True,True
608535406,2026-08-17T10:42:39.420442+00:00,6,0,True,True
608535407,2026-08-17T10:42:39.420442+00:00,7,0,True,True
608535408,2026-08-17T10:42:39.420442+00:00,5,0,True,True
608535409,2026-08-17T10:42:39.420442+00:00,6,0,True,True
608535410,2026-08-17T10:42:39.420442+00:00,6,0,True,True
608535411,2026-08-17T10:42:39.420442+00:00,5,0,True,True
608535412,2026-08-17T10:42:39.420442+00:00,8,0,True,True
608535413,2026-08-17T10:42:39.420442+00:00,4,0,True,True
608535414,2026-08-17T10:42:39.420442+00:00,7,0,True,True
608535415,2026-08-17T10:42:39.420442+00:00,2,0,True,True
608535416,2026-08-17T10:42:39.420442+00:00,8,0,True,True
608535417,2026-08-17T10:42:39.420442+00:00,11,0,True,True
608535418,2026-08-17T10:42:39.420442+00:00,12,0,True,True
608535419,2026-08-17T10:42:39.420442+00:00,9,0,True,True
608535420,2026-08-17T10:42:39.420442+00:00,11,0,True,True
608535421,2026-08-17T10:42:39.420442+00:00,8,0,True,True
608535422,2026-08-17T10:42:39.420442+00:00,6,0,True,True
608535423,2026-08-17T10:42:39.420442+00:00,7,0,True,True
608535424,2026-08-17T10:42:39.420442+00:00,6,0,True,True
608535425,2026-08-17T10:42:39.420442+00:00,2,0,True,True
608535426,2026-08-17T10:42:39.420442+00:00,3,0,True,True
608535427,2026-08-17T10:42:39.420442+00:00,3,0,True,True
608535428,2026-08-17T10:42:39.420442+00:00,8,0,True,True
608535429,2026-08-17T10:42:39.420442+00:00,3,0,True,True
608535430,2026-08-17T10:42:39.420442+00:00,5,0,True,True
608535431,2026-08-17T10:42:39.420442+00:00,3,0,True,True
608535438,2026-08-17T10:42:39.420442+00:00,1,0,True,True
608535439,2026-08-17T10:42:39.420442+00:00,6,0,True,True
608535432,2026-08-17T10:42:39.420442+00:00,4,0,True,True
608535433,2026-08-17T10:42:39.420442+00:00,3,0,True,True
608535434,2026-08-17T10:42:39.420442+00:00,1,0,True,True
608535435,2026-08-17T10:42:39.420442+00:00,0,0,True,True
608535436,2026-08-17T10:42:39.420442+00:00,3,0,True,True
608535437,2026-08-17T10:42:39.420442+00:00,6,0,True,True
608535448,2026-08-17T10:42:39.420442+00:00,3,0,True,True
608535449,2026-08-17T10:42:39.420442+00:00,6,0,True,True
608535450,2026-08-17T10:42:39.420442+00:00,3,0,True,True
608535451,2026-08-17T10:42:39.420442+00:00,4,0,True,True
608535483,2026-08-17T10:42:39.420442+00:00,0,0,True,True
608535484,2026-08-17T10:42:39.420442+00:00,3,0,True,True
608535485,2026-08-17T10:42:39.420442+00:00,7,0,True,True
608535486,2026-08-17T10:42:39.420442+00:00,0,0,True,True
608535487,2026-08-17T10:42:39.420442+00:00,12,0,True,True
608535488,2026-08-17T10:42:39.420442+00:00,6,0,True,True
608535489,2026-08-17T10:42:39.420442+00:00,3,0,True,True
608535490,2026-08-17T10:42:39.420442+00:00,14,0,True,True
608535452,2026-08-17T10:42:39.420442+00:00,5,0,True,True
608535453,2026-08-17T10:42:39.420442+00:00,2,0,True,True
608535454,2026-08-17T10:42:39.420442+00:00,4,0,True,True
608535455,2026-08-17T10:42:39.420442+00:00,4,0,True,True
608535456,2026-08-17T10:42:39.420442+00:00,4,0,True,True
608535457,2026-08-17T10:42:39.420442+00:00,6,0,True,True
608535458,2026-08-17T10:42:39.420442+00:00,17,0,True,True
608535459,2026-08-17T10:42:39.420442+00:00,6,0,True,True
608535460,2026-08-17T10:42:39.420442+00:00,9,0,True,True
608535465,2026-08-17T10:42:39.420442+00:00,1,0,True,True
608535466,2026-08-17T10:42:39.420442+00:00,2,0,True,True
608535467,2026-08-17T10:42:39.420442+00:00,2,0,True,True
608535468,2026-08-17T10:42:39.420442+00:00,6,0,True,True
608535469,2026-08-17T10:42:39.420442+00:00,11,0,True,True
608535470,2026-08-17T10:42:39.420442+00:00,1,0,True,True
608535471,2026-08-17T10:42:39.420442+00:00,3,0,True,True
608535473,2026-08-17T10:42:39.420442+00:00,6,0,True,True
608535474,2026-08-17T10:42:39.420442+00:00,5,0,True,True
608535475,2026-08-17T10:42:39.420442+00:00,1,0,True,True
608535476,2026-08-17T10:42:39.420442+00:00,10,0,True,True
608535477,2026-08-17T10:42:39.420442+00:00,3,0,True,True
608535478,2026-08-17T10:42:39.420442+00:00,1,0,True,True
608535479,2026-08-17T10:42:39.420442+00:00,2,0,True,True
608535480,2026-08-17T10:42:39.420442+00:00,0,0,True,True
608535481,2026-08-17T10:42:39.420442+00:00,4,0,True,True
608535482,2026-08-17T10:42:39.420442+00:00,3,0,True,True
608535507,2026-08-17T10:42:39.420442+00:00,1,0,True,True
608535508,2026-08-17T10:42:39.420442+00:00,4,0,True,True
608535509,2026-08-17T10:42:39.420442+00:00,4,0,True,True
608535510,2026-08-17T10:42:39.420442+00:00,2,0,True,True
608535511,2026-08-17T10:42:39.420442+00:00,1,0,True,True
608535512,2026-08-17T10:42:39.420442+00:00,4,0,True,True
608535513,2026-08-17T10:42:39.420442+00:00,5,0,True,True
608535514,2026-08-17T10:42:39.420442+00:00,4,0,True,True
608535515,2026-08-17T10:42:39.420442+00:00,8,0,True,True
608535347,2026-08-17T10:42:39.420442+00:00,1,0,True,True
608535348,2026-08-17T10:42:39.420442+00:00,6,0,True,True
608535349,2026-08-17T10:42:39.420442+00:00,8,0,True,True
608535350,2026-08-17T10:42:39.420442+00:00,9,0,True,True
608535351,2026-08-17T10:42:39.420442+00:00,2,0,True,True
608535352,2026-08-17T10:42:39.420442+00:00,1,0,True,True
608535353,2026-08-17T10:42:39.420442+00:00,4,0,True,True
608535354,2026-08-17T10:42:39.420442+00:00,8,0,True,True
608535538,2026-08-17T10:42:39.420442+00:00,10,0,True,True
608535539,2026-08-17T10:42:39.420442+00:00,8,0,True,True
608535540,2026-08-17T10:42:39.420442+00:00,5,0,True,True
608535355,2026-08-17T10:42:39.420442+00:00,6,0,True,True
608535356,2026-08-17T10:42:39.420442+00:00,5,0,True,True
608535357,2026-08-17T10:42:39.420442+00:00,5,0,True,True
608535358,2026-08-17T10:42:39.420442+00:00,6,0,True,True
608535359,2026-08-17T10:42:39.420442+00:00,2,0,True,True
608535360,2026-08-17T10:42:39.420442+00:00,3,0,True,True
608535361,2026-08-17T10:42:39.420442+00:00,3,0,True,True
608535362,2026-08-17T10:42:39.420442+00:00,1,0,True,True
608535363,2026-08-17T10:42:39.420442+00:00,1,0,True,True
608535364,2026-08-17T10:42:39.420442+00:00,5,0,True,True
608535365,2026-08-17T10:42:39.420442+00:00,2,0,True,True
608535366,2026-08-17T10:42:39.420442+00:00,2,0,True,True
608535367,2026-08-17T10:42:39.420442+00:00,5,0,True,True
608535368,2026-08-17T10:42:39.420442+00:00,2,0,True,True
608535369,2026-08-17T10:42:39.420442+00:00,1,0,True,True
608535370,2026-08-17T10:42:39.420442+00:00,2,0,True,True
608535371,2026-08-17T10:42:39.420442+00:00,3,0,True,True
608535372,2026-08-17T10:42:39.420442+00:00,8,0,True,True
608535373,2026-08-17T10:42:39.420442+00:00,6,0,True,True
608535375,2026-08-17T10:42:39.420442+00:00,2,0,True,True
608535376,2026-08-17T10:42:39.420442+00:00,11,0,True,True
606857330,2026-08-17T10:42:39.420442+00:00,6,0,True,True
608534898,2026-08-17T10:42:39.420442+00:00,4,0,True,True
608534899,2026-08-17T10:42:39.420442+00:00,2,0,True,True
608534900,2026-08-17T10:42:39.420442+00:00,10,0,True,True
608534901,2026-08-17T10:42:39.420442+00:00,0,0,True,True
608534902,2026-08-17T10:42:39.420442+00:00,17,0,True,True
608534903,2026-08-17T10:42:39.420442+00:00,11,0,True,True
608534904,2026-08-17T10:42:39.420442+00:00,7,0,True,True
608534905,2026-08-17T10:42:39.420442+00:00,0,0,True,True
608534906,2026-08-17T10:42:39.420442+00:00,1,5,True,True
608534907,2026-08-17T10:42:39.420442+00:00,20,0,True,True
608534908,2026-08-17T10:42:39.420442+00:00,2,0,True,True
608534909,2026-08-17T10:42:39.420442+00:00,16,0,True,True
608534910,2026-08-17T10:42:39.420442+00:00,3,0,True,True
608534912,2026-08-17T10:42:39.420442+00:00,0,0,True,True
608534913,2026-08-17T10:42:39.420442+00:00,1,0,True,True
608534914,2026-08-17T10:42:39.420442+00:00,0,0,True,True
608534915,2026-08-17T10:42:39.420442+00:00,12,0,True,True
608534916,2026-08-17T10:42:39.420442+00:00,5,0,True,True
608534917,2026-08-17T10:42:39.420442+00:00,4,0,True,True
608534918,2026-08-17T10:42:39.420442+00:00,7,0,True,True
608534919,2026-08-17T10:42:39.420442+00:00,0,0,True,True
608534920,2026-08-17T10:42:39.420442+00:00,24,0,True,True
608534921,2026-08-17T10:42:39.420442+00:00,12,0,True,True
608534922,2026-08-17T10:42:39.420442+00:00,5,0,True,True
608534923,2026-08-17T10:42:39.420442+00:00,5,0,True,True
608534924,2026-08-17T10:42:39.420442+00:00,7,0,True,True
608534925,2026-08-17T10:42:39.420442+00:00,6,0,True,True
608534926,2026-08-17T10:42:39.420442+00:00,2,0,True,True
608534927,2026-08-17T10:42:39.420442+00:00,0,0,True,True
608534928,2026-08-17T10:42:39.420442+00:00,6,0,True,True
608534930,2026-08-17T10:42:39.420442+00:00,9,0,True,True
608534931,2026-08-17T10:42:39.420442+00:00,0,0,True,True
608534932,2026-08-17T10:42:39.420442+00:00,0,0,True,True
608534933,2026-08-17T10:42:39.420442+00:00,2,0,True,True
608534934,2026-08-17T10:42:39.420442+00:00,6,0,False,False
608534936,2026-08-17T10:42:39.420442+00:00,1,0,True,True
608534937,2026-08-17T10:42:39.420442+00:00,1,0,True,True
608534939,2026-08-17T10:42:39.420442+00:00,11,0,True,True
608534940,2026-08-17T10:42:39.420442+00:00,1,0,True,True
608534942,2026-08-17T10:42:39.420442+00:00,10,0,True,True
608534943,2026-08-17T10:42:39.420442+00:00,6,0,True,True
608534944,2026-08-17T10:42:39.420442+00:00,2,0,True,True
608534945,2026-08-17T10:42:39.420442+00:00,8,0,True,True
608534946,2026-08-17T10:42:39.420442+00:00,8,0,True,True
608534947,2026-08-17T10:42:39.420442+00:00,16,0,True,True
608534948,2026-08-17T10:42:39.420442+00:00,3,0,True,True
608534950,2026-08-17T10:42:39.420442+00:00,14,0,True,True
608534952,2026-08-17T10:42:39.420442+00:00,1,0,True,True
608534953,2026-08-17T10:42:39.420442+00:00,9,0,True,True
608534954,2026-08-17T10:42:39.420442+00:00,2,0,True,True
608534955,2026-08-17T10:42:39.420442+00:00,10,0,True,True
608534956,2026-08-17T10:42:39.420442+00:00,22,0,True,True
608534957,2026-08-17T10:42:39.420442+00:00,4,0,True,True
608534958,2026-08-17T10:42:39.420442+00:00,2,0,True,True
608534959,2026-08-17T10:42:39.420442+00:00,6,2,True,True
608534960,2026-08-17T10:42:39.420442+00:00,2,0,True,True
608534961,2026-08-17T10:42:39.420442+00:00,2,0,True,True
608534962,2026-08-17T10:42:39.420442+00:00,5,0,True,True
608534963,2026-08-17T10:42:39.420442+00:00,14,0,True,True
608534964,2026-08-17T10:42:39.420442+00:00,5,0,True,True
608534965,2026-08-17T10:42:39.420442+00:00,0,0,True,True
608534967,2026-08-17T10:42:39.420442+00:00,2,0,True,True
608534968,2026-08-17T10:42:39.420442+00:00,14,0,True,True
608534969,2026-08-17T10:42:39.420442+00:00,0,0,True,True
608534970,2026-08-17T10:42:39.420442+00:00,0,0,True,True
608534971,2026-08-17T10:42:39.420442+00:00,3,0,True,True
608534973,2026-08-17T10:42:39.420442+00:00,0,0,True,True
608534974,2026-08-17T10:42:39.420442+00:00,11,0,True,True
608534975,2026-08-17T10:42:39.420442+00:00,1,0,True,True
608534977,2026-08-17T10:42:39.420442+00:00,0,0,True,True
608534978,2026-08-17T10:42:39.420442+00:00,3,0,True,True
608534979,2026-08-17T10:42:39.420442+00:00,1,0,True,True
608534980,2026-08-17T10:42:39.420442+00:00,1,0,True,True
608534981,2026-08-17T10:42:39.420442+00:00,0,0,True,True
608534982,2026-08-17T10:42:39.420442+00:00,0,0,True,True
608534983,2026-08-17T10:42:39.420442+00:00,0,0,True,True
608534984,2026-08-17T10:42:39.420442+00:00,0,0,True,True
608534985,2026-08-17T10:42:39.420442+00:00,1,0,True,True
608534986,2026-08-17T10:42:39.420442+00:00,2,0,True,True
608534987,2026-08-17T10:42:39.420442+00:00,2,0,True,True
608534988,2026-08-17T10:42:39.420442+00:00,0,0,True,True
608534990,2026-08-17T10:42:39.420442+00:00,3,0,True,True
608534991,2026-08-17T10:42:39.420442+00:00,1,0,True,True
608534992,2026-08-17T10:42:39.420442+00:00,2,0,True,True
608534993,2026-08-17T10:42:39.420442+00:00,0,0,True,True
608534994,2026-08-17T10:42:39.420442+00:00,0,0,True,True
608534995,2026-08-17T10:42:39.420442+00:00,11,0,True,True
608534996,2026-08-17T10:42:39.420442+00:00,1,0,True,True
608534998,2026-08-17T10:42:39.420442+00:00,0,0,True,True
608534999,2026-08-17T10:42:39.420442+00:00,2,0,True,True
608535000,2026-08-17T10:42:39.420442+00:00,1,0,True,True
608535001,2026-08-17T10:42:39.420442+00:00,3,0,True,True
608535002,2026-08-17T10:42:39.420442+00:00,0,0,True,True
608535003,2026-08-17T10:42:39.420442+00:00,0,0,True,True
608535004,2026-08-17T10:42:39.420442+00:00,0,0,True,True
608535005,2026-08-17T10:42:39.420442+00:00,10,0,True,True
608535006,2026-08-17T10:42:39.420442+00:00,1,0,True,True
608535007,2026-08-17T10:42:39.420442+00:00,0,0,True,True
608535008,2026-08-17T10:42:39.420442+00:00,2,0,True,True
608535009,2026-08-17T10:42:39.420442+00:00,1,0,True,True
608535010,2026-08-17T10:42:39.420442+00:00,1,0,True,True
608535011,2026-08-17T10:42:39.420442+00:00,0,0,True,True
608535012,2026-08-17T10:42:39.420442+00:00,1,0,True,True
608535013,2026-08-17T10:42:39.420442+00:00,1,0,True,True
608535014,2026-08-17T10:42:39.420442+00:00,4,0,True,True
608535015,2026-08-17T10:42:39.420442+00:00,1,0,True,True
608535016,2026-08-17T10:42:39.420442+00:00,3,0,True,True
608535017,2026-08-17T10:42:39.420442+00:00,9,0,True,True
608535018,2026-08-17T10:42:39.420442+00:00,7,0,True,True
608535019,2026-08-17T10:42:39.420442+00:00,2,0,True,True
608535020,2026-08-17T10:42:39.420442+00:00,2,0,True,True
608535021,2026-08-17T10:42:39.420442+00:00,3,0,True,True
608535022,2026-08-17T10:42:39.420442+00:00,3,0,True,True
608535023,2026-08-17T10:42:39.420442+00:00,3,0,True,True
608535024,2026-08-17T10:42:39.420442+00:00,3,0,True,True
608535025,2026-08-17T10:42:39.420442+00:00,0,0,True,True
608535026,2026-08-17T10:42:39.420442+00:00,2,0,True,True
608535027,2026-08-17T10:42:39.420442+00:00,7,0,True,True
608535028,2026-08-17T10:42:39.420442+00:00,7,0,True,True
608535029,2026-08-17T10:42:39.420442+00:00,6,0,True,True
608535030,2026-08-17T10:42:39.420442+00:00,0,0,True,True
608535031,2026-08-17T10:42:39.420442+00:00,12,0,True,True
608535032,2026-08-17T10:42:39.420442+00:00,4,0,True,True
608535033,2026-08-17T10:42:39.420442+00:00,8,0,True,True
608535034,2026-08-17T10:42:39.420442+00:00,4,0,True,True
608535036,2026-08-17T10:42:39.420442+00:00,7,0,True,True
608535037,2026-08-17T10:42:39.420442+00:00,8,0,True,True
608535038,2026-08-17T10:42:39.420442+00:00,3,0,True,True
608535039,2026-08-17T10:42:39.420442+00:00,7,0,True,True
608535040,2026-08-17T10:42:39.420442+00:00,1,0,True,True
608535041,2026-08-17T10:42:39.420442+00:00,8,0,True,True
608535042,2026-08-17T10:42:39.420442+00:00,9,0,True,True
608535043,2026-08-17T10:42:39.420442+00:00,7,0,True,True
608535044,2026-08-17T10:42:39.420442+00:00,4,0,True,True
608535045,2026-08-17T10:42:39.420442+00:00,8,0,True,True
608535046,2026-08-17T10:42:39.420442+00:00,5,0,True,True
608535047,2026-08-17T10:42:39.420442+00:00,5,0,True,True
608535048,2026-08-17T10:42:39.420442+00:00,17,0,True,True
608535049,2026-08-17T10:42:39.420442+00:00,9,0,True,True
608535050,2026-08-17T10:42:39.420442+00:00,12,0,True,True
608535051,2026-08-17T10:42:39.420442+00:00,13,0,True,True
608535052,2026-08-17T10:42:39.420442+00:00,5,0,True,True
608535053,2026-08-17T10:42:39.420442+00:00,4,0,True,True
608535054,2026-08-17T10:42:39.420442+00:00,4,0,True,True
608535055,2026-08-17T10:42:39.420442+00:00,6,0,True,True
608535057,2026-08-17T10:42:39.420442+00:00,12,0,True,True
608535058,2026-08-17T10:42:39.420442+00:00,10,0,True,True
608535059,2026-08-17T10:42:39.420442+00:00,17,0,True,True
608535060,2026-08-17T10:42:39.420442+00:00,13,0,True,True
608535061,2026-08-17T10:42:39.420442+00:00,4,0,True,True
608535062,2026-08-17T10:42:39.420442+00:00,7,0,True,True
608535063,2026-08-17T10:42:39.420442+00:00,7,0,True,True
608535064,2026-08-17T10:42:39.420442+00:00,6,0,True,True
608535065,2026-08-17T10:42:39.420442+00:00,5,0,True,True
608535066,2026-08-17T10:42:39.420442+00:00,12,0,True,True
608535067,2026-08-17T10:42:39.420442+00:00,21,0,True,True
608535068,2026-08-17T10:42:39.420442+00:00,3,0,True,True
608535069,2026-08-17T10:42:39.420442+00:00,6,0,True,True
608535070,2026-08-17T10:42:39.420442+00:00,5,0,True,True
608535071,2026-08-17T10:42:39.420442+00:00,4,0,True,True
608535072,2026-08-17T10:42:39.420442+00:00,2,0,True,True
608535073,2026-08-17T10:42:39.420442+00:00,1,0,True,True
608535074,2026-08-17T10:42:39.420442+00:00,8,0,True,True
608535075,2026-08-17T10:42:39.420442+00:00,9,0,True,True
608535077,2026-08-17T10:42:39.420442+00:00,3,0,True,True
608535078,2026-08-17T10:42:39.420442+00:00,5,0,True,True
608535079,2026-08-17T10:42:39.420442+00:00,3,0,True,True
608535080,2026-08-17T10:42:39.420442+00:00,4,0,True,True
608535081,2026-08-17T10:42:39.420442+00:00,14,0,True,True
608535082,2026-08-17T10:42:39.420442+00:00,5,0,True,True
608535083,2026-08-17T10:42:39.420442+00:00,4,0,True,True
608535084,2026-08-17T10:42:39.420442+00:00,4,0,True,True
608535085,2026-08-17T10:42:39.420442+00:00,5,0,True,True
608535086,2026-08-17T10:42:39.420442+00:00,5,0,True,True
608535087,2026-08-17T10:42:39.420442+00:00,2,0,True,True
608535088,2026-08-17T10:42:39.420442+00:00,2,0,True,True
608535089,2026-08-17T10:42:39.420442+00:00,0,0,True,True
608535090,2026-08-17T10:42:39.420442+00:00,3,0,True,True
608535091,2026-08-17T10:42:39.420442+00:00,0,0,True,True
608535092,2026-08-17T10:42:39.420442+00:00,5,0,True,True
608535093,2026-08-17T10:42:39.420442+00:00,2,0,True,True
608535094,2026-08-17T10:42:39.420442+00:00,11,0,True,True
608535095,2026-08-17T10:42:39.420442+00:00,4,0,True,True
608535096,2026-08-17T10:42:39.420442+00:00,4,0,True,True
608535097,2026-08-17T10:42:39.420442+00:00,4,0,True,True
608535098,2026-08-17T10:42:39.420442+00:00,8,0,True,True
608535099,2026-08-17T10:42:39.420442+00:00,14,0,True,True
608535100,2026-08-17T10:42:39.420442+00:00,7,0,True,True
608535101,2026-08-17T10:42:39.420442+00:00,6,0,True,True
608535102,2026-08-17T10:42:39.420442+00:00,0,0,True,True
608535103,2026-08-17T10:42:39.420442+00:00,11,0,True,True
608535104,2026-08-17T10:42:39.420442+00:00,2,0,True,True
608535105,2026-08-17T10:42:39.420442+00:00,9,0,True,True
608535106,2026-08-17T10:42:39.420442+00:00,2,0,True,True
608535107,2026-08-17T10:42:39.420442+00:00,4,0,True,True
608535108,2026-08-17T10:42:39.420442+00:00,8,0,True,True
608535109,2026-08-17T10:42:39.420442+00:00,8,0,True,True
608535110,2026-08-17T10:42:39.420442+00:00,10,0,True,True
608535111,2026-08-17T10:42:39.420442+00:00,1,0,True,True
608535112,2026-08-17T10:42:39.420442+00:00,2,0,True,True
608535113,2026-08-17T10:42:39.420442+00:00,4,0,True,True
608535114,2026-08-17T10:42:39.420442+00:00,1,0,True,True
608535116,2026-08-17T10:42:39.420442+00:00,3,0,True,True
608535117,2026-08-17T10:42:39.420442+00:00,10,0,True,True
608535118,2026-08-17T10:42:39.420442+00:00,4,0,True,True
608535119,2026-08-17T10:42:39.420442+00:00,0,0,True,True
608535120,2026-08-17T10:42:39.420442+00:00,7,0,True,True
608535121,2026-08-17T10:42:39.420442+00:00,0,0,True,True
608535122,2026-08-17T10:42:39.420442+00:00,4,0,True,True
608535123,2026-08-17T10:42:39.420442+00:00,1,0,True,True
608535124,2026-08-17T10:42:39.420442+00:00,10,0,True,True
608535125,2026-08-17T10:42:39.420442+00:00,0,0,True,True
608535126,2026-08-17T10:42:39.420442+00:00,9,0,True,True
608535127,2026-08-17T10:42:39.420442+00:00,2,0,True,True
608535128,2026-08-17T10:42:39.420442+00:00,1,0,True,True
608535129,2026-08-17T10:42:39.420442+00:00,4,0,True,True
608535130,2026-08-17T10:42:39.420442+00:00,1,0,True,True
608535131,2026-08-17T10:42:39.420442+00:00,7,0,True,True
608535132,2026-08-17T10:42:39.420442+00:00,0,0,True,True
608535133,2026-08-17T10:42:39.420442+00:00,6,0,True,True
608535134,2026-08-17T10:42:39.420442+00:00,1,0,True,True
608535135,2026-08-17T10:42:39.420442+00:00,6,0,True,True
608535136,2026-08-17T10:42:39.420442+00:00,0,0,True,True
608535137,2026-08-17T10:42:39.420442+00:00,0,0,True,True
608535138,2026-08-17T10:42:39.420442+00:00,4,0,True,True
608535139,2026-08-17T10:42:39.420442+00:00,3,0,True,True
608535140,2026-08-17T10:42:39.420442+00:00,3,0,True,True
608535141,2026-08-17T10:42:39.420442+00:00,6,0,True,True
608535142,2026-08-17T10:42:39.420442+00:00,9,0,True,True
608535143,2026-08-17T10:42:39.420442+00:00,2,0,True,True
608535144,2026-08-17T10:42:39.420442+00:00,9,0,True,True
608535145,2026-08-17T10:42:39.420442+00:00,5,0,True,True
608535146,2026-08-17T10:42:39.420442+00:00,2,0,True,True
608535147,2026-08-17T10:42:39.420442+00:00,6,0,True,True
608535148,2026-08-17T10:42:39.420442+00:00,3,0,True,True
608535149,2026-08-17T10:42:39.420442+00:00,3,0,True,True
608535150,2026-08-17T10:42:39.420442+00:00,11,0,True,True
608535151,2026-08-17T10:42:39.420442+00:00,0,0,True,True
608535152,2026-08-17T10:42:39.420442+00:00,3,0,True,True
608535153,2026-08-17T10:42:39.420442+00:00,2,0,True,True
608535154,2026-08-17T10:42:39.420442+00:00,0,0,True,True
608535155,2026-08-17T10:42:39.420442+00:00,1,0,True,True
608535156,2026-08-17T10:42:39.420442+00:00,2,0,True,True
608535157,2026-08-17T10:42:39.420442+00:00,3,0,True,True
608535158,2026-08-17T10:42:39.420442+00:00,0,0,True,True
608535159,2026-08-17T10:42:39.420442+00:00,0,0,True,True
608535160,2026-08-17T10:42:39.420442+00:00,0,0,True,True
608535162,2026-08-17T10:42:39.420442+00:00,2,0,True,True
608535163,2026-08-17T10:42:39.420442+00:00,3,0,True,True
608535164,2026-08-17T10:42:39.420442+00:00,2,0,True,True
608535165,2026-08-17T10:42:39.420442+00:00,2,0,True,True
608535166,2026-08-17T10:42:39.420442+00:00,3,0,True,True
608535167,2026-08-17T10:42:39.420442+00:00,3,0,True,True
608535168,2026-08-17T10:42:39.420442+00:00,5,0,True,True
608535169,2026-08-17T10:42:39.420442+00:00,9,0,True,True
608535170,2026-08-17T10:42:39.420442+00:00,4,0,True,True
608535171,2026-08-17T10:42:39.420442+00:00,3,0,True,True
608535172,2026-08-17T10:42:39.420442+00:00,6,0,True,True
608535173,2026-08-17T10:42:39.420442+00:00,9,0,True,True
608535174,2026-08-17T10:42:39.420442+00:00,0,0,True,True
608535175,2026-08-17T10:42:39.420442+00:00,0,0,True,True
608535176,2026-08-17T10:42:39.420442+00:00,1,0,True,True
608535178,2026-08-17T10:42:39.420442+00:00,9,0,True,True
608535179,2026-08-17T10:42:39.420442+00:00,7,0,True,True
608535180,2026-08-17T10:42:39.420442+00:00,1,0,True,True
608535181,2026-08-17T10:42:39.420442+00:00,3,0,True,True
608535182,2026-08-17T10:42:39.420442+00:00,3,0,True,True
608535183,2026-08-17T10:42:39.420442+00:00,2,0,True,True
608535184,2026-08-17T10:42:39.420442+00:00,0,0,True,True
608535185,2026-08-17T10:42:39.420442+00:00,5,0,True,True
608535186,2026-08-17T10:42:39.420442+00:00,9,0,True,True
608535187,2026-08-17T10:42:39.420442+00:00,0,0,True,True
608535188,2026-08-17T10:42:39.420442+00:00,9,0,True,True
608535189,2026-08-17T10:42:39.420442+00:00,0,0,True,True
608535190,2026-08-17T10:42:39.420442+00:00,6,0,True,True
608535192,2026-08-17T10:42:39.420442+00:00,13,0,True,True
608535193,2026-08-17T10:42:39.420442+00:00,8,0,True,True
608535194,2026-08-17T10:42:39.420442+00:00,1,0,True,True
608535195,2026-08-17T10:42:39.420442+00:00,2,0,True,True
608535196,2026-08-17T10:42:39.420442+00:00,4,0,True,True
608535197,2026-08-17T10:42:39.420442+00:00,0,0,True,True
608535198,2026-08-17T10:42:39.420442+00:00,0,0,True,True
608535199,2026-08-17T10:42:39.420442+00:00,7,0,True,True
608535200,2026-08-17T10:42:39.420442+00:00,3,0,True,True
608535201,2026-08-17T10:42:39.420442+00:00,2,0,True,True
608535202,2026-08-17T10:42:39.420442+00:00,0,0,True,True
608535203,2026-08-17T10:42:39.420442+00:00,9,0,True,True
608535204,2026-08-17T10:42:39.420442+00:00,3,0,True,True
608535205,2026-08-17T10:42:39.420442+00:00,8,0,True,True
608535206,2026-08-17T10:42:39.420442+00:00,6,0,True,True
608535207,2026-08-17T10:42:39.420442+00:00,4,0,True,True
608535208,2026-08-17T10:42:39.420442+00:00,6,0,True,True
608535209,2026-08-17T10:42:39.420442+00:00,0,0,True,True
608535210,2026-08-17T10:42:39.420442+00:00,11,0,True,True
608535211,2026-08-17T10:42:39.420442+00:00,3,0,True,True
608535212,2026-08-17T10:42:39.420442+00:00,3,0,True,True
608535213,2026-08-17T10:42:39.420442+00:00,12,0,True,True
608535214,2026-08-17T10:42:39.420442+00:00,3,0,True,True
608535215,2026-08-17T10:42:39.420442+00:00,2,0,True,True
608535216,2026-08-17T10:42:39.420442+00:00,9,0,True,True
608535217,2026-08-17T10:42:39.420442+00:00,7,0,True,True
608535218,2026-08-17T10:42:39.420442+00:00,8,0,True,True
608535219,2026-08-17T10:42:39.420442+00:00,0,0,True,True
608535220,2026-08-17T10:42:39.420442+00:00,3,0,True,True
608535221,2026-08-17T10:42:39.420442+00:00,2,0,True,True
608535222,2026-08-17T10:42:39.420442+00:00,5,0,True,True
608535223,2026-08-17T10:42:39.420442+00:00,10,0,True,True
608535224,2026-08-17T10:42:39.420442+00:00,3,0,True,True
608535225,2026-08-17T10:42:39.420442+00:00,4,0,True,True
608535226,2026-08-17T10:42:39.420442+00:00,0,0,True,True
608535227,2026-08-17T10:42:39.420442+00:00,0,0,True,True
608535228,2026-08-17T10:42:39.420442+00:00,10,0,True,True
608535229,2026-08-17T10:42:39.420442+00:00,12,0,True,True
608535230,2026-08-17T10:42:39.420442+00:00,2,0,True,True
608535231,2026-08-17T10:42:39.420442+00:00,3,0,True,True
608535232,2026-08-17T10:42:39.420442+00:00,2,0,True,True
608535234,2026-08-17T10:42:39.420442+00:00,13,0,True,True
608535235,2026-08-17T10:42:39.420442+00:00,9,0,True,True
608535236,2026-08-17T10:42:39.420442+00:00,5,0,True,True
608535237,2026-08-17T10:42:39.420442+00:00,6,0,True,True
608535238,2026-08-17T10:42:39.420442+00:00,4,0,True,True
608535239,2026-08-17T10:42:39.420442+00:00,5,0,True,True
608535240,2026-08-17T10:42:39.420442+00:00,3,0,True,True
608535241,2026-08-17T10:42:39.420442+00:00,2,0,True,True
608535242,2026-08-17T10:42:39.420442+00:00,11,0,True,True
608535243,2026-08-17T10:42:39.420442+00:00,7,0,True,True
608535244,2026-08-17T10:42:39.420442+00:00,0,0,True,True
608535245,2026-08-17T10:42:39.420442+00:00,11,0,True,True
608535246,2026-08-17T10:42:39.420442+00:00,5,0,True,True
608535247,2026-08-17T10:42:39.420442+00:00,7,0,True,True
608535248,2026-08-17T10:42:39.420442+00:00,5,0,True,True
608535249,2026-08-17T10:42:39.420442+00:00,6,0,True,True
608535250,2026-08-17T10:42:39.420442+00:00,4,0,True,True
608535251,2026-08-17T10:42:39.420442+00:00,8,0,True,True
608535252,2026-08-17T10:42:39.420442+00:00,4,0,True,True
608535254,2026-08-17T10:42:39.420442+00:00,3,0,True,True
608535255,2026-08-17T10:42:39.420442+00:00,3,0,True,True
613312171,2026-08-17T10:42:39.420442+00:00,12,0,True,True
613312172,2026-08-17T10:42:39.420442+00:00,0,0,True,True
613312173,2026-08-17T10:42:39.420442+00:00,9,0,True,True
613312174,2026-08-17T10:42:39.420442+00:00,0,0,True,True
613312175,2026-08-17T10:42:39.420442+00:00,5,0,True,True
613312176,2026-08-17T10:42:39.420442+00:00,12,0,True,True
613312177,2026-08-17T10:42:39.420442+00:00,0,0,True,True
613312179,2026-08-17T10:42:39.420442+00:00,11,0,True,True
613312180,2026-08-17T10:42:39.420442+00:00,2,0,True,True
613312181,2026-08-17T10:42:39.420442+00:00,20,0,True,True
613312182,2026-08-17T10:42:39.420442+00:00,6,0,True,True
613312183,2026-08-17T10:42:39.420442+00:00,11,0,True,True
613312184,2026-08-17T10:42:39.420442+00:00,1,0,True,True
613312185,2026-08-17T10:42:39.420442+00:00,1,0,True,True
613312186,2026-08-17T10:42:39.420442+00:00,0,0,True,True
613312187,2026-08-17T10:42:39.420442+00:00,1,0,True,True
613312188,2026-08-17T10:42:39.420442+00:00,0,0,True,True
613312189,2026-08-17T10:42:39.420442+00:00,1,0,True,True
613312190,2026-08-17T10:42:39.420442+00:00,0,0,True,True
613312191,2026-08-17T10:42:39.420442+00:00,5,0,True,True
613312192,2026-08-17T10:42:39.420442+00:00,0,0,True,True
613312193,2026-08-17T10:42:39.420442+00:00,0,0,True,True
613312194,2026-08-17T10:42:39.420442+00:00,1,0,True,True
613312195,2026-08-17T10:42:39.420442+00:00,3,0,True,True
613312196,2026-08-17T10:42:39.420442+00:00,5,0,True,True
613312197,2026-08-17T10:42:39.420442+00:00,2,0,True,True
613312198,2026-08-17T10:42:39.420442+00:00,8,0,True,True
613312199,2026-08-17T10:42:39.420442+00:00,4,0,True,True
613312200,2026-08-17T10:42:39.420442+00:00,7,0,True,True
613312201,2026-08-17T10:42:39.420442+00:00,0,0,True,True
613312202,2026-08-17T10:42:39.420442+00:00,10,0,True,True
613312203,2026-08-17T10:42:39.420442+00:00,2,0,True,True
613312204,2026-08-17T10:42:39.420442+00:00,2,0,True,True
613312205,2026-08-17T10:42:39.420442+00:00,7,0,True,True
613312206,2026-08-17T10:42:39.420442+00:00,3,0,True,True
613312207,2026-08-17T10:42:39.420442+00:00,4,0,True,True
613312208,2026-08-17T10:42:39.420442+00:00,10,0,True,True
613312209,2026-08-17T10:42:39.420442+00:00,0,0,True,True
613312210,2026-08-17T10:42:39.420442+00:00,1,0,True,True
613312211,2026-08-17T10:42:39.420442+00:00,3,0,True,True
613312212,2026-08-17T10:42:39.420442+00:00,4,0,True,True
613312213,2026-08-17T10:42:39.420442+00:00,4,0,True,True
613312214,2026-08-17T10:42:39.420442+00:00,4,0,True,True
613312215,2026-08-17T10:42:39.420442+00:00,6,0,True,True
613312216,2026-08-17T10:42:39.420442+00:00,5,0,True,True
613312217,2026-08-17T10:42:39.420442+00:00,1,0,True,True
613312218,2026-08-17T10:42:39.420442+00:00,6,0,True,True
613312219,2026-08-17T10:42:39.420442+00:00,2,0,True,True
613312220,2026-08-17T10:42:39.420442+00:00,2,0,True,True
613312221,2026-08-17T10:42:39.420442+00:00,10,0,True,True
613312222,2026-08-17T10:42:39.420442+00:00,9,0,True,True
613312223,2026-08-17T10:42:39.420442+00:00,4,0,True,True
613312224,2026-08-17T10:42:39.420442+00:00,6,0,True,True
613312225,2026-08-17T10:42:39.420442+00:00,10,0,True,True
613312226,2026-08-17T10:42:39.420442+00:00,6,0,True,True
613312227,2026-08-17T10:42:39.420442+00:00,5,0,True,True
613312228,2026-08-17T10:42:39.420442+00:00,4,0,True,True
613312229,2026-08-17T10:42:39.420442+00:00,9,0,True,True
613312230,2026-08-17T10:42:39.420442+00:00,1,0,True,True
613312231,2026-08-17T10:42:39.420442+00:00,5,0,True,True
613312233,2026-08-17T10:42:39.420442+00:00,1,0,True,True
613312234,2026-08-17T10:42:39.420442+00:00,3,0,True,True
613312236,2026-08-17T10:42:39.420442+00:00,6,0,True,True
613312237,2026-08-17T10:42:39.420442+00:00,12,0,True,True
613312238,2026-08-17T10:42:39.420442+00:00,2,0,True,True
613312239,2026-08-17T10:42:39.420442+00:00,1,0,True,True
613312240,2026-08-17T10:42:39.420442+00:00,2,0,True,True
613312241,2026-08-17T10:42:39.420442+00:00,3,0,True,True
613312242,2026-08-17T10:42:39.420442+00:00,4,0,True,True
613312243,2026-08-17T10:42:39.420442+00:00,2,0,True,True
613312244,2026-08-17T10:42:39.420442+00:00,8,0,True,True
613312245,2026-08-17T10:42:39.420442+00:00,1,0,True,True
613312246,2026-08-17T10:42:39.420442+00:00,4,0,True,True
613312247,2026-08-17T10:42:39.420442+00:00,3,0,True,True
613312248,2026-08-17T10:42:39.420442+00:00,5,0,True,True
613312249,2026-08-17T10:42:39.420442+00:00,2,0,True,True
613312250,2026-08-17T10:42:39.420442+00:00,10,0,True,True
613312251,2026-08-17T10:42:39.420442+00:00,7,0,True,True
613312252,2026-08-17T10:42:39.420442+00:00,4,0,True,True
613312253,2026-08-17T10:42:39.420442+00:00,2,0,True,True
613312254,2026-08-17T10:42:39.420442+00:00,7,0,True,True
613312255,2026-08-17T10:42:39.420442+00:00,2,0,True,True
613312256,2026-08-17T10:42:39.420442+00:00,10,0,True,True
613312257,2026-08-17T10:42:39.420442+00:00,6,0,True,True
613312258,2026-08-17T10:42:39.420442+00:00,4,0,True,True
613312259,2026-08-17T10:42:39.420442+00:00,7,0,True,True
613312260,2026-08-17T10:42:39.420442+00:00,0,0,True,True
613312261,2026-08-17T10:42:39.420442+00:00,0,0,True,True
613312262,2026-08-17T10:42:39.420442+00:00,0,0,True,True
613312263,2026-08-17T10:42:39.420442+00:00,3,0,True,True
613312264,2026-08-17T10:42:39.420442+00:00,3,0,True,True
613312265,2026-08-17T10:42:39.420442+00:00,8,0,True,True
613312266,2026-08-17T10:42:39.420442+00:00,4,0,True,True
613312267,2026-08-17T10:42:39.420442+00:00,5,0,True,True
613312268,2026-08-17T10:42:39.420442+00:00,8,0,True,True
613312269,2026-08-17T10:42:39.420442+00:00,12,0,True,True
613312270,2026-08-17T10:42:39.420442+00:00,11,0,True,True
613312271,2026-08-17T10:42:39.420442+00:00,0,0,True,True
613312272,2026-08-17T10:42:39.420442+00:00,6,0,True,True
613312273,2026-08-17T10:42:39.420442+00:00,8,0,True,True
613312274,2026-08-17T10:42:39.420442+00:00,9,0,True,True
613312275,2026-08-17T10:42:39.420442+00:00,17,0,True,True
613312276,2026-08-17T10:42:39.420442+00:00,0,0,True,True
613312277,2026-08-17T10:42:39.420442+00:00,1,0,True,True
613312278,2026-08-17T10:42:39.420442+00:00,3,0,True,True
613312279,2026-08-17T10:42:39.420442+00:00,12,0,True,True
613312281,2026-08-17T10:42:39.420442+00:00,0,0,True,True
613312282,2026-08-17T10:42:39.420442+00:00,2,0,True,True
613312283,2026-08-17T10:42:39.420442+00:00,3,0,True,True
613312284,2026-08-17T10:42:39.420442+00:00,8,0,True,True
613312285,2026-08-17T10:42:39.420442+00:00,3,0,True,True
613312286,2026-08-17T10:42:39.420442+00:00,0,0,True,True
613312287,2026-08-17T10:42:39.420442+00:00,5,0,True,True
613312288,2026-08-17T10:42:39.420442+00:00,5,0,True,True
613312289,2026-08-17T10:42:39.420442+00:00,8,0,True,True
613312290,2026-08-17T10:42:39.420442+00:00,9,0,True,True
613312291,2026-08-17T10:42:39.420442+00:00,4,0,True,True
613312292,2026-08-17T10:42:39.420442+00:00,3,0,True,True
613312293,2026-08-17T10:42:39.420442+00:00,11,0,True,True
613312294,2026-08-17T10:42:39.420442+00:00,11,0,True,True
613312295,2026-08-17T10:42:39.420442+00:00,16,0,True,True
613312296,2026-08-17T10:42:39.420442+00:00,6,0,True,True
613312297,2026-08-17T10:42:39.420442+00:00,4,0,True,True
613312298,2026-08-17T10:42:39.420442+00:00,4,0,True,True
613312299,2026-08-17T10:42:39.420442+00:00,6,0,True,True
613312300,2026-08-17T10:42:39.420442+00:00,15,0,True,True
613312301,2026-08-17T10:42:39.420442+00:00,9,0,True,True
613312302,2026-08-17T10:42:39.420442+00:00,4,0,True,True
613312303,2026-08-17T10:42:39.420442+00:00,9,0,True,True
613312304,2026-08-17T10:42:39.420442+00:00,9,0,True,True
613312305,2026-08-17T10:42:39.420442+00:00,21,0,True,True
613312306,2026-08-17T10:42:39.420442+00:00,12,0,True,True
613312307,2026-08-17T10:42:39.420442+00:00,8,0,True,True
613312308,2026-08-17T10:42:39.420442+00:00,5,0,True,True
613312309,2026-08-17T10:42:39.420442+00:00,9,0,True,True
613312310,2026-08-17T10:42:39.420442+00:00,7,0,True,True
613312311,2026-08-17T10:42:39.420442+00:00,15,0,True,True
613312312,2026-08-17T10:42:39.420442+00:00,18,0,True,True
613312313,2026-08-17T10:42:39.420442+00:00,4,0,True,True
613312314,2026-08-17T10:42:39.420442+00:00,9,0,True,True
613312315,2026-08-17T10:42:39.420442+00:00,6,0,True,True
613510037,2026-08-17T10:42:39.420442+00:00,0,0,True,True
624056982,2026-08-17T10:42:39.420442+00:00,5,0,True,True
624057057,2026-08-17T10:42:39.420442+00:00,3,0,True,True
631244273,2026-08-17T10:42:39.420442+00:00,1,0,True,True
631244274,2026-08-17T10:42:39.420442+00:00,2,0,True,True
631244275,2026-08-17T10:42:39.420442+00:00,1,0,True,True
631244276,2026-08-17T10:42:39.420442+00:00,8,0,True,True
631244277,2026-08-17T10:42:39.420442+00:00,2,0,True,True
631244278,2026-08-17T10:42:39.420442+00:00,0,0,True,True
631244280,2026-08-17T10:42:39.420442+00:00,7,0,True,True
631244281,2026-08-17T10:42:39.420442+00:00,6,0,True,True
631244286,2026-08-17T10:42:39.420442+00:00,1,0,True,True
631244287,2026-08-17T10:42:39.420442+00:00,7,0,True,True
631244288,2026-08-17T10:42:39.420442+00:00,8,0,True,True
631244289,2026-08-17T10:42:39.420442+00:00,1,0,True,True
631244290,2026-08-17T10:42:39.420442+00:00,2,0,True,True
631244291,2026-08-17T10:42:39.420442+00:00,3,0,True,True
631244292,2026-08-17T10:42:39.420442+00:00,2,0,True,True
631244293,2026-08-17T10:42:39.420442+00:00,0,0,True,True
631244294,2026-08-17T10:42:39.420442+00:00,3,0,True,True
631244295,2026-08-17T10:42:39.420442+00:00,2,0,True,True
631244297,2026-08-17T10:42:39.420442+00:00,4,0,True,True
631244302,2026-08-17T10:42:39.420442+00:00,7,0,True,True
631244303,2026-08-17T10:42:39.420442+00:00,5,0,True,True
631244304,2026-08-17T10:42:39.420442+00:00,4,0,True,True
631244306,2026-08-17T10:42:39.420442+00:00,2,0,True,True
631244308,2026-08-17T10:42:39.420442+00:00,14,0,True,True
631244309,2026-08-17T10:42:39.420442+00:00,11,0,True,True
631244311,2026-08-17T10:42:39.420442+00:00,6,0,True,True
631244312,2026-08-17T10:42:39.420442+00:00,1,0,True,True
631244313,2026-08-17T10:42:39.420442+00:00,0,0,True,True
631244315,2026-08-17T10:42:39.420442+00:00,5,0,True,True
631244316,2026-08-17T10:42:39.420442+00:00,4,0,True,True
637793642,2026-08-17T10:42:39.420442+00:00,13,0,True,True
637794034,2026-08-17T10:42:39.420442+00:00,3,0,True,True
608535280,2026-08-17T11:10:24.322132+00:00,6,0,True,True
608535281,2026-08-17T11:10:24.322132+00:00,6,0,True,True
608535282,2026-08-17T11:10:24.322132+00:00,6,0,True,True
608535283,2026-08-17T11:10:24.322132+00:00,4,0,True,True
608535284,2026-08-17T11:10:24.322132+00:00,5,0,True,True
608535285,2026-08-17T11:10:24.322132+00:00,2,0,True,True
608535286,2026-08-17T11:10:24.322132+00:00,4,0,True,True
608535287,2026-08-17T11:10:24.322132+00:00,5,0,True,True
608535288,2026-08-17T11:10:24.322132+00:00,3,0,True,True
608535289,2026-08-17T11:10:24.322132+00:00,2,0,True,True
608535290,2026-08-17T11:10:24.322132+00:00,6,0,True,True
608535291,2026-08-17T11:10:24.322132+00:00,8,0,True,True
608535292,2026-08-17T11:10:24.322132+00:00,2,0,True,True
608535293,2026-08-17T11:10:24.322132+00:00,7,0,True,True
608535294,2026-08-17T11:10:24.322132+00:00,5,0,True,True
608535295,2026-08-17T11:10:24.322132+00:00,6,0,True,True
608535296,2026-08-17T11:10:24.322132+00:00,5,0,True,True
608535297,2026-08-17T11:10:24.322132+00:00,7,0,True,True
608535298,2026-08-17T11:10:24.322132+00:00,6,0,True,True
608535299,2026-08-17T11:10:24.322132+00:00,5,0,True,True
608535300,2026-08-17T11:10:24.322132+00:00,7,0,True,True
608535301,2026-08-17T11:10:24.322132+00:00,8,0,True,True
608535302,2026-08-17T11:10:24.322132+00:00,7,0,True,True
608535303,2026-08-17T11:10:24.322132+00:00,5,0,True,True
608535304,2026-08-17T11:10:24.322132+00:00,5,0,True,True
608535305,2026-08-17T11:10:24.322132+00:00,8,0,True,True
608535306,2026-08-17T11:10:24.322132+00:00,2,0,True,True
608535307,2026-08-17T11:10:24.322132+00:00,6,0,True,True
608535308,2026-08-17T11:10:24.322132+00:00,6,0,True,True
608535309,2026-08-17T11:10:24.322132+00:00,3,0,True,True
608535310,2026-08-17T11:10:24.322132+00:00,7,0,True,True
608535311,2026-08-17T11:10:24.322132+00:00,5,0,True,True
608535312,2026-08-17T11:10:24.322132+00:00,3,0,True,True
608535313,2026-08-17T11:10:24.322132+00:00,0,0,True,True
608535314,2026-08-17T11:10:24.322132+00:00,5,0,True,True
608535315,2026-08-17T11:10:24.322132+00:00,9,0,True,True
608535316,2026-08-17T11:10:24.322132+00:00,6,0,True,True
608535317,2026-08-17T11:10:24.322132+00:00,6,0,True,True
608535318,2026-08-17T11:10:24.322132+00:00,10,0,True,True
608535319,2026-08-17T11:10:24.322132+00:00,5,0,True,True
608535320,2026-08-17T11:10:24.322132+00:00,6,0,True,True
608535321,2026-08-17T11:10:24.322132+00:00,3,0,True,True
608535322,2026-08-17T11:10:24.322132+00:00,13,0,True,True
608535323,2026-08-17T11:10:24.322132+00:00,3,0,True,True
608535324,2026-08-17T11:10:24.322132+00:00,3,0,True,True
608535325,2026-08-17T11:10:24.322132+00:00,6,0,True,True
608535326,2026-08-17T11:10:24.322132+00:00,5,0,True,True
608535327,2026-08-17T11:10:24.322132+00:00,9,0,True,True
608535328,2026-08-17T11:10:24.322132+00:00,11,0,True,True
608535329,2026-08-17T11:10:24.322132+00:00,4,0,True,True
608535330,2026-08-17T11:10:24.322132+00:00,6,0,True,True
608535331,2026-08-17T11:10:24.322132+00:00,2,0,True,True
608535332,2026-08-17T11:10:24.322132+00:00,11,0,True,True
608535333,2026-08-17T11:10:24.322132+00:00,5,0,True,True
608535334,2026-08-17T11:10:24.322132+00:00,3,0,True,True
608535335,2026-08-17T11:10:24.322132+00:00,5,0,True,True
608535336,2026-08-17T11:10:24.322132+00:00,7,0,True,True
608535337,2026-08-17T11:10:24.322132+00:00,3,0,True,True
608535338,2026-08-17T11:10:24.322132+00:00,1,0,True,True
608535339,2026-08-17T11:10:24.322132+00:00,6,0,True,True
608535340,2026-08-17T11:10:24.322132+00:00,11,0,True,True
608535341,2026-08-17T11:10:24.322132+00:00,6,0,True,True
608535342,2026-08-17T11:10:24.322132+00:00,1,0,True,True
608535343,2026-08-17T11:10:24.322132+00:00,3,0,True,True
608535344,2026-08-17T11:10:24.322132+00:00,4,0,True,True
608535345,2026-08-17T11:10:24.322132+00:00,8,0,True,True
608535346,2026-08-17T11:10:24.322132+00:00,2,0,True,True
608535256,2026-08-17T11:10:24.322132+00:00,7,0,True,True
608535257,2026-08-17T11:10:24.322132+00:00,5,0,True,True
608535258,2026-08-17T11:10:24.322132+00:00,3,0,True,True
608535259,2026-08-17T11:10:24.322132+00:00,2,0,True,True
608535260,2026-08-17T11:10:24.322132+00:00,14,0,True,True
608535261,2026-08-17T11:10:24.322132+00:00,2,0,True,True
608535262,2026-08-17T11:10:24.322132+00:00,4,0,True,True
608535263,2026-08-17T11:10:24.322132+00:00,1,0,True,True
608535265,2026-08-17T11:10:24.322132+00:00,1,0,True,True
608535266,2026-08-17T11:10:24.322132+00:00,4,0,True,True
608535267,2026-08-17T11:10:24.322132+00:00,4,0,True,True
608535268,2026-08-17T11:10:24.322132+00:00,2,0,True,True
608535270,2026-08-17T11:10:24.322132+00:00,8,0,True,True
608535271,2026-08-17T11:10:24.322132+00:00,1,0,True,True
608535272,2026-08-17T11:10:24.322132+00:00,0,0,True,True
608535273,2026-08-17T11:10:24.322132+00:00,0,0,True,True
608535274,2026-08-17T11:10:24.322132+00:00,5,0,True,True
608535276,2026-08-17T11:10:24.322132+00:00,8,0,True,True
608535277,2026-08-17T11:10:24.322132+00:00,2,0,True,True
608535278,2026-08-17T11:10:24.322132+00:00,10,0,True,True
608535279,2026-08-17T11:10:24.322132+00:00,5,0,True,True
608535378,2026-08-17T11:10:24.322132+00:00,4,0,True,True
608535379,2026-08-17T11:10:24.322132+00:00,7,0,True,True
608535380,2026-08-17T11:10:24.322132+00:00,10,0,True,True
608535381,2026-08-17T11:10:24.322132+00:00,2,0,True,True
608535383,2026-08-17T11:10:24.322132+00:00,7,0,True,True
608535384,2026-08-17T11:10:24.322132+00:00,3,0,True,True
608535385,2026-08-17T11:10:24.322132+00:00,0,0,True,True
608535386,2026-08-17T11:10:24.322132+00:00,14,0,True,True
608535387,2026-08-17T11:10:24.322132+00:00,6,0,True,True
608535388,2026-08-17T11:10:24.322132+00:00,9,0,True,True
608535389,2026-08-17T11:10:24.322132+00:00,0,0,True,True
608535390,2026-08-17T11:10:24.322132+00:00,11,0,True,True
608535391,2026-08-17T11:10:24.322132+00:00,5,0,True,True
608535392,2026-08-17T11:10:24.322132+00:00,7,0,True,True
608535393,2026-08-17T11:10:24.322132+00:00,11,0,True,True
608535394,2026-08-17T11:10:24.322132+00:00,2,0,True,True
608535395,2026-08-17T11:10:24.322132+00:00,12,0,True,True
608535396,2026-08-17T11:10:24.322132+00:00,3,0,True,True
608535440,2026-08-17T11:10:24.322132+00:00,1,0,True,True
608535441,2026-08-17T11:10:24.322132+00:00,0,0,True,True
608535442,2026-08-17T11:10:24.322132+00:00,1,0,True,True
608535443,2026-08-17T11:10:24.322132+00:00,4,0,True,True
608535444,2026-08-17T11:10:24.322132+00:00,13,0,True,True
608535445,2026-08-17T11:10:24.322132+00:00,28,0,True,True
608535446,2026-08-17T11:10:24.322132+00:00,0,0,True,True
608535447,2026-08-17T11:10:24.322132+00:00,2,0,True,True
608535461,2026-08-17T11:10:24.322132+00:00,5,0,True,True
608535462,2026-08-17T11:10:24.322132+00:00,0,0,True,True
608535463,2026-08-17T11:10:24.322132+00:00,6,0,True,True
608535464,2026-08-17T11:10:24.322132+00:00,5,0,True,True
608535491,2026-08-17T11:10:24.322132+00:00,1,0,True,True
608535492,2026-08-17T11:10:24.322132+00:00,1,0,True,True
608535493,2026-08-17T11:10:24.322132+00:00,9,0,True,True
608535494,2026-08-17T11:10:24.322132+00:00,3,0,True,True
608535495,2026-08-17T11:10:24.322132+00:00,2,0,True,True
608535496,2026-08-17T11:10:24.322132+00:00,6,0,True,True
608535497,2026-08-17T11:10:24.322132+00:00,6,0,True,True
608535498,2026-08-17T11:10:24.322132+00:00,12,0,True,True
608535499,2026-08-17T11:10:24.322132+00:00,3,0,True,True
608535500,2026-08-17T11:10:24.322132+00:00,4,0,True,True
608535501,2026-08-17T11:10:24.322132+00:00,0,0,True,True
608535502,2026-08-17T11:10:24.322132+00:00,3,0,True,True
608535503,2026-08-17T11:10:24.322132+00:00,4,0,True,True
608535504,2026-08-17T11:10:24.322132+00:00,4,0,True,True
608535505,2026-08-17T11:10:24.322132+00:00,0,0,True,True
637793366,2026-08-17T11:10:24.322132+00:00,0,0,True,True
608535516,2026-08-17T11:10:24.322132+00:00,3,0,True,True
608535517,2026-08-17T11:10:24.322132+00:00,1,0,True,True
608535518,2026-08-17T11:10:24.322132+00:00,2,0,True,True
608535519,2026-08-17T11:10:24.322132+00:00,3,0,True,True
608535520,2026-08-17T11:10:24.322132+00:00,8,0,True,True
608535521,2026-08-17T11:10:24.322132+00:00,7,0,True,True
608535522,2026-08-17T11:10:24.322132+00:00,10,0,True,True
608535523,2026-08-17T11:10:24.322132+00:00,6,0,True,True
608535524,2026-08-17T11:10:24.322132+00:00,5,0,True,True
608535525,2026-08-17T11:10:24.322132+00:00,3,0,True,True
608535526,2026-08-17T11:10:24.322132+00:00,1,0,True,True
608535527,2026-08-17T11:10:24.322132+00:00,6,0,True,True
608535528,2026-08-17T11:10:24.322132+00:00,10,0,True,True
608535529,2026-08-17T11:10:24.322132+00:00,7,0,True,True
608535530,2026-08-17T11:10:24.322132+00:00,3,0,True,True
608535531,2026-08-17T11:10:24.322132+00:00,4,0,True,True
608535532,2026-08-17T11:10:24.322132+00:00,6,0,True,True
608535533,2026-08-17T11:10:24.322132+00:00,4,0,True,True
608535534,2026-08-17T11:10:24.322132+00:00,3,0,True,True
608535537,2026-08-17T11:10:24.322132+00:00,3,0,True,True
608535398,2026-08-17T11:10:24.322132+00:00,6,0,True,True
608535399,2026-08-17T11:10:24.322132+00:00,1,0,True,True
608535400,2026-08-17T11:10:24.322132+00:00,6,0,True,True
608535402,2026-08-17T11:10:24.322132+00:00,6,0,True,True
608535403,2026-08-17T11:10:24.322132+00:00,4,0,True,True
608535404,2026-08-17T11:10:24.322132+00:00,5,0,True,True
608535405,2026-08-17T11:10:24.322132+00:00,4,0,True,True
608535406,2026-08-17T11:10:24.322132+00:00,6,0,True,True
608535407,2026-08-17T11:10:24.322132+00:00,7,0,True,True
608535408,2026-08-17T11:10:24.322132+00:00,5,0,True,True
608535409,2026-08-17T11:10:24.322132+00:00,6,0,True,True
608535410,2026-08-17T11:10:24.322132+00:00,6,0,True,True
608535411,2026-08-17T11:10:24.322132+00:00,5,0,True,True
608535412,2026-08-17T11:10:24.322132+00:00,8,0,True,True
608535413,2026-08-17T11:10:24.322132+00:00,4,0,True,True
608535414,2026-08-17T11:10:24.322132+00:00,7,0,True,True
608535415,2026-08-17T11:10:24.322132+00:00,2,0,True,True
608535416,2026-08-17T11:10:24.322132+00:00,8,0,True,True
608535417,2026-08-17T11:10:24.322132+00:00,11,0,True,True
608535418,2026-08-17T11:10:24.322132+00:00,12,0,True,True
608535419,2026-08-17T11:10:24.322132+00:00,9,0,True,True
608535420,2026-08-17T11:10:24.322132+00:00,11,0,True,True
608535421,2026-08-17T11:10:24.322132+00:00,8,0,True,True
608535422,2026-08-17T11:10:24.322132+00:00,6,0,True,True
608535423,2026-08-17T11:10:24.322132+00:00,7,0,True,True
608535424,2026-08-17T11:10:24.322132+00:00,6,0,True,True
608535425,2026-08-17T11:10:24.322132+00:00,2,0,True,True
608535426,2026-08-17T11:10:24.322132+00:00,3,0,True,True
608535427,2026-08-17T11:10:24.322132+00:00,3,0,True,True
608535428,2026-08-17T11:10:24.322132+00:00,8,0,True,True
608535429,2026-08-17T11:10:24.322132+00:00,3,0,True,True
608535430,2026-08-17T11:10:24.322132+00:00,5,0,True,True
608535431,2026-08-17T11:10:24.322132+00:00,3,0,True,True
608535438,2026-08-17T11:10:24.322132+00:00,1,0,True,True
608535439,2026-08-17T11:10:24.322132+00:00,6,0,True,True
608535432,2026-08-17T11:10:24.322132+00:00,5,0,True,True
608535433,2026-08-17T11:10:24.322132+00:00,3,0,True,True
608535434,2026-08-17T11:10:24.322132+00:00,1,0,True,True
608535435,2026-08-17T11:10:24.322132+00:00,0,0,True,True
608535436,2026-08-17T11:10:24.322132+00:00,3,0,True,True
608535437,2026-08-17T11:10:24.322132+00:00,6,0,True,True
608535448,2026-08-17T11:10:24.322132+00:00,3,0,True,True
608535449,2026-08-17T11:10:24.322132+00:00,6,0,True,True
608535450,2026-08-17T11:10:24.322132+00:00,3,0,True,True
608535451,2026-08-17T11:10:24.322132+00:00,4,0,True,True
608535483,2026-08-17T11:10:24.322132+00:00,0,0,True,True
608535484,2026-08-17T11:10:24.322132+00:00,3,0,True,True
608535485,2026-08-17T11:10:24.322132+00:00,7,0,True,True
608535486,2026-08-17T11:10:24.322132+00:00,0,0,True,True
608535487,2026-08-17T11:10:24.322132+00:00,12,0,True,True
608535488,2026-08-17T11:10:24.322132+00:00,5,0,True,True
608535489,2026-08-17T11:10:24.322132+00:00,3,0,True,True
608535490,2026-08-17T11:10:24.322132+00:00,14,0,True,True
608535452,2026-08-17T11:10:24.322132+00:00,5,0,True,True
608535453,2026-08-17T11:10:24.322132+00:00,2,0,True,True
608535454,2026-08-17T11:10:24.322132+00:00,4,0,True,True
608535455,2026-08-17T11:10:24.322132+00:00,4,0,True,True
608535456,2026-08-17T11:10:24.322132+00:00,4,0,True,True
608535457,2026-08-17T11:10:24.322132+00:00,6,0,True,True
608535458,2026-08-17T11:10:24.322132+00:00,17,0,True,True
608535459,2026-08-17T11:10:24.322132+00:00,6,0,True,True
608535460,2026-08-17T11:10:24.322132+00:00,9,0,True,True
608535465,2026-08-17T11:10:24.322132+00:00,6,0,True,True
608535466,2026-08-17T11:10:24.322132+00:00,2,0,True,True
608535467,2026-08-17T11:10:24.322132+00:00,2,0,True,True
608535468,2026-08-17T11:10:24.322132+00:00,4,0,True,True
608535469,2026-08-17T11:10:24.322132+00:00,11,0,True,True
608535470,2026-08-17T11:10:24.322132+00:00,1,0,True,True
608535471,2026-08-17T11:10:24.322132+00:00,3,0,True,True
608535473,2026-08-17T11:10:24.322132+00:00,6,0,True,True
608535474,2026-08-17T11:10:24.322132+00:00,5,0,True,True
608535475,2026-08-17T11:10:24.322132+00:00,1,0,True,True
608535476,2026-08-17T11:10:24.322132+00:00,10,0,True,True
608535477,2026-08-17T11:10:24.322132+00:00,3,0,True,True
608535478,2026-08-17T11:10:24.322132+00:00,1,0,True,True
608535479,2026-08-17T11:10:24.322132+00:00,2,0,True,True
608535480,2026-08-17T11:10:24.322132+00:00,0,0,True,True
608535481,2026-08-17T11:10:24.322132+00:00,4,0,True,True
608535482,2026-08-17T11:10:24.322132+00:00,3,0,True,True
608535507,2026-08-17T11:10:24.322132+00:00,1,0,True,True
608535508,2026-08-17T11:10:24.322132+00:00,4,0,True,True
608535509,2026-08-17T11:10:24.322132+00:00,4,0,True,True
608535510,2026-08-17T11:10:24.322132+00:00,2,0,True,True
608535511,2026-08-17T11:10:24.322132+00:00,1,0,True,True
608535512,2026-08-17T11:10:24.322132+00:00,4,0,True,True
608535513,2026-08-17T11:10:24.322132+00:00,5,0,True,True
608535514,2026-08-17T11:10:24.322132+00:00,4,0,True,True
608535515,2026-08-17T11:10:24.322132+00:00,8,0,True,True
608535347,2026-08-17T11:10:24.322132+00:00,2,0,True,True
608535348,2026-08-17T11:10:24.322132+00:00,6,0,True,True
608535349,2026-08-17T11:10:24.322132+00:00,8,0,True,True
608535350,2026-08-17T11:10:24.322132+00:00,9,0,True,True
608535351,2026-08-17T11:10:24.322132+00:00,1,0,True,True
608535352,2026-08-17T11:10:24.322132+00:00,1,0,True,True
608535353,2026-08-17T11:10:24.322132+00:00,4,0,True,True
608535354,2026-08-17T11:10:24.322132+00:00,8,0,True,True
608535538,2026-08-17T11:10:24.322132+00:00,10,0,True,True
608535539,2026-08-17T11:10:24.322132+00:00,8,0,True,True
608535540,2026-08-17T11:10:24.322132+00:00,5,0,True,True
608535355,2026-08-17T11:10:24.322132+00:00,6,0,True,True
608535356,2026-08-17T11:10:24.322132+00:00,5,0,True,True
608535357,2026-08-17T11:10:24.322132+00:00,5,0,True,True
608535358,2026-08-17T11:10:24.322132+00:00,6,0,True,True
608535359,2026-08-17T11:10:24.322132+00:00,2,0,True,True
608535360,2026-08-17T11:10:24.322132+00:00,3,0,True,True
608535361,2026-08-17T11:10:24.322132+00:00,3,0,True,True
608535362,2026-08-17T11:10:24.322132+00:00,1,0,True,True
608535363,2026-08-17T11:10:24.322132+00:00,1,0,True,True
608535364,2026-08-17T11:10:24.322132+00:00,5,0,True,True
608535365,2026-08-17T11:10:24.322132+00:00,2,0,True,True
608535366,2026-08-17T11:10:24.322132+00:00,2,0,True,True
608535367,2026-08-17T11:10:24.322132+00:00,5,0,True,True
608535368,2026-08-17T11:10:24.322132+00:00,2,0,True,True
608535369,2026-08-17T11:10:24.322132+00:00,1,0,True,True
608535370,2026-08-17T11:10:24.322132+00:00,2,0,True,True
608535371,2026-08-17T11:10:24.322132+00:00,3,0,True,True
608535372,2026-08-17T11:10:24.322132+00:00,8,0,True,True
608535373,2026-08-17T11:10:24.322132+00:00,6,0,True,True
608535375,2026-08-17T11:10:24.322132+00:00,5,0,True,True
608535376,2026-08-17T11:10:24.322132+00:00,11,0,True,True
606857330,2026-08-17T11:10:24.322132+00:00,6,0,True,True
608534898,2026-08-17T11:10:24.322132+00:00,5,0,True,True
608534899,2026-08-17T11:10:24.322132+00:00,2,0,True,True
608534900,2026-08-17T11:10:24.322132+00:00,10,0,True,True
608534901,2026-08-17T11:10:24.322132+00:00,0,0,True,True
608534902,2026-08-17T11:10:24.322132+00:00,17,0,True,True
608534903,2026-08-17T11:10:24.322132+00:00,11,0,True,True
608534904,2026-08-17T11:10:24.322132+00:00,7,0,True,True
608534905,2026-08-17T11:10:24.322132+00:00,0,0,True,True
608534906,2026-08-17T11:10:24.322132+00:00,1,5,True,True
608534907,2026-08-17T11:10:24.322132+00:00,20,0,True,True
608534908,2026-08-17T11:10:24.322132+00:00,3,0,True,True
608534909,2026-08-17T11:10:24.322132+00:00,16,0,True,True
608534910,2026-08-17T11:10:24.322132+00:00,3,0,True,True
608534912,2026-08-17T11:10:24.322132+00:00,0,0,True,True
608534913,2026-08-17T11:10:24.322132+00:00,1,0,True,True
608534914,2026-08-17T11:10:24.322132+00:00,0,0,True,True
608534915,2026-08-17T11:10:24.322132+00:00,10,0,True,True
608534916,2026-08-17T11:10:24.322132+00:00,6,0,True,True
608534917,2026-08-17T11:10:24.322132+00:00,4,0,True,True
608534918,2026-08-17T11:10:24.322132+00:00,7,0,True,True
608534919,2026-08-17T11:10:24.322132+00:00,0,0,True,True
608534920,2026-08-17T11:10:24.322132+00:00,25,0,True,True
608534921,2026-08-17T11:10:24.322132+00:00,13,0,True,True
608534922,2026-08-17T11:10:24.322132+00:00,5,0,True,True
608534923,2026-08-17T11:10:24.322132+00:00,6,0,True,True
608534924,2026-08-17T11:10:24.322132+00:00,7,0,True,True
608534925,2026-08-17T11:10:24.322132+00:00,6,0,True,True
608534926,2026-08-17T11:10:24.322132+00:00,2,0,True,True
608534927,2026-08-17T11:10:24.322132+00:00,1,0,True,True
608534928,2026-08-17T11:10:24.322132+00:00,5,0,True,True
608534930,2026-08-17T11:10:24.322132+00:00,9,0,True,True
608534931,2026-08-17T11:10:24.322132+00:00,0,0,True,True
608534932,2026-08-17T11:10:24.322132+00:00,0,0,True,True
608534933,2026-08-17T11:10:24.322132+00:00,2,0,True,True
608534934,2026-08-17T11:10:24.322132+00:00,5,0,False,False
608534936,2026-08-17T11:10:24.322132+00:00,2,0,True,True
608534937,2026-08-17T11:10:24.322132+00:00,1,0,True,True
608534939,2026-08-17T11:10:24.322132+00:00,11,0,True,True
608534940,2026-08-17T11:10:24.322132+00:00,2,0,True,True
608534942,2026-08-17T11:10:24.322132+00:00,10,0,True,True
608534943,2026-08-17T11:10:24.322132+00:00,6,0,True,True
608534944,2026-08-17T11:10:24.322132+00:00,2,0,True,True
608534945,2026-08-17T11:10:24.322132+00:00,8,0,True,True
608534946,2026-08-17T11:10:24.322132+00:00,8,0,True,True
608534947,2026-08-17T11:10:24.322132+00:00,16,0,True,True
608534948,2026-08-17T11:10:24.322132+00:00,3,0,True,True
608534950,2026-08-17T11:10:24.322132+00:00,14,0,True,True
608534952,2026-08-17T11:10:24.322132+00:00,1,0,True,True
608534953,2026-08-17T11:10:24.322132+00:00,9,0,True,True
608534954,2026-08-17T11:10:24.322132+00:00,3,0,True,True
608534955,2026-08-17T11:10:24.322132+00:00,9,0,True,True
608534956,2026-08-17T11:10:24.322132+00:00,21,0,True,True
608534957,2026-08-17T11:10:24.322132+00:00,4,0,True,True
608534958,2026-08-17T11:10:24.322132+00:00,2,0,True,True
608534959,2026-08-17T11:10:24.322132+00:00,6,2,True,True
608534960,2026-08-17T11:10:24.322132+00:00,2,0,True,True
608534961,2026-08-17T11:10:24.322132+00:00,2,0,True,True
608534962,2026-08-17T11:10:24.322132+00:00,4,0,True,True
608534963,2026-08-17T11:10:24.322132+00:00,14,0,True,True
608534964,2026-08-17T11:10:24.322132+00:00,5,0,True,True
608534965,2026-08-17T11:10:24.322132+00:00,0,0,True,True
608534967,2026-08-17T11:10:24.322132+00:00,2,0,True,True
608534968,2026-08-17T11:10:24.322132+00:00,14,0,True,True
608534969,2026-08-17T11:10:24.322132+00:00,0,0,True,True
608534970,2026-08-17T11:10:24.322132+00:00,0,0,True,True
608534971,2026-08-17T11:10:24.322132+00:00,2,0,True,True
608534973,2026-08-17T11:10:24.322132+00:00,0,0,True,True
608534974,2026-08-17T11:10:24.322132+00:00,11,0,True,True
608534975,2026-08-17T11:10:24.322132+00:00,1,0,True,True
608534977,2026-08-17T11:10:24.322132+00:00,0,0,True,True
608534978,2026-08-17T11:10:24.322132+00:00,3,0,True,True
608534979,2026-08-17T11:10:24.322132+00:00,1,0,True,True
608534980,2026-08-17T11:10:24.322132+00:00,1,0,True,True
608534981,2026-08-17T11:10:24.322132+00:00,1,0,True,True
608534982,2026-08-17T11:10:24.322132+00:00,0,0,True,True
608534983,2026-08-17T11:10:24.322132+00:00,1,0,True,True
608534984,2026-08-17T11:10:24.322132+00:00,0,0,True,True
608534985,2026-08-17T11:10:24.322132+00:00,1,0,True,True
608534986,2026-08-17T11:10:24.322132+00:00,2,0,True,True
608534987,2026-08-17T11:10:24.322132+00:00,2,0,True,True
608534988,2026-08-17T11:10:24.322132+00:00,0,0,True,True
608534990,2026-08-17T11:10:24.322132+00:00,3,0,True,True
608534991,2026-08-17T11:10:24.322132+00:00,1,0,True,True
608534992,2026-08-17T11:10:24.322132+00:00,2,0,True,True
608534993,2026-08-17T11:10:24.322132+00:00,0,0,True,True
608534994,2026-08-17T11:10:24.322132+00:00,0,0,True,True
608534995,2026-08-17T11:10:24.322132+00:00,11,0,True,True
608534996,2026-08-17T11:10:24.322132+00:00,1,0,True,True
608534998,2026-08-17T11:10:24.322132+00:00,0,0,True,True
608534999,2026-08-17T11:10:24.322132+00:00,2,0,True,True
608535000,2026-08-17T11:10:24.322132+00:00,1,0,True,True
608535001,2026-08-17T11:10:24.322132+00:00,3,0,True,True
608535002,2026-08-17T11:10:24.322132+00:00,0,0,True,True
608535003,2026-08-17T11:10:24.322132+00:00,0,0,True,True
608535004,2026-08-17T11:10:24.322132+00:00,0,0,True,True
608535005,2026-08-17T11:10:24.322132+00:00,10,0,True,True
608535006,2026-08-17T11:10:24.322132+00:00,1,0,True,True
608535007,2026-08-17T11:10:24.322132+00:00,0,0,True,True
608535008,2026-08-17T11:10:24.322132+00:00,2,0,True,True
608535009,2026-08-17T11:10:24.322132+00:00,1,0,True,True
608535010,2026-08-17T11:10:24.322132+00:00,1,0,True,True
608535011,2026-08-17T11:10:24.322132+00:00,0,0,True,True
608535012,2026-08-17T11:10:24.322132+00:00,1,0,True,True
608535013,2026-08-17T11:10:24.322132+00:00,1,0,True,True
608535014,2026-08-17T11:10:24.322132+00:00,4,0,True,True
608535015,2026-08-17T11:10:24.322132+00:00,1,0,True,True
608535016,2026-08-17T11:10:24.322132+00:00,3,0,True,True
608535017,2026-08-17T11:10:24.322132+00:00,9,0,True,True
608535018,2026-08-17T11:10:24.322132+00:00,7,0,True,True
608535019,2026-08-17T11:10:24.322132+00:00,2,0,True,True
608535020,2026-08-17T11:10:24.322132+00:00,2,0,True,True
608535021,2026-08-17T11:10:24.322132+00:00,2,0,True,True
608535022,2026-08-17T11:10:24.322132+00:00,3,0,True,True
608535023,2026-08-17T11:10:24.322132+00:00,3,0,True,True
608535024,2026-08-17T11:10:24.322132+00:00,3,0,True,True
608535025,2026-08-17T11:10:24.322132+00:00,0,0,True,True
608535026,2026-08-17T11:10:24.322132+00:00,2,0,True,True
608535027,2026-08-17T11:10:24.322132+00:00,7,0,True,True
608535028,2026-08-17T11:10:24.322132+00:00,7,0,True,True
608535029,2026-08-17T11:10:24.322132+00:00,6,0,True,True
608535030,2026-08-17T11:10:24.322132+00:00,0,0,True,True
608535031,2026-08-17T11:10:24.322132+00:00,12,0,True,True
608535032,2026-08-17T11:10:24.322132+00:00,4,0,True,True
608535033,2026-08-17T11:10:24.322132+00:00,8,0,True,True
608535034,2026-08-17T11:10:24.322132+00:00,4,0,True,True
608535036,2026-08-17T11:10:24.322132+00:00,7,0,True,True
608535037,2026-08-17T11:10:24.322132+00:00,8,0,True,True
608535038,2026-08-17T11:10:24.322132+00:00,3,0,True,True
608535039,2026-08-17T11:10:24.322132+00:00,7,0,True,True
608535040,2026-08-17T11:10:24.322132+00:00,1,0,True,True
608535041,2026-08-17T11:10:24.322132+00:00,8,0,True,True
608535042,2026-08-17T11:10:24.322132+00:00,9,0,True,True
608535043,2026-08-17T11:10:24.322132+00:00,7,0,True,True
608535044,2026-08-17T11:10:24.322132+00:00,3,0,True,True
608535045,2026-08-17T11:10:24.322132+00:00,8,0,True,True
608535046,2026-08-17T11:10:24.322132+00:00,5,0,True,True
608535047,2026-08-17T11:10:24.322132+00:00,4,0,True,True
608535048,2026-08-17T11:10:24.322132+00:00,17,0,True,True
608535049,2026-08-17T11:10:24.322132+00:00,9,0,True,True
608535050,2026-08-17T11:10:24.322132+00:00,12,0,True,True
608535051,2026-08-17T11:10:24.322132+00:00,12,0,True,True
608535052,2026-08-17T11:10:24.322132+00:00,7,0,True,True
608535053,2026-08-17T11:10:24.322132+00:00,4,0,True,True
608535054,2026-08-17T11:10:24.322132+00:00,4,0,True,True
608535055,2026-08-17T11:10:24.322132+00:00,6,0,True,True
608535057,2026-08-17T11:10:24.322132+00:00,13,0,True,True
608535058,2026-08-17T11:10:24.322132+00:00,10,0,True,True
608535059,2026-08-17T11:10:24.322132+00:00,17,0,True,True
608535060,2026-08-17T11:10:24.322132+00:00,13,0,True,True
608535061,2026-08-17T11:10:24.322132+00:00,4,0,True,True
608535062,2026-08-17T11:10:24.322132+00:00,8,0,True,True
608535063,2026-08-17T11:10:24.322132+00:00,7,0,True,True
608535064,2026-08-17T11:10:24.322132+00:00,6,0,True,True
608535065,2026-08-17T11:10:24.322132+00:00,5,0,True,True
608535066,2026-08-17T11:10:24.322132+00:00,12,0,True,True
608535067,2026-08-17T11:10:24.322132+00:00,21,0,True,True
608535068,2026-08-17T11:10:24.322132+00:00,3,0,True,True
608535069,2026-08-17T11:10:24.322132+00:00,6,0,True,True
608535070,2026-08-17T11:10:24.322132+00:00,5,0,True,True
608535071,2026-08-17T11:10:24.322132+00:00,4,0,True,True
608535072,2026-08-17T11:10:24.322132+00:00,2,0,True,True
608535073,2026-08-17T11:10:24.322132+00:00,2,0,True,True
608535074,2026-08-17T11:10:24.322132+00:00,8,0,True,True
608535075,2026-08-17T11:10:24.322132+00:00,4,0,True,True
608535077,2026-08-17T11:10:24.322132+00:00,3,0,True,True
608535078,2026-08-17T11:10:24.322132+00:00,5,0,True,True
608535079,2026-08-17T11:10:24.322132+00:00,3,0,True,True
608535080,2026-08-17T11:10:24.322132+00:00,4,0,True,True
608535081,2026-08-17T11:10:24.322132+00:00,14,0,True,True
608535082,2026-08-17T11:10:24.322132+00:00,5,0,True,True
608535083,2026-08-17T11:10:24.322132+00:00,4,0,True,True
608535084,2026-08-17T11:10:24.322132+00:00,4,0,True,True
608535085,2026-08-17T11:10:24.322132+00:00,5,0,True,True
608535086,2026-08-17T11:10:24.322132+00:00,5,0,True,True
608535087,2026-08-17T11:10:24.322132+00:00,2,0,True,True
608535088,2026-08-17T11:10:24.322132+00:00,2,0,True,True
608535089,2026-08-17T11:10:24.322132+00:00,0,0,True,True
608535090,2026-08-17T11:10:24.322132+00:00,3,0,True,True
608535091,2026-08-17T11:10:24.322132+00:00,0,0,True,True
608535092,2026-08-17T11:10:24.322132+00:00,5,0,True,True
608535093,2026-08-17T11:10:24.322132+00:00,2,0,True,True
608535094,2026-08-17T11:10:24.322132+00:00,11,0,True,True
608535095,2026-08-17T11:10:24.322132+00:00,4,0,True,True
608535096,2026-08-17T11:10:24.322132+00:00,4,0,True,True
608535097,2026-08-17T11:10:24.322132+00:00,4,0,True,True
608535098,2026-08-17T11:10:24.322132+00:00,8,0,True,True
608535099,2026-08-17T11:10:24.322132+00:00,14,0,True,True
608535100,2026-08-17T11:10:24.322132+00:00,7,0,True,True
608535101,2026-08-17T11:10:24.322132+00:00,6,0,True,True
608535102,2026-08-17T11:10:24.322132+00:00,0,0,True,True
608535103,2026-08-17T11:10:24.322132+00:00,11,0,True,True
608535104,2026-08-17T11:10:24.322132+00:00,2,0,True,True
608535105,2026-08-17T11:10:24.322132+00:00,9,0,True,True
608535106,2026-08-17T11:10:24.322132+00:00,2,0,True,True
608535107,2026-08-17T11:10:24.322132+00:00,4,0,True,True
608535108,2026-08-17T11:10:24.322132+00:00,8,0,True,True
608535109,2026-08-17T11:10:24.322132+00:00,8,0,True,True
608535110,2026-08-17T11:10:24.322132+00:00,10,0,True,True
608535111,2026-08-17T11:10:24.322132+00:00,1,0,True,True
608535112,2026-08-17T11:10:24.322132+00:00,2,0,True,True
608535113,2026-08-17T11:10:24.322132+00:00,4,0,True,True
608535114,2026-08-17T11:10:24.322132+00:00,1,0,True,True
608535116,2026-08-17T11:10:24.322132+00:00,3,0,True,True
608535117,2026-08-17T11:10:24.322132+00:00,10,0,True,True
608535118,2026-08-17T11:10:24.322132+00:00,4,0,True,True
608535119,2026-08-17T11:10:24.322132+00:00,0,0,True,True
608535120,2026-08-17T11:10:24.322132+00:00,7,0,True,True
608535121,2026-08-17T11:10:24.322132+00:00,0,0,True,True
608535122,2026-08-17T11:10:24.322132+00:00,4,0,True,True
608535123,2026-08-17T11:10:24.322132+00:00,1,0,True,True
608535124,2026-08-17T11:10:24.322132+00:00,10,0,True,True
608535125,2026-08-17T11:10:24.322132+00:00,0,0,True,True
608535126,2026-08-17T11:10:24.322132+00:00,9,0,True,True
608535127,2026-08-17T11:10:24.322132+00:00,2,0,True,True
608535128,2026-08-17T11:10:24.322132+00:00,1,0,True,True
608535129,2026-08-17T11:10:24.322132+00:00,4,0,True,True
608535130,2026-08-17T11:10:24.322132+00:00,3,0,True,True
608535131,2026-08-17T11:10:24.322132+00:00,7,0,True,True
608535132,2026-08-17T11:10:24.322132+00:00,0,0,True,True
608535133,2026-08-17T11:10:24.322132+00:00,6,0,True,True
608535134,2026-08-17T11:10:24.322132+00:00,1,0,True,True
608535135,2026-08-17T11:10:24.322132+00:00,6,0,True,True
608535136,2026-08-17T11:10:24.322132+00:00,0,0,True,True
608535137,2026-08-17T11:10:24.322132+00:00,0,0,True,True
608535138,2026-08-17T11:10:24.322132+00:00,4,0,True,True
608535139,2026-08-17T11:10:24.322132+00:00,3,0,True,True
608535140,2026-08-17T11:10:24.322132+00:00,3,0,True,True
608535141,2026-08-17T11:10:24.322132+00:00,6,0,True,True
608535142,2026-08-17T11:10:24.322132+00:00,9,0,True,True
608535143,2026-08-17T11:10:24.322132+00:00,2,0,True,True
608535144,2026-08-17T11:10:24.322132+00:00,9,0,True,True
608535145,2026-08-17T11:10:24.322132+00:00,5,0,True,True
608535146,2026-08-17T11:10:24.322132+00:00,2,0,True,True
608535147,2026-08-17T11:10:24.322132+00:00,7,0,True,True
608535148,2026-08-17T11:10:24.322132+00:00,3,0,True,True
608535149,2026-08-17T11:10:24.322132+00:00,3,0,True,True
608535150,2026-08-17T11:10:24.322132+00:00,11,0,True,True
608535151,2026-08-17T11:10:24.322132+00:00,0,0,True,True
608535152,2026-08-17T11:10:24.322132+00:00,3,0,True,True
608535153,2026-08-17T11:10:24.322132+00:00,2,0,True,True
608535154,2026-08-17T11:10:24.322132+00:00,0,0,True,True
608535155,2026-08-17T11:10:24.322132+00:00,1,0,True,True
608535156,2026-08-17T11:10:24.322132+00:00,2,0,True,True
608535157,2026-08-17T11:10:24.322132+00:00,3,0,True,True
608535158,2026-08-17T11:10:24.322132+00:00,1,0,True,True
608535159,2026-08-17T11:10:24.322132+00:00,0,0,True,True
608535160,2026-08-17T11:10:24.322132+00:00,0,0,True,True
608535162,2026-08-17T11:10:24.322132+00:00,2,0,True,True
608535163,2026-08-17T11:10:24.322132+00:00,3,0,True,True
608535164,2026-08-17T11:10:24.322132+00:00,2,0,True,True
608535165,2026-08-17T11:10:24.322132+00:00,2,0,True,True
608535166,2026-08-17T11:10:24.322132+00:00,3,0,True,True
608535167,2026-08-17T11:10:24.322132+00:00,3,0,True,True
608535168,2026-08-17T11:10:24.322132+00:00,5,0,True,True
608535169,2026-08-17T11:10:24.322132+00:00,9,0,True,True
608535170,2026-08-17T11:10:24.322132+00:00,4,0,True,True
608535171,2026-08-17T11:10:24.322132+00:00,3,0,True,True
608535172,2026-08-17T11:10:24.322132+00:00,6,0,True,True
608535173,2026-08-17T11:10:24.322132+00:00,9,0,True,True
608535174,2026-08-17T11:10:24.322132+00:00,0,0,True,True
608535175,2026-08-17T11:10:24.322132+00:00,0,0,True,True
608535176,2026-08-17T11:10:24.322132+00:00,1,0,True,True
608535178,2026-08-17T11:10:24.322132+00:00,9,0,True,True
608535179,2026-08-17T11:10:24.322132+00:00,7,0,True,True
608535180,2026-08-17T11:10:24.322132+00:00,1,0,True,True
608535181,2026-08-17T11:10:24.322132+00:00,3,0,True,True
608535182,2026-08-17T11:10:24.322132+00:00,3,0,True,True
608535183,2026-08-17T11:10:24.322132+00:00,2,0,True,True
608535184,2026-08-17T11:10:24.322132+00:00,0,0,True,True
608535185,2026-08-17T11:10:24.322132+00:00,5,0,True,True
608535186,2026-08-17T11:10:24.322132+00:00,9,0,True,True
608535187,2026-08-17T11:10:24.322132+00:00,0,0,True,True
608535188,2026-08-17T11:10:24.322132+00:00,9,0,True,True
608535189,2026-08-17T11:10:24.322132+00:00,0,0,True,True
608535190,2026-08-17T11:10:24.322132+00:00,6,0,True,True
608535192,2026-08-17T11:10:24.322132+00:00,13,0,True,True
608535193,2026-08-17T11:10:24.322132+00:00,8,0,True,True
608535194,2026-08-17T11:10:24.322132+00:00,1,0,True,True
608535195,2026-08-17T11:10:24.322132+00:00,2,0,True,True
608535196,2026-08-17T11:10:24.322132+00:00,4,0,True,True
608535197,2026-08-17T11:10:24.322132+00:00,0,0,True,True
608535198,2026-08-17T11:10:24.322132+00:00,0,0,True,True
608535199,2026-08-17T11:10:24.322132+00:00,7,0,True,True
608535200,2026-08-17T11:10:24.322132+00:00,3,0,True,True
608535201,2026-08-17T11:10:24.322132+00:00,2,0,True,True
608535202,2026-08-17T11:10:24.322132+00:00,0,0,True,True
608535203,2026-08-17T11:10:24.322132+00:00,9,0,True,True
608535204,2026-08-17T11:10:24.322132+00:00,3,0,True,True
608535205,2026-08-17T11:10:24.322132+00:00,8,0,True,True
608535206,2026-08-17T11:10:24.322132+00:00,6,0,True,True
608535207,2026-08-17T11:10:24.322132+00:00,4,0,True,True
608535208,2026-08-17T11:10:24.322132+00:00,6,0,True,True
608535209,2026-08-17T11:10:24.322132+00:00,0,0,True,True
608535210,2026-08-17T11:10:24.322132+00:00,11,0,True,True
608535211,2026-08-17T11:10:24.322132+00:00,3,0,True,True
608535212,2026-08-17T11:10:24.322132+00:00,3,0,True,True
608535213,2026-08-17T11:10:24.322132+00:00,12,0,True,True
608535214,2026-08-17T11:10:24.322132+00:00,3,0,True,True
608535215,2026-08-17T11:10:24.322132+00:00,2,0,True,True
608535216,2026-08-17T11:10:24.322132+00:00,9,0,True,True
608535217,2026-08-17T11:10:24.322132+00:00,6,0,True,True
608535218,2026-08-17T11:10:24.322132+00:00,8,0,True,True
608535219,2026-08-17T11:10:24.322132+00:00,0,0,True,True
608535220,2026-08-17T11:10:24.322132+00:00,3,0,True,True
608535221,2026-08-17T11:10:24.322132+00:00,2,0,True,True
608535222,2026-08-17T11:10:24.322132+00:00,6,0,True,True
608535223,2026-08-17T11:10:24.322132+00:00,10,0,True,True
608535224,2026-08-17T11:10:24.322132+00:00,3,0,True,True
608535225,2026-08-17T11:10:24.322132+00:00,4,0,True,True
608535226,2026-08-17T11:10:24.322132+00:00,0,0,True,True
608535227,2026-08-17T11:10:24.322132+00:00,0,0,True,True
608535228,2026-08-17T11:10:24.322132+00:00,10,0,True,True
608535229,2026-08-17T11:10:24.322132+00:00,12,0,True,True
608535230,2026-08-17T11:10:24.322132+00:00,2,0,True,True
608535231,2026-08-17T11:10:24.322132+00:00,3,0,True,True
608535232,2026-08-17T11:10:24.322132+00:00,2,0,True,True
608535234,2026-08-17T11:10:24.322132+00:00,13,0,True,True
608535235,2026-08-17T11:10:24.322132+00:00,9,0,True,True
608535236,2026-08-17T11:10:24.322132+00:00,5,0,True,True
608535237,2026-08-17T11:10:24.322132+00:00,6,0,True,True
608535238,2026-08-17T11:10:24.322132+00:00,4,0,True,True
608535239,2026-08-17T11:10:24.322132+00:00,5,0,True,True
608535240,2026-08-17T11:10:24.322132+00:00,3,0,True,True
608535241,2026-08-17T11:10:24.322132+00:00,2,0,True,True
608535242,2026-08-17T11:10:24.322132+00:00,11,0,True,True
608535243,2026-08-17T11:10:24.322132+00:00,7,0,True,True
608535244,2026-08-17T11:10:24.322132+00:00,0,0,True,True
608535245,2026-08-17T11:10:24.322132+00:00,11,0,True,True
608535246,2026-08-17T11:10:24.322132+00:00,5,0,True,True
608535247,2026-08-17T11:10:24.322132+00:00,7,0,True,True
608535248,2026-08-17T11:10:24.322132+00:00,5,0,True,True
608535249,2026-08-17T11:10:24.322132+00:00,6,0,True,True
608535250,2026-08-17T11:10:24.322132+00:00,4,0,True,True
608535251,2026-08-17T11:10:24.322132+00:00,8,0,True,True
608535252,2026-08-17T11:10:24.322132+00:00,5,0,True,True
608535254,2026-08-17T11:10:24.322132+00:00,3,0,True,True
608535255,2026-08-17T11:10:24.322132+00:00,3,0,True,True
613312171,2026-08-17T11:10:24.322132+00:00,12,0,True,True
613312172,2026-08-17T11:10:24.322132+00:00,0,0,True,True
613312173,2026-08-17T11:10:24.322132+00:00,9,0,True,True
613312174,2026-08-17T11:10:24.322132+00:00,1,0,True,True
613312175,2026-08-17T11:10:24.322132+00:00,5,0,True,True
613312176,2026-08-17T11:10:24.322132+00:00,12,0,True,True
613312177,2026-08-17T11:10:24.322132+00:00,0,0,True,True
613312179,2026-08-17T11:10:24.322132+00:00,11,0,True,True
613312180,2026-08-17T11:10:24.322132+00:00,4,0,True,True
613312181,2026-08-17T11:10:24.322132+00:00,19,0,True,True
613312182,2026-08-17T11:10:24.322132+00:00,6,0,True,True
613312183,2026-08-17T11:10:24.322132+00:00,11,0,True,True
613312184,2026-08-17T11:10:24.322132+00:00,2,0,True,True
613312185,2026-08-17T11:10:24.322132+00:00,1,0,True,True
613312186,2026-08-17T11:10:24.322132+00:00,0,0,True,True
613312187,2026-08-17T11:10:24.322132+00:00,1,0,True,True
613312188,2026-08-17T11:10:24.322132+00:00,0,0,True,True
613312189,2026-08-17T11:10:24.322132+00:00,1,0,True,True
613312190,2026-08-17T11:10:24.322132+00:00,1,0,True,True
613312191,2026-08-17T11:10:24.322132+00:00,5,0,True,True
613312192,2026-08-17T11:10:24.322132+00:00,0,0,True,True
613312193,2026-08-17T11:10:24.322132+00:00,0,0,True,True
613312194,2026-08-17T11:10:24.322132+00:00,1,0,True,True
613312195,2026-08-17T11:10:24.322132+00:00,3,0,True,True
613312196,2026-08-17T11:10:24.322132+00:00,5,0,True,True
613312197,2026-08-17T11:10:24.322132+00:00,2,0,True,True
613312198,2026-08-17T11:10:24.322132+00:00,8,0,True,True
613312199,2026-08-17T11:10:24.322132+00:00,4,0,True,True
613312200,2026-08-17T11:10:24.322132+00:00,7,0,True,True
613312201,2026-08-17T11:10:24.322132+00:00,0,0,True,True
613312202,2026-08-17T11:10:24.322132+00:00,10,0,True,True
613312203,2026-08-17T11:10:24.322132+00:00,2,0,True,True
613312204,2026-08-17T11:10:24.322132+00:00,2,0,True,True
613312205,2026-08-17T11:10:24.322132+00:00,7,0,True,True
613312206,2026-08-17T11:10:24.322132+00:00,3,0,True,True
613312207,2026-08-17T11:10:24.322132+00:00,4,0,True,True
613312208,2026-08-17T11:10:24.322132+00:00,10,0,True,True
613312209,2026-08-17T11:10:24.322132+00:00,0,0,True,True
613312210,2026-08-17T11:10:24.322132+00:00,0,0,True,True
613312211,2026-08-17T11:10:24.322132+00:00,3,0,True,True
613312212,2026-08-17T11:10:24.322132+00:00,4,0,True,True
613312213,2026-08-17T11:10:24.322132+00:00,3,0,True,True
613312214,2026-08-17T11:10:24.322132+00:00,4,0,True,True
613312215,2026-08-17T11:10:24.322132+00:00,6,0,True,True
613312216,2026-08-17T11:10:24.322132+00:00,5,0,True,True
613312217,2026-08-17T11:10:24.322132+00:00,1,0,True,True
613312218,2026-08-17T11:10:24.322132+00:00,6,0,True,True
613312219,2026-08-17T11:10:24.322132+00:00,2,0,True,True
613312220,2026-08-17T11:10:24.322132+00:00,2,0,True,True
613312221,2026-08-17T11:10:24.322132+00:00,10,0,True,True
613312222,2026-08-17T11:10:24.322132+00:00,9,0,True,True
613312223,2026-08-17T11:10:24.322132+00:00,4,0,True,True
613312224,2026-08-17T11:10:24.322132+00:00,6,0,True,True
613312225,2026-08-17T11:10:24.322132+00:00,10,0,True,True
613312226,2026-08-17T11:10:24.322132+00:00,6,0,True,True
613312227,2026-08-17T11:10:24.322132+00:00,5,0,True,True
613312228,2026-08-17T11:10:24.322132+00:00,4,0,True,True
613312229,2026-08-17T11:10:24.322132+00:00,9,0,True,True
613312230,2026-08-17T11:10:24.322132+00:00,1,0,True,True
613312231,2026-08-17T11:10:24.322132+00:00,5,0,True,True
613312233,2026-08-17T11:10:24.322132+00:00,1,0,True,True
613312234,2026-08-17T11:10:24.322132+00:00,3,0,True,True
613312236,2026-08-17T11:10:24.322132+00:00,6,0,True,True
613312237,2026-08-17T11:10:24.322132+00:00,11,0,True,True
613312238,2026-08-17T11:10:24.322132+00:00,2,0,True,True
613312239,2026-08-17T11:10:24.322132+00:00,1,0,True,True
613312240,2026-08-17T11:10:24.322132+00:00,2,0,True,True
613312241,2026-08-17T11:10:24.322132+00:00,2,0,True,True
613312242,2026-08-17T11:10:24.322132+00:00,4,0,True,True
613312243,2026-08-17T11:10:24.322132+00:00,2,0,True,True
613312244,2026-08-17T11:10:24.322132+00:00,9,0,True,True
613312245,2026-08-17T11:10:24.322132+00:00,1,0,True,True
613312246,2026-08-17T11:10:24.322132+00:00,4,0,True,True
613312247,2026-08-17T11:10:24.322132+00:00,3,0,True,True
613312248,2026-08-17T11:10:24.322132+00:00,5,0,True,True
613312249,2026-08-17T11:10:24.322132+00:00,2,0,True,True
613312250,2026-08-17T11:10:24.322132+00:00,10,0,True,True
613312251,2026-08-17T11:10:24.322132+00:00,7,0,True,True
613312252,2026-08-17T11:10:24.322132+00:00,4,0,True,True
613312253,2026-08-17T11:10:24.322132+00:00,2,0,True,True
613312254,2026-08-17T11:10:24.322132+00:00,7,0,True,True
613312255,2026-08-17T11:10:24.322132+00:00,2,0,True,True
613312256,2026-08-17T11:10:24.322132+00:00,10,0,True,True
613312257,2026-08-17T11:10:24.322132+00:00,6,0,True,True
613312258,2026-08-17T11:10:24.322132+00:00,4,0,True,True
613312259,2026-08-17T11:10:24.322132+00:00,7,0,True,True
613312260,2026-08-17T11:10:24.322132+00:00,0,0,True,True
613312261,2026-08-17T11:10:24.322132+00:00,0,0,True,True
613312262,2026-08-17T11:10:24.322132+00:00,0,0,True,True
613312263,2026-08-17T11:10:24.322132+00:00,3,0,True,True
613312264,2026-08-17T11:10:24.322132+00:00,3,0,True,True
613312265,2026-08-17T11:10:24.322132+00:00,8,0,True,True
613312266,2026-08-17T11:10:24.322132+00:00,4,0,True,True
613312267,2026-08-17T11:10:24.322132+00:00,5,0,True,True
613312268,2026-08-17T11:10:24.322132+00:00,8,0,True,True
613312269,2026-08-17T11:10:24.322132+00:00,11,0,True,True
613312270,2026-08-17T11:10:24.322132+00:00,11,0,True,True
613312271,2026-08-17T11:10:24.322132+00:00,0,0,True,True
613312272,2026-08-17T11:10:24.322132+00:00,6,0,True,True
613312273,2026-08-17T11:10:24.322132+00:00,8,0,True,True
613312274,2026-08-17T11:10:24.322132+00:00,9,0,True,True
613312275,2026-08-17T11:10:24.322132+00:00,17,0,True,True
613312276,2026-08-17T11:10:24.322132+00:00,0,0,True,True
613312277,2026-08-17T11:10:24.322132+00:00,1,0,True,True
613312278,2026-08-17T11:10:24.322132+00:00,3,0,True,True
613312279,2026-08-17T11:10:24.322132+00:00,12,0,True,True
613312281,2026-08-17T11:10:24.322132+00:00,0,0,True,True
613312282,2026-08-17T11:10:24.322132+00:00,2,0,True,True
613312283,2026-08-17T11:10:24.322132+00:00,3,0,True,True
613312284,2026-08-17T11:10:24.322132+00:00,8,0,True,True
613312285,2026-08-17T11:10:24.322132+00:00,3,0,True,True
613312286,2026-08-17T11:10:24.322132+00:00,0,0,True,True
613312287,2026-08-17T11:10:24.322132+00:00,5,0,True,True
613312288,2026-08-17T11:10:24.322132+00:00,5,0,True,True
613312289,2026-08-17T11:10:24.322132+00:00,8,0,True,True
613312290,2026-08-17T11:10:24.322132+00:00,9,0,True,True
613312291,2026-08-17T11:10:24.322132+00:00,4,0,True,True
613312292,2026-08-17T11:10:24.322132+00:00,3,0,True,True
613312293,2026-08-17T11:10:24.322132+00:00,11,0,True,True
613312294,2026-08-17T11:10:24.322132+00:00,11,0,True,True
613312295,2026-08-17T11:10:24.322132+00:00,16,0,True,True
613312296,2026-08-17T11:10:24.322132+00:00,6,0,True,True
613312297,2026-08-17T11:10:24.322132+00:00,4,0,True,True
613312298,2026-08-17T11:10:24.322132+00:00,4,0,True,True
613312299,2026-08-17T11:10:24.322132+00:00,6,0,True,True
613312300,2026-08-17T11:10:24.322132+00:00,15,0,True,True
613312301,2026-08-17T11:10:24.322132+00:00,9,0,True,True
613312302,2026-08-17T11:10:24.322132+00:00,4,0,True,True
613312303,2026-08-17T11:10:24.322132+00:00,9,0,True,True
613312304,2026-08-17T11:10:24.322132+00:00,9,0,True,True
613312305,2026-08-17T11:10:24.322132+00:00,21,0,True,True
613312306,2026-08-17T11:10:24.322132+00:00,12,0,True,True
613312307,2026-08-17T11:10:24.322132+00:00,8,0,True,True
613312308,2026-08-17T11:10:24.322132+00:00,5,0,True,True
613312309,2026-08-17T11:10:24.322132+00:00,9,0,True,True
613312310,2026-08-17T11:10:24.322132+00:00,7,0,True,True
613312311,2026-08-17T11:10:24.322132+00:00,15,0,True,True
613312312,2026-08-17T11:10:24.322132+00:00,18,0,True,True
613312313,2026-08-17T11:10:24.322132+00:00,4,0,True,True
613312314,2026-08-17T11:10:24.322132+00:00,9,0,True,True
613312315,2026-08-17T11:10:24.322132+00:00,6,0,True,True
613510037,2026-08-17T11:10:24.322132+00:00,0,0,True,True
624056982,2026-08-17T11:10:24.322132+00:00,5,0,True,True
624057057,2026-08-17T11:10:24.322132+00:00,3,0,True,True
631244273,2026-08-17T11:10:24.322132+00:00,1,0,True,True
631244274,2026-08-17T11:10:24.322132+00:00,2,0,True,True
631244275,2026-08-17T11:10:24.322132+00:00,2,0,True,True
631244276,2026-08-17T11:10:24.322132+00:00,8,0,True,True
631244277,2026-08-17T11:10:24.322132+00:00,2,0,True,True
631244278,2026-08-17T11:10:24.322132+00:00,0,0,True,True
631244280,2026-08-17T11:10:24.322132+00:00,7,0,True,True
631244281,2026-08-17T11:10:24.322132+00:00,6,0,True,True
631244286,2026-08-17T11:10:24.322132+00:00,2,0,True,True
631244287,2026-08-17T11:10:24.322132+00:00,7,0,True,True
631244288,2026-08-17T11:10:24.322132+00:00,9,0,True,True
631244289,2026-08-17T11:10:24.322132+00:00,1,0,True,True
631244290,2026-08-17T11:10:24.322132+00:00,2,0,True,True
631244291,2026-08-17T11:10:24.322132+00:00,2,0,True,True
631244292,2026-08-17T11:10:24.322132+00:00,2,0,True,True
631244293,2026-08-17T11:10:24.322132+00:00,2,0,True,True
631244294,2026-08-17T11:10:24.322132+00:00,4,0,True,True
631244295,2026-08-17T11:10:24.322132+00:00,2,0,True,True
631244297,2026-08-17T11:10:24.322132+00:00,4,0,True,True
631244302,2026-08-17T11:10:24.322132+00:00,7,0,True,True
631244303,2026-08-17T11:10:24.322132+00:00,5,0,True,True
631244304,2026-08-17T11:10:24.322132+00:00,4,0,True,True
631244306,2026-08-17T11:10:24.322132+00:00,2,0,True,True
631244308,2026-08-17T11:10:24.322132+00:00,14,0,True,True
631244309,2026-08-17T11:10:24.322132+00:00,11,0,True,True
631244311,2026-08-17T11:10:24.322132+00:00,6,0,True,True
631244312,2026-08-17T11:10:24.322132+00:00,1,0,True,True
631244313,2026-08-17T11:10:24.322132+00:00,0,0,True,True
631244315,2026-08-17T11:10:24.322132+00:00,5,0,True,True
631244316,2026-08-17T11:10:24.322132+00:00,4,0,True,True
637793642,2026-08-17T11:10:24.322132+00:00,10,0,True,True
637794034,2026-08-17T11:10:24.322132+00:00,3,0,True,True
608535280,2026-08-17T11:42:42.994124+00:00,6,0,True,True
608535281,2026-08-17T11:42:42.994124+00:00,6,0,True,True
608535282,2026-08-17T11:42:42.994124+00:00,6,0,True,True
608535283,2026-08-17T11:42:42.994124+00:00,4,0,True,True
608535284,2026-08-17T11:42:42.994124+00:00,5,0,True,True
608535285,2026-08-17T11:42:42.994124+00:00,2,0,True,True
608535286,2026-08-17T11:42:42.994124+00:00,4,0,True,True
608535287,2026-08-17T11:42:42.994124+00:00,5,0,True,True
608535288,2026-08-17T11:42:42.994124+00:00,2,0,True,True
608535289,2026-08-17T11:42:42.994124+00:00,2,0,True,True
608535290,2026-08-17T11:42:42.994124+00:00,6,0,True,True
608535291,2026-08-17T11:42:42.994124+00:00,8,0,True,True
608535292,2026-08-17T11:42:42.994124+00:00,2,0,True,True
608535293,2026-08-17T11:42:42.994124+00:00,7,0,True,True
608535294,2026-08-17T11:42:42.994124+00:00,5,0,True,True
608535295,2026-08-17T11:42:42.994124+00:00,6,0,True,True
608535296,2026-08-17T11:42:42.994124+00:00,5,0,True,True
608535297,2026-08-17T11:42:42.994124+00:00,7,0,True,True
608535298,2026-08-17T11:42:42.994124+00:00,6,0,True,True
608535299,2026-08-17T11:42:42.994124+00:00,5,0,True,True
608535300,2026-08-17T11:42:42.994124+00:00,7,0,True,True
608535301,2026-08-17T11:42:42.994124+00:00,8,0,True,True
608535302,2026-08-17T11:42:42.994124+00:00,7,0,True,True
608535303,2026-08-17T11:42:42.994124+00:00,5,0,True,True
608535304,2026-08-17T11:42:42.994124+00:00,5,0,True,True
608535305,2026-08-17T11:42:42.994124+00:00,8,0,True,True
608535306,2026-08-17T11:42:42.994124+00:00,2,0,True,True
608535307,2026-08-17T11:42:42.994124+00:00,6,0,True,True
608535308,2026-08-17T11:42:42.994124+00:00,6,0,True,True
608535309,2026-08-17T11:42:42.994124+00:00,3,0,True,True
608535310,2026-08-17T11:42:42.994124+00:00,7,0,True,True
608535311,2026-08-17T11:42:42.994124+00:00,5,0,True,True
608535312,2026-08-17T11:42:42.994124+00:00,3,0,True,True
608535313,2026-08-17T11:42:42.994124+00:00,0,0,True,True
608535314,2026-08-17T11:42:42.994124+00:00,5,0,True,True
608535315,2026-08-17T11:42:42.994124+00:00,9,0,True,True
608535316,2026-08-17T11:42:42.994124+00:00,6,0,True,True
608535317,2026-08-17T11:42:42.994124+00:00,6,0,True,True
608535318,2026-08-17T11:42:42.994124+00:00,10,0,True,True
608535319,2026-08-17T11:42:42.994124+00:00,5,0,True,True
608535320,2026-08-17T11:42:42.994124+00:00,6,0,True,True
608535321,2026-08-17T11:42:42.994124+00:00,3,0,True,True
608535322,2026-08-17T11:42:42.994124+00:00,13,0,True,True
608535323,2026-08-17T11:42:42.994124+00:00,3,0,True,True
608535324,2026-08-17T11:42:42.994124+00:00,3,0,True,True
608535325,2026-08-17T11:42:42.994124+00:00,6,0,True,True
608535326,2026-08-17T11:42:42.994124+00:00,5,0,True,True
608535327,2026-08-17T11:42:42.994124+00:00,9,0,True,True
608535328,2026-08-17T11:42:42.994124+00:00,11,0,True,True
608535329,2026-08-17T11:42:42.994124+00:00,4,0,True,True
608535330,2026-08-17T11:42:42.994124+00:00,6,0,True,True
608535331,2026-08-17T11:42:42.994124+00:00,2,0,True,True
608535332,2026-08-17T11:42:42.994124+00:00,11,0,True,True
608535333,2026-08-17T11:42:42.994124+00:00,5,0,True,True
608535334,2026-08-17T11:42:42.994124+00:00,3,0,True,True
608535335,2026-08-17T11:42:42.994124+00:00,5,0,True,True
608535336,2026-08-17T11:42:42.994124+00:00,7,0,True,True
608535337,2026-08-17T11:42:42.994124+00:00,3,0,True,True
608535338,2026-08-17T11:42:42.994124+00:00,1,0,True,True
608535339,2026-08-17T11:42:42.994124+00:00,6,0,True,True
608535340,2026-08-17T11:42:42.994124+00:00,11,0,True,True
608535341,2026-08-17T11:42:42.994124+00:00,6,0,True,True
608535342,2026-08-17T11:42:42.994124+00:00,1,0,True,True
608535343,2026-08-17T11:42:42.994124+00:00,3,0,True,True
608535344,2026-08-17T11:42:42.994124+00:00,4,0,True,True
608535345,2026-08-17T11:42:42.994124+00:00,8,0,True,True
608535346,2026-08-17T11:42:42.994124+00:00,2,0,True,True
608535256,2026-08-17T11:42:42.994124+00:00,7,0,True,True
608535257,2026-08-17T11:42:42.994124+00:00,5,0,True,True
608535258,2026-08-17T11:42:42.994124+00:00,3,0,True,True
608535259,2026-08-17T11:42:42.994124+00:00,3,0,True,True
608535260,2026-08-17T11:42:42.994124+00:00,14,0,True,True
608535261,2026-08-17T11:42:42.994124+00:00,2,0,True,True
608535262,2026-08-17T11:42:42.994124+00:00,4,0,True,True
608535263,2026-08-17T11:42:42.994124+00:00,3,0,True,True
608535265,2026-08-17T11:42:42.994124+00:00,2,0,True,True
608535266,2026-08-17T11:42:42.994124+00:00,4,0,True,True
608535267,2026-08-17T11:42:42.994124+00:00,4,0,True,True
608535268,2026-08-17T11:42:42.994124+00:00,2,0,True,True
608535270,2026-08-17T11:42:42.994124+00:00,8,0,True,True
608535271,2026-08-17T11:42:42.994124+00:00,1,0,True,True
608535272,2026-08-17T11:42:42.994124+00:00,0,0,True,True
608535273,2026-08-17T11:42:42.994124+00:00,0,0,True,True
608535274,2026-08-17T11:42:42.994124+00:00,5,0,True,True
608535276,2026-08-17T11:42:42.994124+00:00,8,0,True,True
608535277,2026-08-17T11:42:42.994124+00:00,2,0,True,True
608535278,2026-08-17T11:42:42.994124+00:00,10,0,True,True
608535279,2026-08-17T11:42:42.994124+00:00,5,0,True,True
608535378,2026-08-17T11:42:42.994124+00:00,4,0,True,True
608535379,2026-08-17T11:42:42.994124+00:00,7,0,True,True
608535380,2026-08-17T11:42:42.994124+00:00,9,0,True,True
608535381,2026-08-17T11:42:42.994124+00:00,1,0,True,True
608535383,2026-08-17T11:42:42.994124+00:00,7,0,True,True
608535384,2026-08-17T11:42:42.994124+00:00,3,0,True,True
608535385,2026-08-17T11:42:42.994124+00:00,0,0,True,True
608535386,2026-08-17T11:42:42.994124+00:00,14,0,True,True
608535387,2026-08-17T11:42:42.994124+00:00,6,0,True,True
608535388,2026-08-17T11:42:42.994124+00:00,10,0,True,True
608535389,2026-08-17T11:42:42.994124+00:00,0,0,True,True
608535390,2026-08-17T11:42:42.994124+00:00,11,0,True,True
608535391,2026-08-17T11:42:42.994124+00:00,1,0,True,True
608535392,2026-08-17T11:42:42.994124+00:00,6,0,True,True
608535393,2026-08-17T11:42:42.994124+00:00,12,0,True,True
608535394,2026-08-17T11:42:42.994124+00:00,4,0,True,True
608535395,2026-08-17T11:42:42.994124+00:00,16,0,True,True
608535396,2026-08-17T11:42:42.994124+00:00,3,0,True,True
608535440,2026-08-17T11:42:42.994124+00:00,1,0,True,True
608535441,2026-08-17T11:42:42.994124+00:00,0,0,True,True
608535442,2026-08-17T11:42:42.994124+00:00,1,0,True,True
608535443,2026-08-17T11:42:42.994124+00:00,4,0,True,True
608535444,2026-08-17T11:42:42.994124+00:00,13,0,True,True
608535445,2026-08-17T11:42:42.994124+00:00,28,0,True,True
608535446,2026-08-17T11:42:42.994124+00:00,0,0,True,True
608535447,2026-08-17T11:42:42.994124+00:00,2,0,True,True
608535461,2026-08-17T11:42:42.994124+00:00,5,0,True,True
608535462,2026-08-17T11:42:42.994124+00:00,0,0,True,True
608535463,2026-08-17T11:42:42.994124+00:00,6,0,True,True
608535464,2026-08-17T11:42:42.994124+00:00,5,0,True,True
608535491,2026-08-17T11:42:42.994124+00:00,1,0,True,True
608535492,2026-08-17T11:42:42.994124+00:00,1,0,True,True
608535493,2026-08-17T11:42:42.994124+00:00,9,0,True,True
608535494,2026-08-17T11:42:42.994124+00:00,3,0,True,True
608535495,2026-08-17T11:42:42.994124+00:00,2,0,True,True
608535496,2026-08-17T11:42:42.994124+00:00,6,0,True,True
608535497,2026-08-17T11:42:42.994124+00:00,6,0,True,True
608535498,2026-08-17T11:42:42.994124+00:00,12,0,True,True
608535499,2026-08-17T11:42:42.994124+00:00,3,0,True,True
608535500,2026-08-17T11:42:42.994124+00:00,4,0,True,True
608535501,2026-08-17T11:42:42.994124+00:00,0,0,True,True
608535502,2026-08-17T11:42:42.994124+00:00,3,0,True,True
608535503,2026-08-17T11:42:42.994124+00:00,4,0,True,True
608535504,2026-08-17T11:42:42.994124+00:00,4,0,True,True
608535505,2026-08-17T11:42:42.994124+00:00,0,0,True,True
637793366,2026-08-17T11:42:42.994124+00:00,0,0,True,True
608535516,2026-08-17T11:42:42.994124+00:00,3,0,True,True
608535517,2026-08-17T11:42:42.994124+00:00,1,0,True,True
608535518,2026-08-17T11:42:42.994124+00:00,2,0,True,True
608535519,2026-08-17T11:42:42.994124+00:00,4,0,True,True
608535520,2026-08-17T11:42:42.994124+00:00,8,0,True,True
608535521,2026-08-17T11:42:42.994124+00:00,7,0,True,True
608535522,2026-08-17T11:42:42.994124+00:00,10,0,True,True
608535523,2026-08-17T11:42:42.994124+00:00,6,0,True,True
608535524,2026-08-17T11:42:42.994124+00:00,5,0,True,True
608535525,2026-08-17T11:42:42.994124+00:00,3,0,True,True
608535526,2026-08-17T11:42:42.994124+00:00,1,0,True,True
608535527,2026-08-17T11:42:42.994124+00:00,6,0,True,True
608535528,2026-08-17T11:42:42.994124+00:00,10,0,True,True
608535529,2026-08-17T11:42:42.994124+00:00,7,0,True,True
608535530,2026-08-17T11:42:42.994124+00:00,3,0,True,True
608535531,2026-08-17T11:42:42.994124+00:00,4,0,True,True
608535532,2026-08-17T11:42:42.994124+00:00,6,0,True,True
608535533,2026-08-17T11:42:42.994124+00:00,4,0,True,True
608535534,2026-08-17T11:42:42.994124+00:00,3,0,True,True
608535537,2026-08-17T11:42:42.994124+00:00,3,0,True,True
608535398,2026-08-17T11:42:42.994124+00:00,6,0,True,True
608535399,2026-08-17T11:42:42.994124+00:00,1,0,True,True
608535400,2026-08-17T11:42:42.994124+00:00,6,0,True,True
608535402,2026-08-17T11:42:42.994124+00:00,6,0,True,True
608535403,2026-08-17T11:42:42.994124+00:00,4,0,True,True
608535404,2026-08-17T11:42:42.994124+00:00,5,0,True,True
608535405,2026-08-17T11:42:42.994124+00:00,4,0,True,True
608535406,2026-08-17T11:42:42.994124+00:00,5,0,True,True
608535407,2026-08-17T11:42:42.994124+00:00,7,0,True,True
608535408,2026-08-17T11:42:42.994124+00:00,5,0,True,True
608535409,2026-08-17T11:42:42.994124+00:00,6,0,True,True
608535410,2026-08-17T11:42:42.994124+00:00,6,0,True,True
608535411,2026-08-17T11:42:42.994124+00:00,5,0,True,True
608535412,2026-08-17T11:42:42.994124+00:00,8,0,True,True
608535413,2026-08-17T11:42:42.994124+00:00,5,0,True,True
608535414,2026-08-17T11:42:42.994124+00:00,7,0,True,True
608535415,2026-08-17T11:42:42.994124+00:00,2,0,True,True
608535416,2026-08-17T11:42:42.994124+00:00,8,0,True,True
608535417,2026-08-17T11:42:42.994124+00:00,11,0,True,True
608535418,2026-08-17T11:42:42.994124+00:00,12,0,True,True
608535419,2026-08-17T11:42:42.994124+00:00,9,0,True,True
608535420,2026-08-17T11:42:42.994124+00:00,11,0,True,True
608535421,2026-08-17T11:42:42.994124+00:00,8,0,True,True
608535422,2026-08-17T11:42:42.994124+00:00,6,0,True,True
608535423,2026-08-17T11:42:42.994124+00:00,7,0,True,True
608535424,2026-08-17T11:42:42.994124+00:00,6,0,True,True
608535425,2026-08-17T11:42:42.994124+00:00,2,0,True,True
608535426,2026-08-17T11:42:42.994124+00:00,3,0,True,True
608535427,2026-08-17T11:42:42.994124+00:00,3,0,True,True
608535428,2026-08-17T11:42:42.994124+00:00,8,0,True,True
608535429,2026-08-17T11:42:42.994124+00:00,3,0,True,True
608535430,2026-08-17T11:42:42.994124+00:00,5,0,True,True
608535431,2026-08-17T11:42:42.994124+00:00,3,0,True,True
608535438,2026-08-17T11:42:42.994124+00:00,1,0,True,True
608535439,2026-08-17T11:42:42.994124+00:00,6,0,True,True
608535432,2026-08-17T11:42:42.994124+00:00,5,0,True,True
608535433,2026-08-17T11:42:42.994124+00:00,3,0,True,True
608535434,2026-08-17T11:42:42.994124+00:00,1,0,True,True
608535435,2026-08-17T11:42:42.994124+00:00,0,0,True,True
608535436,2026-08-17T11:42:42.994124+00:00,3,0,True,True
608535437,2026-08-17T11:42:42.994124+00:00,6,0,True,True
608535448,2026-08-17T11:42:42.994124+00:00,3,0,True,True
608535449,2026-08-17T11:42:42.994124+00:00,6,0,True,True
608535450,2026-08-17T11:42:42.994124+00:00,3,0,True,True
608535451,2026-08-17T11:42:42.994124+00:00,4,0,True,True
608535483,2026-08-17T11:42:42.994124+00:00,0,0,True,True
608535484,2026-08-17T11:42:42.994124+00:00,3,0,True,True
608535485,2026-08-17T11:42:42.994124+00:00,7,0,True,True
608535486,2026-08-17T11:42:42.994124+00:00,1,0,True,True
608535487,2026-08-17T11:42:42.994124+00:00,12,0,True,True
608535488,2026-08-17T11:42:42.994124+00:00,5,0,True,True
608535489,2026-08-17T11:42:42.994124+00:00,3,0,True,True
608535490,2026-08-17T11:42:42.994124+00:00,14,0,True,True
608535452,2026-08-17T11:42:42.994124+00:00,5,0,True,True
608535453,2026-08-17T11:42:42.994124+00:00,2,0,True,True
608535454,2026-08-17T11:42:42.994124+00:00,4,0,True,True
608535455,2026-08-17T11:42:42.994124+00:00,4,0,True,True
608535456,2026-08-17T11:42:42.994124+00:00,4,0,True,True
608535457,2026-08-17T11:42:42.994124+00:00,6,0,True,True
608535458,2026-08-17T11:42:42.994124+00:00,17,0,True,True
608535459,2026-08-17T11:42:42.994124+00:00,6,0,True,True
608535460,2026-08-17T11:42:42.994124+00:00,9,0,True,True
608535465,2026-08-17T11:42:42.994124+00:00,6,0,True,True
608535466,2026-08-17T11:42:42.994124+00:00,2,0,True,True
608535467,2026-08-17T11:42:42.994124+00:00,2,0,True,True
608535468,2026-08-17T11:42:42.994124+00:00,4,0,True,True
608535469,2026-08-17T11:42:42.994124+00:00,11,0,True,True
608535470,2026-08-17T11:42:42.994124+00:00,1,0,True,True
608535471,2026-08-17T11:42:42.994124+00:00,3,0,True,True
608535473,2026-08-17T11:42:42.994124+00:00,6,0,True,True
608535474,2026-08-17T11:42:42.994124+00:00,5,0,True,True
608535475,2026-08-17T11:42:42.994124+00:00,1,0,True,True
608535476,2026-08-17T11:42:42.994124+00:00,10,0,True,True
608535477,2026-08-17T11:42:42.994124+00:00,3,0,True,True
608535478,2026-08-17T11:42:42.994124+00:00,1,0,True,True
608535479,2026-08-17T11:42:42.994124+00:00,3,0,True,True
608535480,2026-08-17T11:42:42.994124+00:00,0,0,True,True
608535481,2026-08-17T11:42:42.994124+00:00,4,0,True,True
608535482,2026-08-17T11:42:42.994124+00:00,3,0,True,True
608535507,2026-08-17T11:42:42.994124+00:00,1,0,True,True
608535508,2026-08-17T11:42:42.994124+00:00,4,0,True,True
608535509,2026-08-17T11:42:42.994124+00:00,4,0,True,True
608535510,2026-08-17T11:42:42.994124+00:00,2,0,True,True
608535511,2026-08-17T11:42:42.994124+00:00,1,0,True,True
608535512,2026-08-17T11:42:42.994124+00:00,4,0,True,True
608535513,2026-08-17T11:42:42.994124+00:00,5,0,True,True
608535514,2026-08-17T11:42:42.994124+00:00,4,0,True,True
608535515,2026-08-17T11:42:42.994124+00:00,8,0,True,True
608535347,2026-08-17T11:42:42.994124+00:00,2,0,True,True
608535348,2026-08-17T11:42:42.994124+00:00,6,0,True,True
608535349,2026-08-17T11:42:42.994124+00:00,8,0,True,True
608535350,2026-08-17T11:42:42.994124+00:00,9,0,True,True
608535351,2026-08-17T11:42:42.994124+00:00,1,0,True,True
608535352,2026-08-17T11:42:42.994124+00:00,1,0,True,True
608535353,2026-08-17T11:42:42.994124+00:00,4,0,True,True
608535354,2026-08-17T11:42:42.994124+00:00,8,0,True,True
608535538,2026-08-17T11:42:42.994124+00:00,10,0,True,True
608535539,2026-08-17T11:42:42.994124+00:00,8,0,True,True
608535540,2026-08-17T11:42:42.994124+00:00,5,0,True,True
608535355,2026-08-17T11:42:42.994124+00:00,6,0,True,True
608535356,2026-08-17T11:42:42.994124+00:00,5,0,True,True
608535357,2026-08-17T11:42:42.994124+00:00,5,0,True,True
608535358,2026-08-17T11:42:42.994124+00:00,6,0,True,True
608535359,2026-08-17T11:42:42.994124+00:00,2,0,True,True
608535360,2026-08-17T11:42:42.994124+00:00,3,0,True,True
608535361,2026-08-17T11:42:42.994124+00:00,3,0,True,True
608535362,2026-08-17T11:42:42.994124+00:00,1,0,True,True
608535363,2026-08-17T11:42:42.994124+00:00,1,0,True,True
608535364,2026-08-17T11:42:42.994124+00:00,5,0,True,True
608535365,2026-08-17T11:42:42.994124+00:00,2,0,True,True
608535366,2026-08-17T11:42:42.994124+00:00,2,0,True,True
608535367,2026-08-17T11:42:42.994124+00:00,5,0,True,True
608535368,2026-08-17T11:42:42.994124+00:00,2,0,True,True
608535369,2026-08-17T11:42:42.994124+00:00,1,0,True,True
608535370,2026-08-17T11:42:42.994124+00:00,2,0,True,True
608535371,2026-08-17T11:42:42.994124+00:00,3,0,True,True
608535372,2026-08-17T11:42:42.994124+00:00,8,0,True,True
608535373,2026-08-17T11:42:42.994124+00:00,6,0,True,True
608535375,2026-08-17T11:42:42.994124+00:00,5,0,True,True
608535376,2026-08-17T11:42:42.994124+00:00,11,0,True,True
606857330,2026-08-17T11:42:42.994124+00:00,6,0,True,True
608534898,2026-08-17T11:42:42.994124+00:00,5,0,True,True
608534899,2026-08-17T11:42:42.994124+00:00,2,0,True,True
608534900,2026-08-17T11:42:42.994124+00:00,9,0,True,True
608534901,2026-08-17T11:42:42.994124+00:00,0,0,True,True
608534902,2026-08-17T11:42:42.994124+00:00,17,0,True,True
608534903,2026-08-17T11:42:42.994124+00:00,11,0,True,True
608534904,2026-08-17T11:42:42.994124+00:00,8,0,True,True
608534905,2026-08-17T11:42:42.994124+00:00,0,0,True,True
608534906,2026-08-17T11:42:42.994124+00:00,1,5,True,True
608534907,2026-08-17T11:42:42.994124+00:00,20,0,True,True
608534908,2026-08-17T11:42:42.994124+00:00,3,0,True,True
608534909,2026-08-17T11:42:42.994124+00:00,16,0,True,True
608534910,2026-08-17T11:42:42.994124+00:00,3,0,True,True
608534912,2026-08-17T11:42:42.994124+00:00,0,0,True,True
608534913,2026-08-17T11:42:42.994124+00:00,1,0,True,True
608534914,2026-08-17T11:42:42.994124+00:00,0,0,True,True
608534915,2026-08-17T11:42:42.994124+00:00,10,0,True,True
608534916,2026-08-17T11:42:42.994124+00:00,6,0,True,True
608534917,2026-08-17T11:42:42.994124+00:00,4,0,True,True
608534918,2026-08-17T11:42:42.994124+00:00,7,0,True,True
608534919,2026-08-17T11:42:42.994124+00:00,0,0,True,True
608534920,2026-08-17T11:42:42.994124+00:00,25,0,True,True
608534921,2026-08-17T11:42:42.994124+00:00,13,0,True,True
608534922,2026-08-17T11:42:42.994124+00:00,5,0,True,True
608534923,2026-08-17T11:42:42.994124+00:00,6,0,True,True
608534924,2026-08-17T11:42:42.994124+00:00,7,0,True,True
608534925,2026-08-17T11:42:42.994124+00:00,6,0,True,True
608534926,2026-08-17T11:42:42.994124+00:00,2,0,True,True
608534927,2026-08-17T11:42:42.994124+00:00,1,0,True,True
608534928,2026-08-17T11:42:42.994124+00:00,6,0,True,True
608534930,2026-08-17T11:42:42.994124+00:00,9,0,True,True
608534931,2026-08-17T11:42:42.994124+00:00,0,0,True,True
608534932,2026-08-17T11:42:42.994124+00:00,1,0,True,True
608534933,2026-08-17T11:42:42.994124+00:00,1,0,True,True
608534934,2026-08-17T11:42:42.994124+00:00,5,0,False,False
608534936,2026-08-17T11:42:42.994124+00:00,2,0,True,True
608534937,2026-08-17T11:42:42.994124+00:00,3,0,True,True
608534939,2026-08-17T11:42:42.994124+00:00,11,0,True,True
608534940,2026-08-17T11:42:42.994124+00:00,2,0,True,True
608534942,2026-08-17T11:42:42.994124+00:00,10,0,True,True
608534943,2026-08-17T11:42:42.994124+00:00,6,0,True,True
608534944,2026-08-17T11:42:42.994124+00:00,3,0,True,True
608534945,2026-08-17T11:42:42.994124+00:00,9,0,True,True
608534946,2026-08-17T11:42:42.994124+00:00,8,0,True,True
608534947,2026-08-17T11:42:42.994124+00:00,16,0,True,True
608534948,2026-08-17T11:42:42.994124+00:00,3,0,True,True
608534950,2026-08-17T11:42:42.994124+00:00,14,0,True,True
608534952,2026-08-17T11:42:42.994124+00:00,1,0,True,True
608534953,2026-08-17T11:42:42.994124+00:00,9,0,True,True
608534954,2026-08-17T11:42:42.994124+00:00,4,0,True,True
608534955,2026-08-17T11:42:42.994124+00:00,9,0,True,True
608534956,2026-08-17T11:42:42.994124+00:00,21,0,True,True
608534957,2026-08-17T11:42:42.994124+00:00,4,0,True,True
608534958,2026-08-17T11:42:42.994124+00:00,2,0,True,True
608534959,2026-08-17T11:42:42.994124+00:00,6,2,True,True
608534960,2026-08-17T11:42:42.994124+00:00,2,0,True,True
608534961,2026-08-17T11:42:42.994124+00:00,2,0,True,True
608534962,2026-08-17T11:42:42.994124+00:00,4,0,True,True
608534963,2026-08-17T11:42:42.994124+00:00,14,0,True,True
608534964,2026-08-17T11:42:42.994124+00:00,4,0,True,True
608534965,2026-08-17T11:42:42.994124+00:00,0,0,True,True
608534967,2026-08-17T11:42:42.994124+00:00,2,0,True,True
608534968,2026-08-17T11:42:42.994124+00:00,14,0,True,True
608534969,2026-08-17T11:42:42.994124+00:00,0,0,True,True
608534970,2026-08-17T11:42:42.994124+00:00,0,0,True,True
608534971,2026-08-17T11:42:42.994124+00:00,3,0,True,True
608534973,2026-08-17T11:42:42.994124+00:00,0,0,True,True
608534974,2026-08-17T11:42:42.994124+00:00,11,0,True,True
608534975,2026-08-17T11:42:42.994124+00:00,1,0,True,True
608534977,2026-08-17T11:42:42.994124+00:00,0,0,True,True
608534978,2026-08-17T11:42:42.994124+00:00,2,0,True,True
608534979,2026-08-17T11:42:42.994124+00:00,1,0,True,True
608534980,2026-08-17T11:42:42.994124+00:00,1,0,True,True
608534981,2026-08-17T11:42:42.994124+00:00,1,0,True,True
608534982,2026-08-17T11:42:42.994124+00:00,0,0,True,True
608534983,2026-08-17T11:42:42.994124+00:00,1,0,True,True
608534984,2026-08-17T11:42:42.994124+00:00,0,0,True,True
608534985,2026-08-17T11:42:42.994124+00:00,1,0,True,True
608534986,2026-08-17T11:42:42.994124+00:00,2,0,True,True
608534987,2026-08-17T11:42:42.994124+00:00,2,0,True,True
608534988,2026-08-17T11:42:42.994124+00:00,1,0,True,True
608534990,2026-08-17T11:42:42.994124+00:00,3,0,True,True
608534991,2026-08-17T11:42:42.994124+00:00,0,0,True,True
608534992,2026-08-17T11:42:42.994124+00:00,2,0,True,True
608534993,2026-08-17T11:42:42.994124+00:00,0,0,True,True
608534994,2026-08-17T11:42:42.994124+00:00,0,0,True,True
608534995,2026-08-17T11:42:42.994124+00:00,11,0,True,True
608534996,2026-08-17T11:42:42.994124+00:00,1,0,True,True
608534998,2026-08-17T11:42:42.994124+00:00,0,0,True,True
608534999,2026-08-17T11:42:42.994124+00:00,2,0,True,True
608535000,2026-08-17T11:42:42.994124+00:00,1,0,True,True
608535001,2026-08-17T11:42:42.994124+00:00,3,0,True,True
608535002,2026-08-17T11:42:42.994124+00:00,0,0,True,True
608535003,2026-08-17T11:42:42.994124+00:00,0,0,True,True
608535004,2026-08-17T11:42:42.994124+00:00,0,0,True,True
608535005,2026-08-17T11:42:42.994124+00:00,10,0,True,True
608535006,2026-08-17T11:42:42.994124+00:00,1,0,True,True
608535007,2026-08-17T11:42:42.994124+00:00,0,0,True,True
608535008,2026-08-17T11:42:42.994124+00:00,2,0,True,True
608535009,2026-08-17T11:42:42.994124+00:00,1,0,True,True
608535010,2026-08-17T11:42:42.994124+00:00,1,0,True,True
608535011,2026-08-17T11:42:42.994124+00:00,0,0,True,True
608535012,2026-08-17T11:42:42.994124+00:00,1,0,True,True
608535013,2026-08-17T11:42:42.994124+00:00,1,0,True,True
608535014,2026-08-17T11:42:42.994124+00:00,4,0,True,True
608535015,2026-08-17T11:42:42.994124+00:00,1,0,True,True
608535016,2026-08-17T11:42:42.994124+00:00,3,0,True,True
608535017,2026-08-17T11:42:42.994124+00:00,9,0,True,True
608535018,2026-08-17T11:42:42.994124+00:00,7,0,True,True
608535019,2026-08-17T11:42:42.994124+00:00,2,0,True,True
608535020,2026-08-17T11:42:42.994124+00:00,2,0,True,True
608535021,2026-08-17T11:42:42.994124+00:00,2,0,True,True
608535022,2026-08-17T11:42:42.994124+00:00,3,0,True,True
608535023,2026-08-17T11:42:42.994124+00:00,3,0,True,True
608535024,2026-08-17T11:42:42.994124+00:00,3,0,True,True
608535025,2026-08-17T11:42:42.994124+00:00,0,0,True,True
608535026,2026-08-17T11:42:42.994124+00:00,2,0,True,True
608535027,2026-08-17T11:42:42.994124+00:00,7,0,True,True
608535028,2026-08-17T11:42:42.994124+00:00,7,0,True,True
608535029,2026-08-17T11:42:42.994124+00:00,6,0,True,True
608535030,2026-08-17T11:42:42.994124+00:00,0,0,True,True
608535031,2026-08-17T11:42:42.994124+00:00,12,0,True,True
608535032,2026-08-17T11:42:42.994124+00:00,4,0,True,True
608535033,2026-08-17T11:42:42.994124+00:00,8,0,True,True
608535034,2026-08-17T11:42:42.994124+00:00,4,0,True,True
608535036,2026-08-17T11:42:42.994124+00:00,7,0,True,True
608535037,2026-08-17T11:42:42.994124+00:00,8,0,True,True
608535038,2026-08-17T11:42:42.994124+00:00,3,0,True,True
608535039,2026-08-17T11:42:42.994124+00:00,7,0,True,True
608535040,2026-08-17T11:42:42.994124+00:00,1,0,True,True
608535041,2026-08-17T11:42:42.994124+00:00,8,0,True,True
608535042,2026-08-17T11:42:42.994124+00:00,9,0,True,True
608535043,2026-08-17T11:42:42.994124+00:00,7,0,True,True
608535044,2026-08-17T11:42:42.994124+00:00,2,0,True,True
608535045,2026-08-17T11:42:42.994124+00:00,8,0,True,True
608535046,2026-08-17T11:42:42.994124+00:00,5,0,True,True
608535047,2026-08-17T11:42:42.994124+00:00,4,0,True,True
608535048,2026-08-17T11:42:42.994124+00:00,17,0,True,True
608535049,2026-08-17T11:42:42.994124+00:00,9,0,True,True
608535050,2026-08-17T11:42:42.994124+00:00,12,0,True,True
608535051,2026-08-17T11:42:42.994124+00:00,12,0,True,True
608535052,2026-08-17T11:42:42.994124+00:00,11,0,True,True
608535053,2026-08-17T11:42:42.994124+00:00,4,0,True,True
608535054,2026-08-17T11:42:42.994124+00:00,4,0,True,True
608535055,2026-08-17T11:42:42.994124+00:00,6,0,True,True
608535057,2026-08-17T11:42:42.994124+00:00,13,0,True,True
608535058,2026-08-17T11:42:42.994124+00:00,10,0,True,True
608535059,2026-08-17T11:42:42.994124+00:00,17,0,True,True
608535060,2026-08-17T11:42:42.994124+00:00,13,0,True,True
608535061,2026-08-17T11:42:42.994124+00:00,4,0,True,True
608535062,2026-08-17T11:42:42.994124+00:00,8,0,True,True
608535063,2026-08-17T11:42:42.994124+00:00,7,0,True,True
608535064,2026-08-17T11:42:42.994124+00:00,6,0,True,True
608535065,2026-08-17T11:42:42.994124+00:00,5,0,True,True
608535066,2026-08-17T11:42:42.994124+00:00,12,0,True,True
608535067,2026-08-17T11:42:42.994124+00:00,21,0,True,True
608535068,2026-08-17T11:42:42.994124+00:00,3,0,True,True
608535069,2026-08-17T11:42:42.994124+00:00,6,0,True,True
608535070,2026-08-17T11:42:42.994124+00:00,5,0,True,True
608535071,2026-08-17T11:42:42.994124+00:00,4,0,True,True
608535072,2026-08-17T11:42:42.994124+00:00,2,0,True,True
608535073,2026-08-17T11:42:42.994124+00:00,2,0,True,True
608535074,2026-08-17T11:42:42.994124+00:00,8,0,True,True
608535075,2026-08-17T11:42:42.994124+00:00,4,0,True,True
608535077,2026-08-17T11:42:42.994124+00:00,3,0,True,True
608535078,2026-08-17T11:42:42.994124+00:00,5,0,True,True
608535079,2026-08-17T11:42:42.994124+00:00,3,0,True,True
608535080,2026-08-17T11:42:42.994124+00:00,3,0,True,True
608535081,2026-08-17T11:42:42.994124+00:00,15,0,True,True
608535082,2026-08-17T11:42:42.994124+00:00,5,0,True,True
608535083,2026-08-17T11:42:42.994124+00:00,4,0,True,True
608535084,2026-08-17T11:42:42.994124+00:00,4,0,True,True
608535085,2026-08-17T11:42:42.994124+00:00,5,0,True,True
608535086,2026-08-17T11:42:42.994124+00:00,5,0,True,True
608535087,2026-08-17T11:42:42.994124+00:00,2,0,True,True
608535088,2026-08-17T11:42:42.994124+00:00,2,0,True,True
608535089,2026-08-17T11:42:42.994124+00:00,1,0,True,True
608535090,2026-08-17T11:42:42.994124+00:00,2,0,True,True
608535091,2026-08-17T11:42:42.994124+00:00,0,0,True,True
608535092,2026-08-17T11:42:42.994124+00:00,5,0,True,True
608535093,2026-08-17T11:42:42.994124+00:00,2,0,True,True
608535094,2026-08-17T11:42:42.994124+00:00,11,0,True,True
608535095,2026-08-17T11:42:42.994124+00:00,4,0,True,True
608535096,2026-08-17T11:42:42.994124+00:00,4,0,True,True
608535097,2026-08-17T11:42:42.994124+00:00,4,0,True,True
608535098,2026-08-17T11:42:42.994124+00:00,8,0,True,True
608535099,2026-08-17T11:42:42.994124+00:00,14,0,True,True
608535100,2026-08-17T11:42:42.994124+00:00,7,0,True,True
608535101,2026-08-17T11:42:42.994124+00:00,6,0,True,True
608535102,2026-08-17T11:42:42.994124+00:00,0,0,True,True
608535103,2026-08-17T11:42:42.994124+00:00,11,0,True,True
608535104,2026-08-17T11:42:42.994124+00:00,2,0,True,True
608535105,2026-08-17T11:42:42.994124+00:00,9,0,True,True
608535106,2026-08-17T11:42:42.994124+00:00,2,0,True,True
608535107,2026-08-17T11:42:42.994124+00:00,4,0,True,True
608535108,2026-08-17T11:42:42.994124+00:00,8,0,True,True
608535109,2026-08-17T11:42:42.994124+00:00,8,0,True,True
608535110,2026-08-17T11:42:42.994124+00:00,10,0,True,True
608535111,2026-08-17T11:42:42.994124+00:00,1,0,True,True
608535112,2026-08-17T11:42:42.994124+00:00,4,0,True,True
608535113,2026-08-17T11:42:42.994124+00:00,4,0,True,True
608535114,2026-08-17T11:42:42.994124+00:00,1,0,True,True
608535116,2026-08-17T11:42:42.994124+00:00,3,0,True,True
608535117,2026-08-17T11:42:42.994124+00:00,10,0,True,True
608535118,2026-08-17T11:42:42.994124+00:00,4,0,True,True
608535119,2026-08-17T11:42:42.994124+00:00,0,0,True,True
608535120,2026-08-17T11:42:42.994124+00:00,7,0,True,True
608535121,2026-08-17T11:42:42.994124+00:00,0,0,True,True
608535122,2026-08-17T11:42:42.994124+00:00,4,0,True,True
608535123,2026-08-17T11:42:42.994124+00:00,1,0,True,True
608535124,2026-08-17T11:42:42.994124+00:00,9,0,True,True
608535125,2026-08-17T11:42:42.994124+00:00,0,0,True,True
608535126,2026-08-17T11:42:42.994124+00:00,9,0,True,True
608535127,2026-08-17T11:42:42.994124+00:00,2,0,True,True
608535128,2026-08-17T11:42:42.994124+00:00,1,0,True,True
608535129,2026-08-17T11:42:42.994124+00:00,4,0,True,True
608535130,2026-08-17T11:42:42.994124+00:00,3,0,True,True
608535131,2026-08-17T11:42:42.994124+00:00,7,0,True,True
608535132,2026-08-17T11:42:42.994124+00:00,0,0,True,True
608535133,2026-08-17T11:42:42.994124+00:00,6,0,True,True
608535134,2026-08-17T11:42:42.994124+00:00,1,0,True,True
608535135,2026-08-17T11:42:42.994124+00:00,6,0,True,True
608535136,2026-08-17T11:42:42.994124+00:00,0,0,True,True
608535137,2026-08-17T11:42:42.994124+00:00,0,0,True,True
608535138,2026-08-17T11:42:42.994124+00:00,4,0,True,True
608535139,2026-08-17T11:42:42.994124+00:00,3,0,True,True
608535140,2026-08-17T11:42:42.994124+00:00,3,0,True,True
608535141,2026-08-17T11:42:42.994124+00:00,6,0,True,True
608535142,2026-08-17T11:42:42.994124+00:00,9,0,True,True
608535143,2026-08-17T11:42:42.994124+00:00,2,0,True,True
608535144,2026-08-17T11:42:42.994124+00:00,9,0,True,True
608535145,2026-08-17T11:42:42.994124+00:00,5,0,True,True
608535146,2026-08-17T11:42:42.994124+00:00,2,0,True,True
608535147,2026-08-17T11:42:42.994124+00:00,6,0,True,True
608535148,2026-08-17T11:42:42.994124+00:00,3,0,True,True
608535149,2026-08-17T11:42:42.994124+00:00,3,0,True,True
608535150,2026-08-17T11:42:42.994124+00:00,11,0,True,True
608535151,2026-08-17T11:42:42.994124+00:00,0,0,True,True
608535152,2026-08-17T11:42:42.994124+00:00,3,0,True,True
608535153,2026-08-17T11:42:42.994124+00:00,2,0,True,True
608535154,2026-08-17T11:42:42.994124+00:00,0,0,True,True
608535155,2026-08-17T11:42:42.994124+00:00,1,0,True,True
608535156,2026-08-17T11:42:42.994124+00:00,2,0,True,True
608535157,2026-08-17T11:42:42.994124+00:00,3,0,True,True
608535158,2026-08-17T11:42:42.994124+00:00,1,0,True,True
608535159,2026-08-17T11:42:42.994124+00:00,0,0,True,True
608535160,2026-08-17T11:42:42.994124+00:00,0,0,True,True
608535162,2026-08-17T11:42:42.994124+00:00,2,0,True,True
608535163,2026-08-17T11:42:42.994124+00:00,3,0,True,True
608535164,2026-08-17T11:42:42.994124+00:00,2,0,True,True
608535165,2026-08-17T11:42:42.994124+00:00,2,0,True,True
608535166,2026-08-17T11:42:42.994124+00:00,3,0,True,True
608535167,2026-08-17T11:42:42.994124+00:00,3,0,True,True
608535168,2026-08-17T11:42:42.994124+00:00,5,0,True,True
608535169,2026-08-17T11:42:42.994124+00:00,9,0,True,True
608535170,2026-08-17T11:42:42.994124+00:00,4,0,True,True
608535171,2026-08-17T11:42:42.994124+00:00,3,0,True,True
608535172,2026-08-17T11:42:42.994124+00:00,6,0,True,True
608535173,2026-08-17T11:42:42.994124+00:00,9,0,True,True
608535174,2026-08-17T11:42:42.994124+00:00,0,0,True,True
608535175,2026-08-17T11:42:42.994124+00:00,0,0,True,True
608535176,2026-08-17T11:42:42.994124+00:00,1,0,True,True
608535178,2026-08-17T11:42:42.994124+00:00,9,0,True,True
608535179,2026-08-17T11:42:42.994124+00:00,7,0,True,True
608535180,2026-08-17T11:42:42.994124+00:00,1,0,True,True
608535181,2026-08-17T11:42:42.994124+00:00,3,0,True,True
608535182,2026-08-17T11:42:42.994124+00:00,3,0,True,True
608535183,2026-08-17T11:42:42.994124+00:00,2,0,True,True
608535184,2026-08-17T11:42:42.994124+00:00,0,0,True,True
608535185,2026-08-17T11:42:42.994124+00:00,5,0,True,True
608535186,2026-08-17T11:42:42.994124+00:00,9,0,True,True
608535187,2026-08-17T11:42:42.994124+00:00,0,0,True,True
608535188,2026-08-17T11:42:42.994124+00:00,9,0,True,True
608535189,2026-08-17T11:42:42.994124+00:00,0,0,True,True
608535190,2026-08-17T11:42:42.994124+00:00,6,0,True,True
608535192,2026-08-17T11:42:42.994124+00:00,13,0,True,True
608535193,2026-08-17T11:42:42.994124+00:00,8,0,True,True
608535194,2026-08-17T11:42:42.994124+00:00,1,0,True,True
608535195,2026-08-17T11:42:42.994124+00:00,2,0,True,True
608535196,2026-08-17T11:42:42.994124+00:00,4,0,True,True
608535197,2026-08-17T11:42:42.994124+00:00,0,0,True,True
608535198,2026-08-17T11:42:42.994124+00:00,0,0,True,True
608535199,2026-08-17T11:42:42.994124+00:00,7,0,True,True
608535200,2026-08-17T11:42:42.994124+00:00,3,0,True,True
608535201,2026-08-17T11:42:42.994124+00:00,2,0,True,True
608535202,2026-08-17T11:42:42.994124+00:00,0,0,True,True
608535203,2026-08-17T11:42:42.994124+00:00,9,0,True,True
608535204,2026-08-17T11:42:42.994124+00:00,3,0,True,True
608535205,2026-08-17T11:42:42.994124+00:00,8,0,True,True
608535206,2026-08-17T11:42:42.994124+00:00,6,0,True,True
608535207,2026-08-17T11:42:42.994124+00:00,4,0,True,True
608535208,2026-08-17T11:42:42.994124+00:00,6,0,True,True
608535209,2026-08-17T11:42:42.994124+00:00,0,0,True,True
608535210,2026-08-17T11:42:42.994124+00:00,11,0,True,True
608535211,2026-08-17T11:42:42.994124+00:00,3,0,True,True
608535212,2026-08-17T11:42:42.994124+00:00,3,0,True,True
608535213,2026-08-17T11:42:42.994124+00:00,12,0,True,True
608535214,2026-08-17T11:42:42.994124+00:00,3,0,True,True
608535215,2026-08-17T11:42:42.994124+00:00,2,0,True,True
608535216,2026-08-17T11:42:42.994124+00:00,9,0,True,True
608535217,2026-08-17T11:42:42.994124+00:00,6,0,True,True
608535218,2026-08-17T11:42:42.994124+00:00,8,0,True,True
608535219,2026-08-17T11:42:42.994124+00:00,1,0,True,True
608535220,2026-08-17T11:42:42.994124+00:00,3,0,True,True
608535221,2026-08-17T11:42:42.994124+00:00,2,0,True,True
608535222,2026-08-17T11:42:42.994124+00:00,6,0,True,True
608535223,2026-08-17T11:42:42.994124+00:00,10,0,True,True
608535224,2026-08-17T11:42:42.994124+00:00,3,0,True,True
608535225,2026-08-17T11:42:42.994124+00:00,4,0,True,True
608535226,2026-08-17T11:42:42.994124+00:00,0,0,True,True
608535227,2026-08-17T11:42:42.994124+00:00,0,0,True,True
608535228,2026-08-17T11:42:42.994124+00:00,10,0,True,True
608535229,2026-08-17T11:42:42.994124+00:00,12,0,True,True
608535230,2026-08-17T11:42:42.994124+00:00,2,0,True,True
608535231,2026-08-17T11:42:42.994124+00:00,3,0,True,True
608535232,2026-08-17T11:42:42.994124+00:00,2,0,True,True
608535234,2026-08-17T11:42:42.994124+00:00,13,0,True,True
608535235,2026-08-17T11:42:42.994124+00:00,9,0,True,True
608535236,2026-08-17T11:42:42.994124+00:00,5,0,True,True
608535237,2026-08-17T11:42:42.994124+00:00,6,0,True,True
608535238,2026-08-17T11:42:42.994124+00:00,4,0,True,True
608535239,2026-08-17T11:42:42.994124+00:00,5,0,True,True
608535240,2026-08-17T11:42:42.994124+00:00,3,0,True,True
608535241,2026-08-17T11:42:42.994124+00:00,2,0,True,True
608535242,2026-08-17T11:42:42.994124+00:00,11,0,True,True
608535243,2026-08-17T11:42:42.994124+00:00,7,0,True,True
608535244,2026-08-17T11:42:42.994124+00:00,0,0,True,True
608535245,2026-08-17T11:42:42.994124+00:00,11,0,True,True
608535246,2026-08-17T11:42:42.994124+00:00,5,0,True,True
608535247,2026-08-17T11:42:42.994124+00:00,7,0,True,True
608535248,2026-08-17T11:42:42.994124+00:00,5,0,True,True
608535249,2026-08-17T11:42:42.994124+00:00,6,0,True,True
608535250,2026-08-17T11:42:42.994124+00:00,4,0,True,True
608535251,2026-08-17T11:42:42.994124+00:00,8,0,True,True
608535252,2026-08-17T11:42:42.994124+00:00,5,0,True,True
608535254,2026-08-17T11:42:42.994124+00:00,3,0,True,True
608535255,2026-08-17T11:42:42.994124+00:00,2,0,True,True
613312171,2026-08-17T11:42:42.994124+00:00,12,0,True,True
613312172,2026-08-17T11:42:42.994124+00:00,0,0,True,True
613312173,2026-08-17T11:42:42.994124+00:00,9,0,True,True
613312174,2026-08-17T11:42:42.994124+00:00,1,0,True,True
613312175,2026-08-17T11:42:42.994124+00:00,5,0,True,True
613312176,2026-08-17T11:42:42.994124+00:00,12,0,True,True
613312177,2026-08-17T11:42:42.994124+00:00,0,0,True,True
613312179,2026-08-17T11:42:42.994124+00:00,11,0,True,True
613312180,2026-08-17T11:42:42.994124+00:00,4,0,True,True
613312181,2026-08-17T11:42:42.994124+00:00,18,0,True,True
613312182,2026-08-17T11:42:42.994124+00:00,7,0,True,True
613312183,2026-08-17T11:42:42.994124+00:00,11,0,True,True
613312184,2026-08-17T11:42:42.994124+00:00,2,0,True,True
613312185,2026-08-17T11:42:42.994124+00:00,1,0,True,True
613312186,2026-08-17T11:42:42.994124+00:00,0,0,True,True
613312187,2026-08-17T11:42:42.994124+00:00,1,0,True,True
613312188,2026-08-17T11:42:42.994124+00:00,0,0,True,True
613312189,2026-08-17T11:42:42.994124+00:00,1,0,True,True
613312190,2026-08-17T11:42:42.994124+00:00,0,0,True,True
613312191,2026-08-17T11:42:42.994124+00:00,5,0,True,True
613312192,2026-08-17T11:42:42.994124+00:00,0,0,True,True
613312193,2026-08-17T11:42:42.994124+00:00,0,0,True,True
613312194,2026-08-17T11:42:42.994124+00:00,1,0,True,True
613312195,2026-08-17T11:42:42.994124+00:00,3,0,True,True
613312196,2026-08-17T11:42:42.994124+00:00,5,0,True,True
613312197,2026-08-17T11:42:42.994124+00:00,2,0,True,True
613312198,2026-08-17T11:42:42.994124+00:00,8,0,True,True
613312199,2026-08-17T11:42:42.994124+00:00,4,0,True,True
613312200,2026-08-17T11:42:42.994124+00:00,7,0,True,True
613312201,2026-08-17T11:42:42.994124+00:00,0,0,True,True
613312202,2026-08-17T11:42:42.994124+00:00,10,0,True,True
613312203,2026-08-17T11:42:42.994124+00:00,2,0,True,True
613312204,2026-08-17T11:42:42.994124+00:00,2,0,True,True
613312205,2026-08-17T11:42:42.994124+00:00,7,0,True,True
613312206,2026-08-17T11:42:42.994124+00:00,4,0,True,True
613312207,2026-08-17T11:42:42.994124+00:00,4,0,True,True
613312208,2026-08-17T11:42:42.994124+00:00,10,0,True,True
613312209,2026-08-17T11:42:42.994124+00:00,0,0,True,True
613312210,2026-08-17T11:42:42.994124+00:00,0,0,True,True
613312211,2026-08-17T11:42:42.994124+00:00,3,0,True,True
613312212,2026-08-17T11:42:42.994124+00:00,4,0,True,True
613312213,2026-08-17T11:42:42.994124+00:00,3,0,True,True
613312214,2026-08-17T11:42:42.994124+00:00,4,0,True,True
613312215,2026-08-17T11:42:42.994124+00:00,6,0,True,True
613312216,2026-08-17T11:42:42.994124+00:00,5,0,True,True
613312217,2026-08-17T11:42:42.994124+00:00,1,0,True,True
613312218,2026-08-17T11:42:42.994124+00:00,6,0,True,True
613312219,2026-08-17T11:42:42.994124+00:00,2,0,True,True
613312220,2026-08-17T11:42:42.994124+00:00,2,0,True,True
613312221,2026-08-17T11:42:42.994124+00:00,10,0,True,True
613312222,2026-08-17T11:42:42.994124+00:00,10,0,True,True
613312223,2026-08-17T11:42:42.994124+00:00,4,0,True,True
613312224,2026-08-17T11:42:42.994124+00:00,6,0,True,True
613312225,2026-08-17T11:42:42.994124+00:00,11,0,True,True
613312226,2026-08-17T11:42:42.994124+00:00,6,0,True,True
613312227,2026-08-17T11:42:42.994124+00:00,5,0,True,True
613312228,2026-08-17T11:42:42.994124+00:00,4,0,True,True
613312229,2026-08-17T11:42:42.994124+00:00,9,0,True,True
613312230,2026-08-17T11:42:42.994124+00:00,1,0,True,True
613312231,2026-08-17T11:42:42.994124+00:00,5,0,True,True
613312233,2026-08-17T11:42:42.994124+00:00,1,0,True,True
613312234,2026-08-17T11:42:42.994124+00:00,3,0,True,True
613312236,2026-08-17T11:42:42.994124+00:00,6,0,True,True
613312237,2026-08-17T11:42:42.994124+00:00,10,0,True,True
613312238,2026-08-17T11:42:42.994124+00:00,2,0,True,True
613312239,2026-08-17T11:42:42.994124+00:00,1,0,True,True
613312240,2026-08-17T11:42:42.994124+00:00,3,0,True,True
613312241,2026-08-17T11:42:42.994124+00:00,2,0,True,True
613312242,2026-08-17T11:42:42.994124+00:00,4,0,True,True
613312243,2026-08-17T11:42:42.994124+00:00,2,0,True,True
613312244,2026-08-17T11:42:42.994124+00:00,9,0,True,True
613312245,2026-08-17T11:42:42.994124+00:00,1,0,True,True
613312246,2026-08-17T11:42:42.994124+00:00,4,0,True,True
613312247,2026-08-17T11:42:42.994124+00:00,3,0,True,True
613312248,2026-08-17T11:42:42.994124+00:00,5,0,True,True
613312249,2026-08-17T11:42:42.994124+00:00,2,0,True,True
613312250,2026-08-17T11:42:42.994124+00:00,10,0,True,True
613312251,2026-08-17T11:42:42.994124+00:00,7,0,True,True
613312252,2026-08-17T11:42:42.994124+00:00,4,0,True,True
613312253,2026-08-17T11:42:42.994124+00:00,2,0,True,True
613312254,2026-08-17T11:42:42.994124+00:00,7,0,True,True
613312255,2026-08-17T11:42:42.994124+00:00,2,0,True,True
613312256,2026-08-17T11:42:42.994124+00:00,10,0,True,True
613312257,2026-08-17T11:42:42.994124+00:00,6,0,True,True
613312258,2026-08-17T11:42:42.994124+00:00,4,0,True,True
613312259,2026-08-17T11:42:42.994124+00:00,7,0,True,True
613312260,2026-08-17T11:42:42.994124+00:00,0,0,True,True
613312261,2026-08-17T11:42:42.994124+00:00,0,0,True,True
613312262,2026-08-17T11:42:42.994124+00:00,0,0,True,True
613312263,2026-08-17T11:42:42.994124+00:00,3,0,True,True
613312264,2026-08-17T11:42:42.994124+00:00,3,0,True,True
613312265,2026-08-17T11:42:42.994124+00:00,8,0,True,True
613312266,2026-08-17T11:42:42.994124+00:00,4,0,True,True
613312267,2026-08-17T11:42:42.994124+00:00,5,0,True,True
613312268,2026-08-17T11:42:42.994124+00:00,8,0,True,True
613312269,2026-08-17T11:42:42.994124+00:00,11,0,True,True
613312270,2026-08-17T11:42:42.994124+00:00,11,0,True,True
613312271,2026-08-17T11:42:42.994124+00:00,0,0,True,True
613312272,2026-08-17T11:42:42.994124+00:00,6,0,True,True
613312273,2026-08-17T11:42:42.994124+00:00,8,0,True,True
613312274,2026-08-17T11:42:42.994124+00:00,9,0,True,True
613312275,2026-08-17T11:42:42.994124+00:00,17,0,True,True
613312276,2026-08-17T11:42:42.994124+00:00,0,0,True,True
613312277,2026-08-17T11:42:42.994124+00:00,1,0,True,True
613312278,2026-08-17T11:42:42.994124+00:00,3,0,True,True
613312279,2026-08-17T11:42:42.994124+00:00,12,0,True,True
613312281,2026-08-17T11:42:42.994124+00:00,0,0,True,True
613312282,2026-08-17T11:42:42.994124+00:00,2,0,True,True
613312283,2026-08-17T11:42:42.994124+00:00,3,0,True,True
613312284,2026-08-17T11:42:42.994124+00:00,7,0,True,True
613312285,2026-08-17T11:42:42.994124+00:00,3,0,True,True
613312286,2026-08-17T11:42:42.994124+00:00,0,0,True,True
613312287,2026-08-17T11:42:42.994124+00:00,5,0,True,True
613312288,2026-08-17T11:42:42.994124+00:00,5,0,True,True
613312289,2026-08-17T11:42:42.994124+00:00,8,0,True,True
613312290,2026-08-17T11:42:42.994124+00:00,9,0,True,True
613312291,2026-08-17T11:42:42.994124+00:00,5,0,True,True
613312292,2026-08-17T11:42:42.994124+00:00,3,0,True,True
613312293,2026-08-17T11:42:42.994124+00:00,11,0,True,True
613312294,2026-08-17T11:42:42.994124+00:00,11,0,True,True
613312295,2026-08-17T11:42:42.994124+00:00,15,0,True,True
613312296,2026-08-17T11:42:42.994124+00:00,6,0,True,True
613312297,2026-08-17T11:42:42.994124+00:00,4,0,True,True
613312298,2026-08-17T11:42:42.994124+00:00,4,0,True,True
613312299,2026-08-17T11:42:42.994124+00:00,6,0,True,True
613312300,2026-08-17T11:42:42.994124+00:00,15,0,True,True
613312301,2026-08-17T11:42:42.994124+00:00,9,0,True,True
613312302,2026-08-17T11:42:42.994124+00:00,4,0,True,True
613312303,2026-08-17T11:42:42.994124+00:00,9,0,True,True
613312304,2026-08-17T11:42:42.994124+00:00,9,0,True,True
613312305,2026-08-17T11:42:42.994124+00:00,21,0,True,True
613312306,2026-08-17T11:42:42.994124+00:00,12,0,True,True
613312307,2026-08-17T11:42:42.994124+00:00,8,0,True,True
613312308,2026-08-17T11:42:42.994124+00:00,5,0,True,True
613312309,2026-08-17T11:42:42.994124+00:00,9,0,True,True
613312310,2026-08-17T11:42:42.994124+00:00,7,0,True,True
613312311,2026-08-17T11:42:42.994124+00:00,15,0,True,True
613312312,2026-08-17T11:42:42.994124+00:00,18,0,True,True
613312313,2026-08-17T11:42:42.994124+00:00,4,0,True,True
613312314,2026-08-17T11:42:42.994124+00:00,9,0,True,True
613312315,2026-08-17T11:42:42.994124+00:00,6,0,True,True
613510037,2026-08-17T11:42:42.994124+00:00,0,0,True,True
624056982,2026-08-17T11:42:42.994124+00:00,5,0,True,True
624057057,2026-08-17T11:42:42.994124+00:00,3,0,True,True
631244273,2026-08-17T11:42:42.994124+00:00,1,0,True,True
631244274,2026-08-17T11:42:42.994124+00:00,2,0,True,True
631244275,2026-08-17T11:42:42.994124+00:00,2,0,True,True
631244276,2026-08-17T11:42:42.994124+00:00,9,0,True,True
631244277,2026-08-17T11:42:42.994124+00:00,2,0,True,True
631244278,2026-08-17T11:42:42.994124+00:00,1,0,True,True
631244280,2026-08-17T11:42:42.994124+00:00,7,0,True,True
631244281,2026-08-17T11:42:42.994124+00:00,6,0,True,True
631244286,2026-08-17T11:42:42.994124+00:00,2,0,True,True
631244287,2026-08-17T11:42:42.994124+00:00,7,0,True,True
631244288,2026-08-17T11:42:42.994124+00:00,9,0,True,True
631244289,2026-08-17T11:42:42.994124+00:00,1,0,True,True
631244290,2026-08-17T11:42:42.994124+00:00,2,0,True,True
631244291,2026-08-17T11:42:42.994124+00:00,2,0,True,True
631244292,2026-08-17T11:42:42.994124+00:00,4,0,True,True
631244293,2026-08-17T11:42:42.994124+00:00,2,0,True,True
631244294,2026-08-17T11:42:42.994124+00:00,4,0,True,True
631244295,2026-08-17T11:42:42.994124+00:00,2,0,True,True
631244297,2026-08-17T11:42:42.994124+00:00,4,0,True,True
631244302,2026-08-17T11:42:42.994124+00:00,7,0,True,True
631244303,2026-08-17T11:42:42.994124+00:00,5,0,True,True
631244304,2026-08-17T11:42:42.994124+00:00,4,0,True,True
631244306,2026-08-17T11:42:42.994124+00:00,2,0,True,True
631244308,2026-08-17T11:42:42.994124+00:00,14,0,True,True
631244309,2026-08-17T11:42:42.994124+00:00,11,0,True,True
631244311,2026-08-17T11:42:42.994124+00:00,6,0,True,True
631244312,2026-08-17T11:42:42.994124+00:00,1,0,True,True
631244313,2026-08-17T11:42:42.994124+00:00,0,0,True,True
631244315,2026-08-17T11:42:42.994124+00:00,5,0,True,True
631244316,2026-08-17T11:42:42.994124+00:00,4,0,True,True
637793642,2026-08-17T11:42:42.994124+00:00,10,0,True,True
637794034,2026-08-17T11:42:42.994124+00:00,3,0,True,True
608535280,2026-08-17T12:02:15.981244+00:00,6,0,True,True
608535281,2026-08-17T12:02:15.981244+00:00,6,0,True,True
608535282,2026-08-17T12:02:15.981244+00:00,6,0,True,True
608535283,2026-08-17T12:02:15.981244+00:00,4,0,True,True
608535284,2026-08-17T12:02:15.981244+00:00,5,0,True,True
608535285,2026-08-17T12:02:15.981244+00:00,2,0,True,True
608535286,2026-08-17T12:02:15.981244+00:00,4,0,True,True
608535287,2026-08-17T12:02:15.981244+00:00,5,0,True,True
608535288,2026-08-17T12:02:15.981244+00:00,2,0,True,True
608535289,2026-08-17T12:02:15.981244+00:00,2,0,True,True
608535290,2026-08-17T12:02:15.981244+00:00,6,0,True,True
608535291,2026-08-17T12:02:15.981244+00:00,8,0,True,True
608535292,2026-08-17T12:02:15.981244+00:00,2,0,True,True
608535293,2026-08-17T12:02:15.981244+00:00,7,0,True,True
608535294,2026-08-17T12:02:15.981244+00:00,5,0,True,True
608535295,2026-08-17T12:02:15.981244+00:00,6,0,True,True
608535296,2026-08-17T12:02:15.981244+00:00,5,0,True,True
608535297,2026-08-17T12:02:15.981244+00:00,7,0,True,True
608535298,2026-08-17T12:02:15.981244+00:00,6,0,True,True
608535299,2026-08-17T12:02:15.981244+00:00,5,0,True,True
608535300,2026-08-17T12:02:15.981244+00:00,7,0,True,True
608535301,2026-08-17T12:02:15.981244+00:00,8,0,True,True
608535302,2026-08-17T12:02:15.981244+00:00,7,0,True,True
608535303,2026-08-17T12:02:15.981244+00:00,5,0,True,True
608535304,2026-08-17T12:02:15.981244+00:00,5,0,True,True
608535305,2026-08-17T12:02:15.981244+00:00,8,0,True,True
608535306,2026-08-17T12:02:15.981244+00:00,2,0,True,True
608535307,2026-08-17T12:02:15.981244+00:00,6,0,True,True
608535308,2026-08-17T12:02:15.981244+00:00,6,0,True,True
608535309,2026-08-17T12:02:15.981244+00:00,3,0,True,True
608535310,2026-08-17T12:02:15.981244+00:00,7,0,True,True
608535311,2026-08-17T12:02:15.981244+00:00,5,0,True,True
608535312,2026-08-17T12:02:15.981244+00:00,3,0,True,True
608535313,2026-08-17T12:02:15.981244+00:00,0,0,True,True
608535314,2026-08-17T12:02:15.981244+00:00,5,0,True,True
608535315,2026-08-17T12:02:15.981244+00:00,9,0,True,True
608535316,2026-08-17T12:02:15.981244+00:00,6,0,True,True
608535317,2026-08-17T12:02:15.981244+00:00,6,0,True,True
608535318,2026-08-17T12:02:15.981244+00:00,10,0,True,True
608535319,2026-08-17T12:02:15.981244+00:00,5,0,True,True
608535320,2026-08-17T12:02:15.981244+00:00,6,0,True,True
608535321,2026-08-17T12:02:15.981244+00:00,3,0,True,True
608535322,2026-08-17T12:02:15.981244+00:00,13,0,True,True
608535323,2026-08-17T12:02:15.981244+00:00,3,0,True,True
608535324,2026-08-17T12:02:15.981244+00:00,3,0,True,True
608535325,2026-08-17T12:02:15.981244+00:00,6,0,True,True
608535326,2026-08-17T12:02:15.981244+00:00,5,0,True,True
608535327,2026-08-17T12:02:15.981244+00:00,9,0,True,True
608535328,2026-08-17T12:02:15.981244+00:00,11,0,True,True
608535329,2026-08-17T12:02:15.981244+00:00,4,0,True,True
608535330,2026-08-17T12:02:15.981244+00:00,6,0,True,True
608535331,2026-08-17T12:02:15.981244+00:00,2,0,True,True
608535332,2026-08-17T12:02:15.981244+00:00,11,0,True,True
608535333,2026-08-17T12:02:15.981244+00:00,5,0,True,True
608535334,2026-08-17T12:02:15.981244+00:00,3,0,True,True
608535335,2026-08-17T12:02:15.981244+00:00,5,0,True,True
608535336,2026-08-17T12:02:15.981244+00:00,7,0,True,True
608535337,2026-08-17T12:02:15.981244+00:00,3,0,True,True
608535338,2026-08-17T12:02:15.981244+00:00,1,0,True,True
608535339,2026-08-17T12:02:15.981244+00:00,6,0,True,True
608535340,2026-08-17T12:02:15.981244+00:00,11,0,True,True
608535341,2026-08-17T12:02:15.981244+00:00,6,0,True,True
608535342,2026-08-17T12:02:15.981244+00:00,1,0,True,True
608535343,2026-08-17T12:02:15.981244+00:00,3,0,True,True
608535344,2026-08-17T12:02:15.981244+00:00,4,0,True,True
608535345,2026-08-17T12:02:15.981244+00:00,8,0,True,True
608535346,2026-08-17T12:02:15.981244+00:00,2,0,True,True
608535256,2026-08-17T12:02:15.981244+00:00,6,0,True,True
608535257,2026-08-17T12:02:15.981244+00:00,5,0,True,True
608535258,2026-08-17T12:02:15.981244+00:00,3,0,True,True
608535259,2026-08-17T12:02:15.981244+00:00,3,0,True,True
608535260,2026-08-17T12:02:15.981244+00:00,14,0,True,True
608535261,2026-08-17T12:02:15.981244+00:00,2,0,True,True
608535262,2026-08-17T12:02:15.981244+00:00,4,0,True,True
608535263,2026-08-17T12:02:15.981244+00:00,3,0,True,True
608535265,2026-08-17T12:02:15.981244+00:00,2,0,True,True
608535266,2026-08-17T12:02:15.981244+00:00,4,0,True,True
608535267,2026-08-17T12:02:15.981244+00:00,4,0,True,True
608535268,2026-08-17T12:02:15.981244+00:00,2,0,True,True
608535270,2026-08-17T12:02:15.981244+00:00,8,0,True,True
608535271,2026-08-17T12:02:15.981244+00:00,1,0,True,True
608535272,2026-08-17T12:02:15.981244+00:00,0,0,True,True
608535273,2026-08-17T12:02:15.981244+00:00,0,0,True,True
608535274,2026-08-17T12:02:15.981244+00:00,5,0,True,True
608535276,2026-08-17T12:02:15.981244+00:00,8,0,True,True
608535277,2026-08-17T12:02:15.981244+00:00,2,0,True,True
608535278,2026-08-17T12:02:15.981244+00:00,5,0,True,True
608535279,2026-08-17T12:02:15.981244+00:00,5,0,True,True
608535378,2026-08-17T12:02:15.981244+00:00,4,0,True,True
608535379,2026-08-17T12:02:15.981244+00:00,7,0,True,True
608535380,2026-08-17T12:02:15.981244+00:00,9,0,True,True
608535381,2026-08-17T12:02:15.981244+00:00,1,0,True,True
608535383,2026-08-17T12:02:15.981244+00:00,7,0,True,True
608535384,2026-08-17T12:02:15.981244+00:00,3,0,True,True
608535385,2026-08-17T12:02:15.981244+00:00,0,0,True,True
608535386,2026-08-17T12:02:15.981244+00:00,14,0,True,True
608535387,2026-08-17T12:02:15.981244+00:00,6,0,True,True
608535388,2026-08-17T12:02:15.981244+00:00,10,0,True,True
608535389,2026-08-17T12:02:15.981244+00:00,0,0,True,True
608535390,2026-08-17T12:02:15.981244+00:00,11,0,True,True
608535391,2026-08-17T12:02:15.981244+00:00,1,0,True,True
608535392,2026-08-17T12:02:15.981244+00:00,7,0,True,True
608535393,2026-08-17T12:02:15.981244+00:00,11,0,True,True
608535394,2026-08-17T12:02:15.981244+00:00,4,0,True,True
608535395,2026-08-17T12:02:15.981244+00:00,16,0,True,True
608535396,2026-08-17T12:02:15.981244+00:00,3,0,True,True
608535440,2026-08-17T12:02:15.981244+00:00,1,0,True,True
608535441,2026-08-17T12:02:15.981244+00:00,0,0,True,True
608535442,2026-08-17T12:02:15.981244+00:00,1,0,True,True
608535443,2026-08-17T12:02:15.981244+00:00,4,0,True,True
608535444,2026-08-17T12:02:15.981244+00:00,13,0,True,True
608535445,2026-08-17T12:02:15.981244+00:00,28,0,True,True
608535446,2026-08-17T12:02:15.981244+00:00,0,0,True,True
608535447,2026-08-17T12:02:15.981244+00:00,2,0,True,True
608535461,2026-08-17T12:02:15.981244+00:00,5,0,True,True
608535462,2026-08-17T12:02:15.981244+00:00,0,0,True,True
608535463,2026-08-17T12:02:15.981244+00:00,6,0,True,True
608535464,2026-08-17T12:02:15.981244+00:00,5,0,True,True
608535491,2026-08-17T12:02:15.981244+00:00,1,0,True,True
608535492,2026-08-17T12:02:15.981244+00:00,1,0,True,True
608535493,2026-08-17T12:02:15.981244+00:00,9,0,True,True
608535494,2026-08-17T12:02:15.981244+00:00,2,0,True,True
608535495,2026-08-17T12:02:15.981244+00:00,2,0,True,True
608535496,2026-08-17T12:02:15.981244+00:00,6,0,True,True
608535497,2026-08-17T12:02:15.981244+00:00,6,0,True,True
608535498,2026-08-17T12:02:15.981244+00:00,12,0,True,True
608535499,2026-08-17T12:02:15.981244+00:00,3,0,True,True
608535500,2026-08-17T12:02:15.981244+00:00,4,0,True,True
608535501,2026-08-17T12:02:15.981244+00:00,0,0,True,True
608535502,2026-08-17T12:02:15.981244+00:00,2,0,True,True
608535503,2026-08-17T12:02:15.981244+00:00,4,0,True,True
608535504,2026-08-17T12:02:15.981244+00:00,4,0,True,True
608535505,2026-08-17T12:02:15.981244+00:00,0,0,True,True
637793366,2026-08-17T12:02:15.981244+00:00,0,0,True,True
608535516,2026-08-17T12:02:15.981244+00:00,7,0,True,True
608535517,2026-08-17T12:02:15.981244+00:00,1,0,True,True
608535518,2026-08-17T12:02:15.981244+00:00,6,0,True,True
608535519,2026-08-17T12:02:15.981244+00:00,4,0,True,True
608535520,2026-08-17T12:02:15.981244+00:00,8,0,True,True
608535521,2026-08-17T12:02:15.981244+00:00,7,0,True,True
608535522,2026-08-17T12:02:15.981244+00:00,10,0,True,True
608535523,2026-08-17T12:02:15.981244+00:00,6,0,True,True
608535524,2026-08-17T12:02:15.981244+00:00,5,0,True,True
608535525,2026-08-17T12:02:15.981244+00:00,3,0,True,True
608535526,2026-08-17T12:02:15.981244+00:00,1,0,True,True
608535527,2026-08-17T12:02:15.981244+00:00,6,0,True,True
608535528,2026-08-17T12:02:15.981244+00:00,10,0,True,True
608535529,2026-08-17T12:02:15.981244+00:00,7,0,True,True
608535530,2026-08-17T12:02:15.981244+00:00,3,0,True,True
608535531,2026-08-17T12:02:15.981244+00:00,4,0,True,True
608535532,2026-08-17T12:02:15.981244+00:00,6,0,True,True
608535533,2026-08-17T12:02:15.981244+00:00,4,0,True,True
608535534,2026-08-17T12:02:15.981244+00:00,3,0,True,True
608535537,2026-08-17T12:02:15.981244+00:00,3,0,True,True
608535398,2026-08-17T12:02:15.981244+00:00,6,0,True,True
608535399,2026-08-17T12:02:15.981244+00:00,1,0,True,True
608535400,2026-08-17T12:02:15.981244+00:00,6,0,True,True
608535402,2026-08-17T12:02:15.981244+00:00,6,0,True,True
608535403,2026-08-17T12:02:15.981244+00:00,4,0,True,True
608535404,2026-08-17T12:02:15.981244+00:00,5,0,True,True
608535405,2026-08-17T12:02:15.981244+00:00,4,0,True,True
608535406,2026-08-17T12:02:15.981244+00:00,6,0,True,True
608535407,2026-08-17T12:02:15.981244+00:00,12,0,True,True
608535408,2026-08-17T12:02:15.981244+00:00,5,0,True,True
608535409,2026-08-17T12:02:15.981244+00:00,6,0,True,True
608535410,2026-08-17T12:02:15.981244+00:00,6,0,True,True
608535411,2026-08-17T12:02:15.981244+00:00,8,0,True,True
608535412,2026-08-17T12:02:15.981244+00:00,8,0,True,True
608535413,2026-08-17T12:02:15.981244+00:00,5,0,True,True
608535414,2026-08-17T12:02:15.981244+00:00,7,0,True,True
608535415,2026-08-17T12:02:15.981244+00:00,2,0,True,True
608535416,2026-08-17T12:02:15.981244+00:00,8,0,True,True
608535417,2026-08-17T12:02:15.981244+00:00,11,0,True,True
608535418,2026-08-17T12:02:15.981244+00:00,12,0,True,True
608535419,2026-08-17T12:02:15.981244+00:00,9,0,True,True
608535420,2026-08-17T12:02:15.981244+00:00,11,0,True,True
608535421,2026-08-17T12:02:15.981244+00:00,8,0,True,True
608535422,2026-08-17T12:02:15.981244+00:00,6,0,True,True
608535423,2026-08-17T12:02:15.981244+00:00,7,0,True,True
608535424,2026-08-17T12:02:15.981244+00:00,6,0,True,True
608535425,2026-08-17T12:02:15.981244+00:00,2,0,True,True
608535426,2026-08-17T12:02:15.981244+00:00,3,0,True,True
608535427,2026-08-17T12:02:15.981244+00:00,3,0,True,True
608535428,2026-08-17T12:02:15.981244+00:00,8,0,True,True
608535429,2026-08-17T12:02:15.981244+00:00,3,0,True,True
608535430,2026-08-17T12:02:15.981244+00:00,5,0,True,True
608535431,2026-08-17T12:02:15.981244+00:00,3,0,True,True
608535438,2026-08-17T12:02:15.981244+00:00,1,0,True,True
608535439,2026-08-17T12:02:15.981244+00:00,6,0,True,True
608535432,2026-08-17T12:02:15.981244+00:00,5,0,True,True
608535433,2026-08-17T12:02:15.981244+00:00,2,0,True,True
608535434,2026-08-17T12:02:15.981244+00:00,2,0,True,True
608535435,2026-08-17T12:02:15.981244+00:00,0,0,True,True
608535436,2026-08-17T12:02:15.981244+00:00,3,0,True,True
608535437,2026-08-17T12:02:15.981244+00:00,6,0,True,True
608535448,2026-08-17T12:02:15.981244+00:00,3,0,True,True
608535449,2026-08-17T12:02:15.981244+00:00,6,0,True,True
608535450,2026-08-17T12:02:15.981244+00:00,3,0,True,True
608535451,2026-08-17T12:02:15.981244+00:00,4,0,True,True
608535483,2026-08-17T12:02:15.981244+00:00,0,0,True,True
608535484,2026-08-17T12:02:15.981244+00:00,4,0,True,True
608535485,2026-08-17T12:02:15.981244+00:00,7,0,True,True
608535486,2026-08-17T12:02:15.981244+00:00,1,0,True,True
608535487,2026-08-17T12:02:15.981244+00:00,12,0,True,True
608535488,2026-08-17T12:02:15.981244+00:00,5,0,True,True
608535489,2026-08-17T12:02:15.981244+00:00,3,0,True,True
608535490,2026-08-17T12:02:15.981244+00:00,13,0,True,True
608535452,2026-08-17T12:02:15.981244+00:00,5,0,True,True
608535453,2026-08-17T12:02:15.981244+00:00,2,0,True,True
608535454,2026-08-17T12:02:15.981244+00:00,4,0,True,True
608535455,2026-08-17T12:02:15.981244+00:00,4,0,True,True
608535456,2026-08-17T12:02:15.981244+00:00,4,0,True,True
608535457,2026-08-17T12:02:15.981244+00:00,6,0,True,True
608535458,2026-08-17T12:02:15.981244+00:00,17,0,True,True
608535459,2026-08-17T12:02:15.981244+00:00,6,0,True,True
608535460,2026-08-17T12:02:15.981244+00:00,9,0,True,True
608535465,2026-08-17T12:02:15.981244+00:00,6,0,True,True
608535466,2026-08-17T12:02:15.981244+00:00,2,0,True,True
608535467,2026-08-17T12:02:15.981244+00:00,2,0,True,True
608535468,2026-08-17T12:02:15.981244+00:00,4,0,True,True
608535469,2026-08-17T12:02:15.981244+00:00,11,0,True,True
608535470,2026-08-17T12:02:15.981244+00:00,1,0,True,True
608535471,2026-08-17T12:02:15.981244+00:00,3,0,True,True
608535473,2026-08-17T12:02:15.981244+00:00,6,0,True,True
608535474,2026-08-17T12:02:15.981244+00:00,5,0,True,True
608535475,2026-08-17T12:02:15.981244+00:00,1,0,True,True
608535476,2026-08-17T12:02:15.981244+00:00,10,0,True,True
608535477,2026-08-17T12:02:15.981244+00:00,3,0,True,True
608535478,2026-08-17T12:02:15.981244+00:00,1,0,True,True
608535479,2026-08-17T12:02:15.981244+00:00,3,0,True,True
608535480,2026-08-17T12:02:15.981244+00:00,0,0,True,True
608535481,2026-08-17T12:02:15.981244+00:00,4,0,True,True
608535482,2026-08-17T12:02:15.981244+00:00,3,0,True,True
608535507,2026-08-17T12:02:15.981244+00:00,1,0,True,True
608535508,2026-08-17T12:02:15.981244+00:00,4,0,True,True
608535509,2026-08-17T12:02:15.981244+00:00,4,0,True,True
608535510,2026-08-17T12:02:15.981244+00:00,2,0,True,True
608535511,2026-08-17T12:02:15.981244+00:00,1,0,True,True
608535512,2026-08-17T12:02:15.981244+00:00,4,0,True,True
608535513,2026-08-17T12:02:15.981244+00:00,5,0,True,True
608535514,2026-08-17T12:02:15.981244+00:00,4,0,True,True
608535515,2026-08-17T12:02:15.981244+00:00,8,0,True,True
608535347,2026-08-17T12:02:15.981244+00:00,2,0,True,True
608535348,2026-08-17T12:02:15.981244+00:00,6,0,True,True
608535349,2026-08-17T12:02:15.981244+00:00,8,0,True,True
608535350,2026-08-17T12:02:15.981244+00:00,9,0,True,True
608535351,2026-08-17T12:02:15.981244+00:00,1,0,True,True
608535352,2026-08-17T12:02:15.981244+00:00,1,0,True,True
608535353,2026-08-17T12:02:15.981244+00:00,4,0,True,True
608535354,2026-08-17T12:02:15.981244+00:00,8,0,True,True
608535538,2026-08-17T12:02:15.981244+00:00,10,0,True,True
608535539,2026-08-17T12:02:15.981244+00:00,8,0,True,True
608535540,2026-08-17T12:02:15.981244+00:00,5,0,True,True
608535355,2026-08-17T12:02:15.981244+00:00,6,0,True,True
608535356,2026-08-17T12:02:15.981244+00:00,5,0,True,True
608535357,2026-08-17T12:02:15.981244+00:00,5,0,True,True
608535358,2026-08-17T12:02:15.981244+00:00,6,0,True,True
608535359,2026-08-17T12:02:15.981244+00:00,2,0,True,True
608535360,2026-08-17T12:02:15.981244+00:00,3,0,True,True
608535361,2026-08-17T12:02:15.981244+00:00,3,0,True,True
608535362,2026-08-17T12:02:15.981244+00:00,1,0,True,True
608535363,2026-08-17T12:02:15.981244+00:00,1,0,True,True
608535364,2026-08-17T12:02:15.981244+00:00,5,0,True,True
608535365,2026-08-17T12:02:15.981244+00:00,2,0,True,True
608535366,2026-08-17T12:02:15.981244+00:00,2,0,True,True
608535367,2026-08-17T12:02:15.981244+00:00,5,0,True,True
608535368,2026-08-17T12:02:15.981244+00:00,2,0,True,True
608535369,2026-08-17T12:02:15.981244+00:00,1,0,True,True
608535370,2026-08-17T12:02:15.981244+00:00,2,0,True,True
608535371,2026-08-17T12:02:15.981244+00:00,3,0,True,True
608535372,2026-08-17T12:02:15.981244+00:00,8,0,True,True
608535373,2026-08-17T12:02:15.981244+00:00,6,0,True,True
608535375,2026-08-17T12:02:15.981244+00:00,5,0,True,True
608535376,2026-08-17T12:02:15.981244+00:00,7,0,True,True
606857330,2026-08-17T12:02:15.981244+00:00,6,0,True,True
608534898,2026-08-17T12:02:15.981244+00:00,5,0,True,True
608534899,2026-08-17T12:02:15.981244+00:00,2,0,True,True
608534900,2026-08-17T12:02:15.981244+00:00,9,0,True,True
608534901,2026-08-17T12:02:15.981244+00:00,0,0,True,True
608534902,2026-08-17T12:02:15.981244+00:00,17,0,True,True
608534903,2026-08-17T12:02:15.981244+00:00,11,0,True,True
608534904,2026-08-17T12:02:15.981244+00:00,8,0,True,True
608534905,2026-08-17T12:02:15.981244+00:00,0,0,True,True
608534906,2026-08-17T12:02:15.981244+00:00,1,5,True,True
608534907,2026-08-17T12:02:15.981244+00:00,20,0,True,True
608534908,2026-08-17T12:02:15.981244+00:00,3,0,True,True
608534909,2026-08-17T12:02:15.981244+00:00,16,0,True,True
608534910,2026-08-17T12:02:15.981244+00:00,3,0,True,True
608534912,2026-08-17T12:02:15.981244+00:00,0,0,True,True
608534913,2026-08-17T12:02:15.981244+00:00,1,0,True,True
608534914,2026-08-17T12:02:15.981244+00:00,0,0,True,True
608534915,2026-08-17T12:02:15.981244+00:00,10,0,True,True
608534916,2026-08-17T12:02:15.981244+00:00,6,0,True,True
608534917,2026-08-17T12:02:15.981244+00:00,3,0,True,True
608534918,2026-08-17T12:02:15.981244+00:00,7,0,True,True
608534919,2026-08-17T12:02:15.981244+00:00,0,0,True,True
608534920,2026-08-17T12:02:15.981244+00:00,25,0,True,True
608534921,2026-08-17T12:02:15.981244+00:00,15,0,True,True
608534922,2026-08-17T12:02:15.981244+00:00,5,0,True,True
608534923,2026-08-17T12:02:15.981244+00:00,5,0,True,True
608534924,2026-08-17T12:02:15.981244+00:00,7,0,True,True
608534925,2026-08-17T12:02:15.981244+00:00,6,0,True,True
608534926,2026-08-17T12:02:15.981244+00:00,2,0,True,True
608534927,2026-08-17T12:02:15.981244+00:00,1,0,True,True
608534928,2026-08-17T12:02:15.981244+00:00,5,0,True,True
608534930,2026-08-17T12:02:15.981244+00:00,9,0,True,True
608534931,2026-08-17T12:02:15.981244+00:00,0,0,True,True
608534932,2026-08-17T12:02:15.981244+00:00,1,0,True,True
608534933,2026-08-17T12:02:15.981244+00:00,1,0,True,True
608534934,2026-08-17T12:02:15.981244+00:00,6,0,False,False
608534936,2026-08-17T12:02:15.981244+00:00,2,0,True,True
608534937,2026-08-17T12:02:15.981244+00:00,3,0,True,True
608534939,2026-08-17T12:02:15.981244+00:00,11,0,True,True
608534940,2026-08-17T12:02:15.981244+00:00,2,0,True,True
608534942,2026-08-17T12:02:15.981244+00:00,10,0,True,True
608534943,2026-08-17T12:02:15.981244+00:00,6,0,True,True
608534944,2026-08-17T12:02:15.981244+00:00,3,0,True,True
608534945,2026-08-17T12:02:15.981244+00:00,9,0,True,True
608534946,2026-08-17T12:02:15.981244+00:00,8,0,True,True
608534947,2026-08-17T12:02:15.981244+00:00,16,0,True,True
608534948,2026-08-17T12:02:15.981244+00:00,3,0,True,True
608534950,2026-08-17T12:02:15.981244+00:00,14,0,True,True
608534952,2026-08-17T12:02:15.981244+00:00,1,0,True,True
608534953,2026-08-17T12:02:15.981244+00:00,9,0,True,True
608534954,2026-08-17T12:02:15.981244+00:00,4,0,True,True
608534955,2026-08-17T12:02:15.981244+00:00,9,0,True,True
608534956,2026-08-17T12:02:15.981244+00:00,20,0,True,True
608534957,2026-08-17T12:02:15.981244+00:00,4,0,True,True
608534958,2026-08-17T12:02:15.981244+00:00,2,0,True,True
608534959,2026-08-17T12:02:15.981244+00:00,6,2,True,True
608534960,2026-08-17T12:02:15.981244+00:00,2,0,True,True
608534961,2026-08-17T12:02:15.981244+00:00,2,0,True,True
608534962,2026-08-17T12:02:15.981244+00:00,4,0,True,True
608534963,2026-08-17T12:02:15.981244+00:00,14,0,True,True
608534964,2026-08-17T12:02:15.981244+00:00,4,0,True,True
608534965,2026-08-17T12:02:15.981244+00:00,0,0,True,True
608534967,2026-08-17T12:02:15.981244+00:00,2,0,True,True
608534968,2026-08-17T12:02:15.981244+00:00,14,0,True,True
608534969,2026-08-17T12:02:15.981244+00:00,0,0,True,True
608534970,2026-08-17T12:02:15.981244+00:00,0,0,True,True
608534971,2026-08-17T12:02:15.981244+00:00,3,0,True,True
608534973,2026-08-17T12:02:15.981244+00:00,1,0,True,True
608534974,2026-08-17T12:02:15.981244+00:00,11,0,True,True
608534975,2026-08-17T12:02:15.981244+00:00,1,0,True,True
608534977,2026-08-17T12:02:15.981244+00:00,0,0,True,True
608534978,2026-08-17T12:02:15.981244+00:00,2,0,True,True
608534979,2026-08-17T12:02:15.981244+00:00,1,0,True,True
608534980,2026-08-17T12:02:15.981244+00:00,1,0,True,True
608534981,2026-08-17T12:02:15.981244+00:00,1,0,True,True
608534982,2026-08-17T12:02:15.981244+00:00,0,0,True,True
608534983,2026-08-17T12:02:15.981244+00:00,1,0,True,True
608534984,2026-08-17T12:02:15.981244+00:00,0,0,True,True
608534985,2026-08-17T12:02:15.981244+00:00,1,0,True,True
608534986,2026-08-17T12:02:15.981244+00:00,2,0,True,True
608534987,2026-08-17T12:02:15.981244+00:00,2,0,True,True
608534988,2026-08-17T12:02:15.981244+00:00,1,0,True,True
608534990,2026-08-17T12:02:15.981244+00:00,3,0,True,True
608534991,2026-08-17T12:02:15.981244+00:00,0,0,True,True
608534992,2026-08-17T12:02:15.981244+00:00,2,0,True,True
608534993,2026-08-17T12:02:15.981244+00:00,0,0,True,True
608534994,2026-08-17T12:02:15.981244+00:00,0,0,True,True
608534995,2026-08-17T12:02:15.981244+00:00,11,0,True,True
608534996,2026-08-17T12:02:15.981244+00:00,1,0,True,True
608534998,2026-08-17T12:02:15.981244+00:00,0,0,True,True
608534999,2026-08-17T12:02:15.981244+00:00,2,0,True,True
608535000,2026-08-17T12:02:15.981244+00:00,1,0,True,True
608535001,2026-08-17T12:02:15.981244+00:00,3,0,True,True
608535002,2026-08-17T12:02:15.981244+00:00,0,0,True,True
608535003,2026-08-17T12:02:15.981244+00:00,0,0,True,True
608535004,2026-08-17T12:02:15.981244+00:00,0,0,True,True
608535005,2026-08-17T12:02:15.981244+00:00,10,0,True,True
608535006,2026-08-17T12:02:15.981244+00:00,1,0,True,True
608535007,2026-08-17T12:02:15.981244+00:00,0,0,True,True
608535008,2026-08-17T12:02:15.981244+00:00,2,0,True,True
608535009,2026-08-17T12:02:15.981244+00:00,0,0,True,True
608535010,2026-08-17T12:02:15.981244+00:00,2,0,True,True
608535011,2026-08-17T12:02:15.981244+00:00,0,0,True,True
608535012,2026-08-17T12:02:15.981244+00:00,1,0,True,True
608535013,2026-08-17T12:02:15.981244+00:00,1,0,True,True
608535014,2026-08-17T12:02:15.981244+00:00,4,0,True,True
608535015,2026-08-17T12:02:15.981244+00:00,1,0,True,True
608535016,2026-08-17T12:02:15.981244+00:00,3,0,True,True
608535017,2026-08-17T12:02:15.981244+00:00,9,0,True,True
608535018,2026-08-17T12:02:15.981244+00:00,7,0,True,True
608535019,2026-08-17T12:02:15.981244+00:00,2,0,True,True
608535020,2026-08-17T12:02:15.981244+00:00,2,0,True,True
608535021,2026-08-17T12:02:15.981244+00:00,2,0,True,True
608535022,2026-08-17T12:02:15.981244+00:00,3,0,True,True
608535023,2026-08-17T12:02:15.981244+00:00,3,0,True,True
608535024,2026-08-17T12:02:15.981244+00:00,3,0,True,True
608535025,2026-08-17T12:02:15.981244+00:00,0,0,True,True
608535026,2026-08-17T12:02:15.981244+00:00,2,0,True,True
608535027,2026-08-17T12:02:15.981244+00:00,7,0,True,True
608535028,2026-08-17T12:02:15.981244+00:00,7,0,True,True
608535029,2026-08-17T12:02:15.981244+00:00,6,0,True,True
608535030,2026-08-17T12:02:15.981244+00:00,0,0,True,True
608535031,2026-08-17T12:02:15.981244+00:00,12,0,True,True
608535032,2026-08-17T12:02:15.981244+00:00,4,0,True,True
608535033,2026-08-17T12:02:15.981244+00:00,8,0,True,True
608535034,2026-08-17T12:02:15.981244+00:00,4,0,True,True
608535036,2026-08-17T12:02:15.981244+00:00,7,0,True,True
608535037,2026-08-17T12:02:15.981244+00:00,8,0,True,True
608535038,2026-08-17T12:02:15.981244+00:00,3,0,True,True
608535039,2026-08-17T12:02:15.981244+00:00,6,0,True,True
608535040,2026-08-17T12:02:15.981244+00:00,4,0,True,True
608535041,2026-08-17T12:02:15.981244+00:00,8,0,True,True
608535042,2026-08-17T12:02:15.981244+00:00,9,0,True,True
608535043,2026-08-17T12:02:15.981244+00:00,7,0,True,True
608535044,2026-08-17T12:02:15.981244+00:00,2,0,True,True
608535045,2026-08-17T12:02:15.981244+00:00,8,0,True,True
608535046,2026-08-17T12:02:15.981244+00:00,5,0,True,True
608535047,2026-08-17T12:02:15.981244+00:00,4,0,True,True
608535048,2026-08-17T12:02:15.981244+00:00,17,0,True,True
608535049,2026-08-17T12:02:15.981244+00:00,9,0,True,True
608535050,2026-08-17T12:02:15.981244+00:00,12,0,True,True
608535051,2026-08-17T12:02:15.981244+00:00,12,0,True,True
608535052,2026-08-17T12:02:15.981244+00:00,12,0,True,True
608535053,2026-08-17T12:02:15.981244+00:00,4,0,True,True
608535054,2026-08-17T12:02:15.981244+00:00,4,0,True,True
608535055,2026-08-17T12:02:15.981244+00:00,6,0,True,True
608535057,2026-08-17T12:02:15.981244+00:00,13,0,True,True
608535058,2026-08-17T12:02:15.981244+00:00,10,0,True,True
608535059,2026-08-17T12:02:15.981244+00:00,17,0,True,True
608535060,2026-08-17T12:02:15.981244+00:00,13,0,True,True
608535061,2026-08-17T12:02:15.981244+00:00,4,0,True,True
608535062,2026-08-17T12:02:15.981244+00:00,8,0,True,True
608535063,2026-08-17T12:02:15.981244+00:00,7,0,True,True
608535064,2026-08-17T12:02:15.981244+00:00,6,0,True,True
608535065,2026-08-17T12:02:15.981244+00:00,5,0,True,True
608535066,2026-08-17T12:02:15.981244+00:00,12,0,True,True
608535067,2026-08-17T12:02:15.981244+00:00,21,0,True,True
608535068,2026-08-17T12:02:15.981244+00:00,3,0,True,True
608535069,2026-08-17T12:02:15.981244+00:00,6,0,True,True
608535070,2026-08-17T12:02:15.981244+00:00,6,0,True,True
608535071,2026-08-17T12:02:15.981244+00:00,4,0,True,True
608535072,2026-08-17T12:02:15.981244+00:00,2,0,True,True
608535073,2026-08-17T12:02:15.981244+00:00,2,0,True,True
608535074,2026-08-17T12:02:15.981244+00:00,8,0,True,True
608535075,2026-08-17T12:02:15.981244+00:00,4,0,True,True
608535077,2026-08-17T12:02:15.981244+00:00,3,0,True,True
608535078,2026-08-17T12:02:15.981244+00:00,5,0,True,True
608535079,2026-08-17T12:02:15.981244+00:00,3,0,True,True
608535080,2026-08-17T12:02:15.981244+00:00,3,0,True,True
608535081,2026-08-17T12:02:15.981244+00:00,15,0,True,True
608535082,2026-08-17T12:02:15.981244+00:00,5,0,True,True
608535083,2026-08-17T12:02:15.981244+00:00,4,0,True,True
608535084,2026-08-17T12:02:15.981244+00:00,4,0,True,True
608535085,2026-08-17T12:02:15.981244+00:00,5,0,True,True
608535086,2026-08-17T12:02:15.981244+00:00,5,0,True,True
608535087,2026-08-17T12:02:15.981244+00:00,2,0,True,True
608535088,2026-08-17T12:02:15.981244+00:00,2,0,True,True
608535089,2026-08-17T12:02:15.981244+00:00,1,0,True,True
608535090,2026-08-17T12:02:15.981244+00:00,2,0,True,True
608535091,2026-08-17T12:02:15.981244+00:00,0,0,True,True
608535092,2026-08-17T12:02:15.981244+00:00,5,0,True,True
608535093,2026-08-17T12:02:15.981244+00:00,2,0,True,True
608535094,2026-08-17T12:02:15.981244+00:00,11,0,True,True
608535095,2026-08-17T12:02:15.981244+00:00,4,0,True,True
608535096,2026-08-17T12:02:15.981244+00:00,4,0,True,True
608535097,2026-08-17T12:02:15.981244+00:00,4,0,True,True
608535098,2026-08-17T12:02:15.981244+00:00,8,0,True,True
608535099,2026-08-17T12:02:15.981244+00:00,14,0,True,True
608535100,2026-08-17T12:02:15.981244+00:00,7,0,True,True
608535101,2026-08-17T12:02:15.981244+00:00,6,0,True,True
608535102,2026-08-17T12:02:15.981244+00:00,0,0,True,True
608535103,2026-08-17T12:02:15.981244+00:00,11,0,True,True
608535104,2026-08-17T12:02:15.981244+00:00,2,0,True,True
608535105,2026-08-17T12:02:15.981244+00:00,10,0,True,True
608535106,2026-08-17T12:02:15.981244+00:00,2,0,True,True
608535107,2026-08-17T12:02:15.981244+00:00,4,0,True,True
608535108,2026-08-17T12:02:15.981244+00:00,8,0,True,True
608535109,2026-08-17T12:02:15.981244+00:00,8,0,True,True
608535110,2026-08-17T12:02:15.981244+00:00,10,0,True,True
608535111,2026-08-17T12:02:15.981244+00:00,1,0,True,True
608535112,2026-08-17T12:02:15.981244+00:00,4,0,True,True
608535113,2026-08-17T12:02:15.981244+00:00,4,0,True,True
608535114,2026-08-17T12:02:15.981244+00:00,1,0,True,True
608535116,2026-08-17T12:02:15.981244+00:00,3,0,True,True
608535117,2026-08-17T12:02:15.981244+00:00,10,0,True,True
608535118,2026-08-17T12:02:15.981244+00:00,4,0,True,True
608535119,2026-08-17T12:02:15.981244+00:00,0,0,True,True
608535120,2026-08-17T12:02:15.981244+00:00,7,0,True,True
608535121,2026-08-17T12:02:15.981244+00:00,0,0,True,True
608535122,2026-08-17T12:02:15.981244+00:00,4,0,True,True
608535123,2026-08-17T12:02:15.981244+00:00,1,0,True,True
608535124,2026-08-17T12:02:15.981244+00:00,9,0,True,True
608535125,2026-08-17T12:02:15.981244+00:00,0,0,True,True
608535126,2026-08-17T12:02:15.981244+00:00,9,0,True,True
608535127,2026-08-17T12:02:15.981244+00:00,2,0,True,True
608535128,2026-08-17T12:02:15.981244+00:00,1,0,True,True
608535129,2026-08-17T12:02:15.981244+00:00,4,0,True,True
608535130,2026-08-17T12:02:15.981244+00:00,3,0,True,True
608535131,2026-08-17T12:02:15.981244+00:00,7,0,True,True
608535132,2026-08-17T12:02:15.981244+00:00,0,0,True,True
608535133,2026-08-17T12:02:15.981244+00:00,6,0,True,True
608535134,2026-08-17T12:02:15.981244+00:00,1,0,True,True
608535135,2026-08-17T12:02:15.981244+00:00,6,0,True,True
608535136,2026-08-17T12:02:15.981244+00:00,0,0,True,True
608535137,2026-08-17T12:02:15.981244+00:00,0,0,True,True
608535138,2026-08-17T12:02:15.981244+00:00,4,0,True,True
608535139,2026-08-17T12:02:15.981244+00:00,3,0,True,True
608535140,2026-08-17T12:02:15.981244+00:00,3,0,True,True
608535141,2026-08-17T12:02:15.981244+00:00,6,0,True,True
608535142,2026-08-17T12:02:15.981244+00:00,9,0,True,True
608535143,2026-08-17T12:02:15.981244+00:00,2,0,True,True
608535144,2026-08-17T12:02:15.981244+00:00,9,0,True,True
608535145,2026-08-17T12:02:15.981244+00:00,5,0,True,True
608535146,2026-08-17T12:02:15.981244+00:00,2,0,True,True
608535147,2026-08-17T12:02:15.981244+00:00,6,0,True,True
608535148,2026-08-17T12:02:15.981244+00:00,3,0,True,True
608535149,2026-08-17T12:02:15.981244+00:00,3,0,True,True
608535150,2026-08-17T12:02:15.981244+00:00,11,0,True,True
608535151,2026-08-17T12:02:15.981244+00:00,0,0,True,True
608535152,2026-08-17T12:02:15.981244+00:00,3,0,True,True
608535153,2026-08-17T12:02:15.981244+00:00,2,0,True,True
608535154,2026-08-17T12:02:15.981244+00:00,0,0,True,True
608535155,2026-08-17T12:02:15.981244+00:00,1,0,True,True
608535156,2026-08-17T12:02:15.981244+00:00,2,0,True,True
608535157,2026-08-17T12:02:15.981244+00:00,3,0,True,True
608535158,2026-08-17T12:02:15.981244+00:00,1,0,True,True
608535159,2026-08-17T12:02:15.981244+00:00,0,0,True,True
608535160,2026-08-17T12:02:15.981244+00:00,0,0,True,True
608535162,2026-08-17T12:02:15.981244+00:00,2,0,True,True
608535163,2026-08-17T12:02:15.981244+00:00,3,0,True,True
608535164,2026-08-17T12:02:15.981244+00:00,2,0,True,True
608535165,2026-08-17T12:02:15.981244+00:00,2,0,True,True
608535166,2026-08-17T12:02:15.981244+00:00,3,0,True,True
608535167,2026-08-17T12:02:15.981244+00:00,3,0,True,True
608535168,2026-08-17T12:02:15.981244+00:00,5,0,True,True
608535169,2026-08-17T12:02:15.981244+00:00,9,0,True,True
608535170,2026-08-17T12:02:15.981244+00:00,4,0,True,True
608535171,2026-08-17T12:02:15.981244+00:00,3,0,True,True
608535172,2026-08-17T12:02:15.981244+00:00,6,0,True,True
608535173,2026-08-17T12:02:15.981244+00:00,9,0,True,True
608535174,2026-08-17T12:02:15.981244+00:00,0,0,True,True
608535175,2026-08-17T12:02:15.981244+00:00,0,0,True,True
608535176,2026-08-17T12:02:15.981244+00:00,1,0,True,True
608535178,2026-08-17T12:02:15.981244+00:00,9,0,True,True
608535179,2026-08-17T12:02:15.981244+00:00,7,0,True,True
608535180,2026-08-17T12:02:15.981244+00:00,1,0,True,True
608535181,2026-08-17T12:02:15.981244+00:00,3,0,True,True
608535182,2026-08-17T12:02:15.981244+00:00,3,0,True,True
608535183,2026-08-17T12:02:15.981244+00:00,2,0,True,True
608535184,2026-08-17T12:02:15.981244+00:00,0,0,True,True
608535185,2026-08-17T12:02:15.981244+00:00,5,0,True,True
608535186,2026-08-17T12:02:15.981244+00:00,9,0,True,True
608535187,2026-08-17T12:02:15.981244+00:00,0,0,True,True
608535188,2026-08-17T12:02:15.981244+00:00,9,0,True,True
608535189,2026-08-17T12:02:15.981244+00:00,0,0,True,True
608535190,2026-08-17T12:02:15.981244+00:00,6,0,True,True
608535192,2026-08-17T12:02:15.981244+00:00,13,0,True,True
608535193,2026-08-17T12:02:15.981244+00:00,8,0,True,True
608535194,2026-08-17T12:02:15.981244+00:00,1,0,True,True
608535195,2026-08-17T12:02:15.981244+00:00,2,0,True,True
608535196,2026-08-17T12:02:15.981244+00:00,4,0,True,True
608535197,2026-08-17T12:02:15.981244+00:00,0,0,True,True
608535198,2026-08-17T12:02:15.981244+00:00,0,0,True,True
608535199,2026-08-17T12:02:15.981244+00:00,7,0,True,True
608535200,2026-08-17T12:02:15.981244+00:00,3,0,True,True
608535201,2026-08-17T12:02:15.981244+00:00,2,0,True,True
608535202,2026-08-17T12:02:15.981244+00:00,0,0,True,True
608535203,2026-08-17T12:02:15.981244+00:00,9,0,True,True
608535204,2026-08-17T12:02:15.981244+00:00,3,0,True,True
608535205,2026-08-17T12:02:15.981244+00:00,8,0,True,True
608535206,2026-08-17T12:02:15.981244+00:00,6,0,True,True
608535207,2026-08-17T12:02:15.981244+00:00,4,0,True,True
608535208,2026-08-17T12:02:15.981244+00:00,6,0,True,True
608535209,2026-08-17T12:02:15.981244+00:00,0,0,True,True
608535210,2026-08-17T12:02:15.981244+00:00,11,0,True,True
608535211,2026-08-17T12:02:15.981244+00:00,3,0,True,True
608535212,2026-08-17T12:02:15.981244+00:00,3,0,True,True
608535213,2026-08-17T12:02:15.981244+00:00,12,0,True,True
608535214,2026-08-17T12:02:15.981244+00:00,3,0,True,True
608535215,2026-08-17T12:02:15.981244+00:00,2,0,True,True
608535216,2026-08-17T12:02:15.981244+00:00,9,0,True,True
608535217,2026-08-17T12:02:15.981244+00:00,6,0,True,True
608535218,2026-08-17T12:02:15.981244+00:00,8,0,True,True
608535219,2026-08-17T12:02:15.981244+00:00,1,0,True,True
608535220,2026-08-17T12:02:15.981244+00:00,3,0,True,True
608535221,2026-08-17T12:02:15.981244+00:00,2,0,True,True
608535222,2026-08-17T12:02:15.981244+00:00,6,0,True,True
608535223,2026-08-17T12:02:15.981244+00:00,10,0,True,True
608535224,2026-08-17T12:02:15.981244+00:00,3,0,True,True
608535225,2026-08-17T12:02:15.981244+00:00,4,0,True,True
608535226,2026-08-17T12:02:15.981244+00:00,0,0,True,True
608535227,2026-08-17T12:02:15.981244+00:00,0,0,True,True
608535228,2026-08-17T12:02:15.981244+00:00,10,0,True,True
608535229,2026-08-17T12:02:15.981244+00:00,12,0,True,True
608535230,2026-08-17T12:02:15.981244+00:00,3,0,True,True
608535231,2026-08-17T12:02:15.981244+00:00,3,0,True,True
608535232,2026-08-17T12:02:15.981244+00:00,2,0,True,True
608535234,2026-08-17T12:02:15.981244+00:00,13,0,True,True
608535235,2026-08-17T12:02:15.981244+00:00,9,0,True,True
608535236,2026-08-17T12:02:15.981244+00:00,5,0,True,True
608535237,2026-08-17T12:02:15.981244+00:00,6,0,True,True
608535238,2026-08-17T12:02:15.981244+00:00,4,0,True,True
608535239,2026-08-17T12:02:15.981244+00:00,5,0,True,True
608535240,2026-08-17T12:02:15.981244+00:00,3,0,True,True
608535241,2026-08-17T12:02:15.981244+00:00,2,0,True,True
608535242,2026-08-17T12:02:15.981244+00:00,11,0,True,True
608535243,2026-08-17T12:02:15.981244+00:00,7,0,True,True
608535244,2026-08-17T12:02:15.981244+00:00,0,0,True,True
608535245,2026-08-17T12:02:15.981244+00:00,11,0,True,True
608535246,2026-08-17T12:02:15.981244+00:00,5,0,True,True
608535247,2026-08-17T12:02:15.981244+00:00,7,0,True,True
608535248,2026-08-17T12:02:15.981244+00:00,5,0,True,True
608535249,2026-08-17T12:02:15.981244+00:00,6,0,True,True
608535250,2026-08-17T12:02:15.981244+00:00,4,0,True,True
608535251,2026-08-17T12:02:15.981244+00:00,8,0,True,True
608535252,2026-08-17T12:02:15.981244+00:00,5,0,True,True
608535254,2026-08-17T12:02:15.981244+00:00,3,0,True,True
608535255,2026-08-17T12:02:15.981244+00:00,2,0,True,True
613312171,2026-08-17T12:02:15.981244+00:00,12,0,True,True
613312172,2026-08-17T12:02:15.981244+00:00,0,0,True,True
613312173,2026-08-17T12:02:15.981244+00:00,9,0,True,True
613312174,2026-08-17T12:02:15.981244+00:00,1,0,True,True
613312175,2026-08-17T12:02:15.981244+00:00,5,0,True,True
613312176,2026-08-17T12:02:15.981244+00:00,12,0,True,True
613312177,2026-08-17T12:02:15.981244+00:00,1,0,True,True
613312179,2026-08-17T12:02:15.981244+00:00,11,0,True,True
613312180,2026-08-17T12:02:15.981244+00:00,4,0,True,True
613312181,2026-08-17T12:02:15.981244+00:00,18,0,True,True
613312182,2026-08-17T12:02:15.981244+00:00,7,0,True,True
613312183,2026-08-17T12:02:15.981244+00:00,11,0,True,True
613312184,2026-08-17T12:02:15.981244+00:00,2,0,True,True
613312185,2026-08-17T12:02:15.981244+00:00,1,0,True,True
613312186,2026-08-17T12:02:15.981244+00:00,0,0,True,True
613312187,2026-08-17T12:02:15.981244+00:00,1,0,True,True
613312188,2026-08-17T12:02:15.981244+00:00,0,0,True,True
613312189,2026-08-17T12:02:15.981244+00:00,1,0,True,True
613312190,2026-08-17T12:02:15.981244+00:00,0,0,True,True
613312191,2026-08-17T12:02:15.981244+00:00,5,0,True,True
613312192,2026-08-17T12:02:15.981244+00:00,0,0,True,True
613312193,2026-08-17T12:02:15.981244+00:00,0,0,True,True
613312194,2026-08-17T12:02:15.981244+00:00,1,0,True,True
613312195,2026-08-17T12:02:15.981244+00:00,3,0,True,True
613312196,2026-08-17T12:02:15.981244+00:00,5,0,True,True
613312197,2026-08-17T12:02:15.981244+00:00,2,0,True,True
613312198,2026-08-17T12:02:15.981244+00:00,8,0,True,True
613312199,2026-08-17T12:02:15.981244+00:00,4,0,True,True
613312200,2026-08-17T12:02:15.981244+00:00,7,0,True,True
613312201,2026-08-17T12:02:15.981244+00:00,0,0,True,True
613312202,2026-08-17T12:02:15.981244+00:00,10,0,True,True
613312203,2026-08-17T12:02:15.981244+00:00,2,0,True,True
613312204,2026-08-17T12:02:15.981244+00:00,2,0,True,True
613312205,2026-08-17T12:02:15.981244+00:00,9,0,True,True
613312206,2026-08-17T12:02:15.981244+00:00,4,0,True,True
613312207,2026-08-17T12:02:15.981244+00:00,4,0,True,True
613312208,2026-08-17T12:02:15.981244+00:00,9,0,True,True
613312209,2026-08-17T12:02:15.981244+00:00,0,0,True,True
613312210,2026-08-17T12:02:15.981244+00:00,0,0,True,True
613312211,2026-08-17T12:02:15.981244+00:00,3,0,True,True
613312212,2026-08-17T12:02:15.981244+00:00,4,0,True,True
613312213,2026-08-17T12:02:15.981244+00:00,3,0,True,True
613312214,2026-08-17T12:02:15.981244+00:00,4,0,True,True
613312215,2026-08-17T12:02:15.981244+00:00,6,0,True,True
613312216,2026-08-17T12:02:15.981244+00:00,5,0,True,True
613312217,2026-08-17T12:02:15.981244+00:00,1,0,True,True
613312218,2026-08-17T12:02:15.981244+00:00,6,0,True,True
613312219,2026-08-17T12:02:15.981244+00:00,2,0,True,True
613312220,2026-08-17T12:02:15.981244+00:00,2,0,True,True
613312221,2026-08-17T12:02:15.981244+00:00,10,0,True,True
613312222,2026-08-17T12:02:15.981244+00:00,10,0,True,True
613312223,2026-08-17T12:02:15.981244+00:00,4,0,True,True
613312224,2026-08-17T12:02:15.981244+00:00,6,0,True,True
613312225,2026-08-17T12:02:15.981244+00:00,11,0,True,True
613312226,2026-08-17T12:02:15.981244+00:00,6,0,True,True
613312227,2026-08-17T12:02:15.981244+00:00,5,0,True,True
613312228,2026-08-17T12:02:15.981244+00:00,4,0,True,True
613312229,2026-08-17T12:02:15.981244+00:00,9,0,True,True
613312230,2026-08-17T12:02:15.981244+00:00,1,0,True,True
613312231,2026-08-17T12:02:15.981244+00:00,5,0,True,True
613312233,2026-08-17T12:02:15.981244+00:00,1,0,True,True
613312234,2026-08-17T12:02:15.981244+00:00,3,0,True,True
613312236,2026-08-17T12:02:15.981244+00:00,5,0,True,True
613312237,2026-08-17T12:02:15.981244+00:00,9,0,True,True
613312238,2026-08-17T12:02:15.981244+00:00,2,0,True,True
613312239,2026-08-17T12:02:15.981244+00:00,1,0,True,True
613312240,2026-08-17T12:02:15.981244+00:00,3,0,True,True
613312241,2026-08-17T12:02:15.981244+00:00,2,0,True,True
613312242,2026-08-17T12:02:15.981244+00:00,4,0,True,True
613312243,2026-08-17T12:02:15.981244+00:00,2,0,True,True
613312244,2026-08-17T12:02:15.981244+00:00,9,0,True,True
613312245,2026-08-17T12:02:15.981244+00:00,1,0,True,True
613312246,2026-08-17T12:02:15.981244+00:00,4,0,True,True
613312247,2026-08-17T12:02:15.981244+00:00,3,0,True,True
613312248,2026-08-17T12:02:15.981244+00:00,5,0,True,True
613312249,2026-08-17T12:02:15.981244+00:00,2,0,True,True
613312250,2026-08-17T12:02:15.981244+00:00,10,0,True,True
613312251,2026-08-17T12:02:15.981244+00:00,7,0,True,True
613312252,2026-08-17T12:02:15.981244+00:00,4,0,True,True
613312253,2026-08-17T12:02:15.981244+00:00,2,0,True,True
613312254,2026-08-17T12:02:15.981244+00:00,7,0,True,True
613312255,2026-08-17T12:02:15.981244+00:00,2,0,True,True
613312256,2026-08-17T12:02:15.981244+00:00,10,0,True,True
613312257,2026-08-17T12:02:15.981244+00:00,6,0,True,True
613312258,2026-08-17T12:02:15.981244+00:00,4,0,True,True
613312259,2026-08-17T12:02:15.981244+00:00,7,0,True,True
613312260,2026-08-17T12:02:15.981244+00:00,0,0,True,True
613312261,2026-08-17T12:02:15.981244+00:00,0,0,True,True
613312262,2026-08-17T12:02:15.981244+00:00,0,0,True,True
613312263,2026-08-17T12:02:15.981244+00:00,3,0,True,True
613312264,2026-08-17T12:02:15.981244+00:00,3,0,True,True
613312265,2026-08-17T12:02:15.981244+00:00,8,0,True,True
613312266,2026-08-17T12:02:15.981244+00:00,4,0,True,True
613312267,2026-08-17T12:02:15.981244+00:00,5,0,True,True
613312268,2026-08-17T12:02:15.981244+00:00,8,0,True,True
613312269,2026-08-17T12:02:15.981244+00:00,11,0,True,True
613312270,2026-08-17T12:02:15.981244+00:00,11,0,True,True
613312271,2026-08-17T12:02:15.981244+00:00,0,0,True,True
613312272,2026-08-17T12:02:15.981244+00:00,6,0,True,True
613312273,2026-08-17T12:02:15.981244+00:00,8,0,True,True
613312274,2026-08-17T12:02:15.981244+00:00,9,0,True,True
613312275,2026-08-17T12:02:15.981244+00:00,17,0,True,True
613312276,2026-08-17T12:02:15.981244+00:00,0,0,True,True
613312277,2026-08-17T12:02:15.981244+00:00,1,0,True,True
613312278,2026-08-17T12:02:15.981244+00:00,3,0,True,True
613312279,2026-08-17T12:02:15.981244+00:00,10,0,True,True
613312281,2026-08-17T12:02:15.981244+00:00,0,0,True,True
613312282,2026-08-17T12:02:15.981244+00:00,2,0,True,True
613312283,2026-08-17T12:02:15.981244+00:00,3,0,True,True
613312284,2026-08-17T12:02:15.981244+00:00,7,0,True,True
613312285,2026-08-17T12:02:15.981244+00:00,3,0,True,True
613312286,2026-08-17T12:02:15.981244+00:00,0,0,True,True
613312287,2026-08-17T12:02:15.981244+00:00,5,0,True,True
613312288,2026-08-17T12:02:15.981244+00:00,5,0,True,True
613312289,2026-08-17T12:02:15.981244+00:00,7,0,True,True
613312290,2026-08-17T12:02:15.981244+00:00,9,0,True,True
613312291,2026-08-17T12:02:15.981244+00:00,5,0,True,True
613312292,2026-08-17T12:02:15.981244+00:00,3,0,True,True
613312293,2026-08-17T12:02:15.981244+00:00,11,0,True,True
613312294,2026-08-17T12:02:15.981244+00:00,11,0,True,True
613312295,2026-08-17T12:02:15.981244+00:00,15,0,True,True
613312296,2026-08-17T12:02:15.981244+00:00,6,0,True,True
613312297,2026-08-17T12:02:15.981244+00:00,4,0,True,True
613312298,2026-08-17T12:02:15.981244+00:00,4,0,True,True
613312299,2026-08-17T12:02:15.981244+00:00,6,0,True,True
613312300,2026-08-17T12:02:15.981244+00:00,15,0,True,True
613312301,2026-08-17T12:02:15.981244+00:00,9,0,True,True
613312302,2026-08-17T12:02:15.981244+00:00,4,0,True,True
613312303,2026-08-17T12:02:15.981244+00:00,9,0,True,True
613312304,2026-08-17T12:02:15.981244+00:00,9,0,True,True
613312305,2026-08-17T12:02:15.981244+00:00,21,0,True,True
613312306,2026-08-17T12:02:15.981244+00:00,12,0,True,True
613312307,2026-08-17T12:02:15.981244+00:00,8,0,True,True
613312308,2026-08-17T12:02:15.981244+00:00,5,0,True,True
613312309,2026-08-17T12:02:15.981244+00:00,9,0,True,True
613312310,2026-08-17T12:02:15.981244+00:00,7,0,True,True
613312311,2026-08-17T12:02:15.981244+00:00,15,0,True,True
613312312,2026-08-17T12:02:15.981244+00:00,18,0,True,True
613312313,2026-08-17T12:02:15.981244+00:00,4,0,True,True
613312314,2026-08-17T12:02:15.981244+00:00,9,0,True,True
613312315,2026-08-17T12:02:15.981244+00:00,6,0,True,True
613510037,2026-08-17T12:02:15.981244+00:00,0,0,True,True
624056982,2026-08-17T12:02:15.981244+00:00,5,0,True,True
624057057,2026-08-17T12:02:15.981244+00:00,3,0,True,True
631244273,2026-08-17T12:02:15.981244+00:00,1,0,True,True
631244274,2026-08-17T12:02:15.981244+00:00,2,0,True,True
631244275,2026-08-17T12:02:15.981244+00:00,2,0,True,True
631244276,2026-08-17T12:02:15.981244+00:00,9,0,True,True
631244277,2026-08-17T12:02:15.981244+00:00,2,0,True,True
631244278,2026-08-17T12:02:15.981244+00:00,1,0,True,True
631244280,2026-08-17T12:02:15.981244+00:00,7,0,True,True
631244281,2026-08-17T12:02:15.981244+00:00,6,0,True,True
631244286,2026-08-17T12:02:15.981244+00:00,2,0,True,True
631244287,2026-08-17T12:02:15.981244+00:00,7,0,True,True
631244288,2026-08-17T12:02:15.981244+00:00,9,0,True,True
631244289,2026-08-17T12:02:15.981244+00:00,1,0,True,True
631244290,2026-08-17T12:02:15.981244+00:00,2,0,True,True
631244291,2026-08-17T12:02:15.981244+00:00,2,0,True,True
631244292,2026-08-17T12:02:15.981244+00:00,4,0,True,True
631244293,2026-08-17T12:02:15.981244+00:00,2,0,True,True
631244294,2026-08-17T12:02:15.981244+00:00,4,0,True,True
631244295,2026-08-17T12:02:15.981244+00:00,2,0,True,True
631244297,2026-08-17T12:02:15.981244+00:00,4,0,True,True
631244302,2026-08-17T12:02:15.981244+00:00,7,0,True,True
631244303,2026-08-17T12:02:15.981244+00:00,5,0,True,True
631244304,2026-08-17T12:02:15.981244+00:00,4,0,True,True
631244306,2026-08-17T12:02:15.981244+00:00,2,0,True,True
631244308,2026-08-17T12:02:15.981244+00:00,14,0,True,True
631244309,2026-08-17T12:02:15.981244+00:00,11,0,True,True
631244311,2026-08-17T12:02:15.981244+00:00,6,0,True,True
631244312,2026-08-17T12:02:15.981244+00:00,1,0,True,True
631244313,2026-08-17T12:02:15.981244+00:00,0,0,True,True
631244315,2026-08-17T12:02:15.981244+00:00,6,0,True,True
631244316,2026-08-17T12:02:15.981244+00:00,4,0,True,True
637793642,2026-08-17T12:02:15.981244+00:00,10,0,True,True
637794034,2026-08-17T12:02:15.981244+00:00,2,0,True,True
608535280,2026-08-17T13:07:28.204669+00:00,6,0,True,True
608535281,2026-08-17T13:07:28.204669+00:00,7,0,True,True
608535282,2026-08-17T13:07:28.204669+00:00,6,0,True,True
608535283,2026-08-17T13:07:28.204669+00:00,4,0,True,True
608535284,2026-08-17T13:07:28.204669+00:00,5,0,True,True
608535285,2026-08-17T13:07:28.204669+00:00,2,0,True,True
608535286,2026-08-17T13:07:28.204669+00:00,4,0,True,True
608535287,2026-08-17T13:07:28.204669+00:00,5,0,True,True
608535288,2026-08-17T13:07:28.204669+00:00,2,0,True,True
608535289,2026-08-17T13:07:28.204669+00:00,2,0,True,True
608535290,2026-08-17T13:07:28.204669+00:00,5,0,True,True
608535291,2026-08-17T13:07:28.204669+00:00,8,0,True,True
608535292,2026-08-17T13:07:28.204669+00:00,2,0,True,True
608535293,2026-08-17T13:07:28.204669+00:00,7,0,True,True
608535294,2026-08-17T13:07:28.204669+00:00,5,0,True,True
608535295,2026-08-17T13:07:28.204669+00:00,6,0,True,True
608535296,2026-08-17T13:07:28.204669+00:00,5,0,True,True
608535297,2026-08-17T13:07:28.204669+00:00,7,0,True,True
608535298,2026-08-17T13:07:28.204669+00:00,6,0,True,True
608535299,2026-08-17T13:07:28.204669+00:00,5,0,True,True
608535300,2026-08-17T13:07:28.204669+00:00,7,0,True,True
608535301,2026-08-17T13:07:28.204669+00:00,8,0,True,True
608535302,2026-08-17T13:07:28.204669+00:00,7,0,True,True
608535303,2026-08-17T13:07:28.204669+00:00,5,0,True,True
608535304,2026-08-17T13:07:28.204669+00:00,5,0,True,True
608535305,2026-08-17T13:07:28.204669+00:00,8,0,True,True
608535306,2026-08-17T13:07:28.204669+00:00,2,0,True,True
608535307,2026-08-17T13:07:28.204669+00:00,7,0,True,True
608535308,2026-08-17T13:07:28.204669+00:00,6,0,True,True
608535309,2026-08-17T13:07:28.204669+00:00,3,0,True,True
608535310,2026-08-17T13:07:28.204669+00:00,6,0,True,True
608535311,2026-08-17T13:07:28.204669+00:00,5,0,True,True
608535312,2026-08-17T13:07:28.204669+00:00,3,0,True,True
608535313,2026-08-17T13:07:28.204669+00:00,0,0,True,True
608535314,2026-08-17T13:07:28.204669+00:00,5,0,True,True
608535315,2026-08-17T13:07:28.204669+00:00,9,0,True,True
608535316,2026-08-17T13:07:28.204669+00:00,6,0,True,True
608535317,2026-08-17T13:07:28.204669+00:00,6,0,True,True
608535318,2026-08-17T13:07:28.204669+00:00,10,0,True,True
608535319,2026-08-17T13:07:28.204669+00:00,5,0,True,True
608535320,2026-08-17T13:07:28.204669+00:00,6,0,True,True
608535321,2026-08-17T13:07:28.204669+00:00,3,0,True,True
608535322,2026-08-17T13:07:28.204669+00:00,13,0,True,True
608535323,2026-08-17T13:07:28.204669+00:00,3,0,True,True
608535324,2026-08-17T13:07:28.204669+00:00,3,0,True,True
608535325,2026-08-17T13:07:28.204669+00:00,5,0,True,True
608535326,2026-08-17T13:07:28.204669+00:00,5,0,True,True
608535327,2026-08-17T13:07:28.204669+00:00,9,0,True,True
608535328,2026-08-17T13:07:28.204669+00:00,11,0,True,True
608535329,2026-08-17T13:07:28.204669+00:00,4,0,True,True
608535330,2026-08-17T13:07:28.204669+00:00,6,0,True,True
608535331,2026-08-17T13:07:28.204669+00:00,2,0,True,True
608535332,2026-08-17T13:07:28.204669+00:00,11,0,True,True
608535333,2026-08-17T13:07:28.204669+00:00,5,0,True,True
608535334,2026-08-17T13:07:28.204669+00:00,3,0,True,True
608535335,2026-08-17T13:07:28.204669+00:00,5,0,True,True
608535336,2026-08-17T13:07:28.204669+00:00,7,0,True,True
608535337,2026-08-17T13:07:28.204669+00:00,3,0,True,True
608535338,2026-08-17T13:07:28.204669+00:00,1,0,True,True
608535339,2026-08-17T13:07:28.204669+00:00,6,0,True,True
608535340,2026-08-17T13:07:28.204669+00:00,11,0,True,True
608535341,2026-08-17T13:07:28.204669+00:00,6,0,True,True
608535342,2026-08-17T13:07:28.204669+00:00,1,0,True,True
608535343,2026-08-17T13:07:28.204669+00:00,3,0,True,True
608535344,2026-08-17T13:07:28.204669+00:00,4,0,True,True
608535345,2026-08-17T13:07:28.204669+00:00,8,0,True,True
608535346,2026-08-17T13:07:28.204669+00:00,2,0,True,True
608535256,2026-08-17T13:07:28.204669+00:00,6,0,True,True
608535257,2026-08-17T13:07:28.204669+00:00,5,0,True,True
608535258,2026-08-17T13:07:28.204669+00:00,3,0,True,True
608535259,2026-08-17T13:07:28.204669+00:00,3,0,True,True
608535260,2026-08-17T13:07:28.204669+00:00,14,0,True,True
608535261,2026-08-17T13:07:28.204669+00:00,2,0,True,True
608535262,2026-08-17T13:07:28.204669+00:00,4,0,True,True
608535263,2026-08-17T13:07:28.204669+00:00,3,0,True,True
608535265,2026-08-17T13:07:28.204669+00:00,2,0,True,True
608535266,2026-08-17T13:07:28.204669+00:00,4,0,True,True
608535267,2026-08-17T13:07:28.204669+00:00,4,0,True,True
608535268,2026-08-17T13:07:28.204669+00:00,2,0,True,True
608535270,2026-08-17T13:07:28.204669+00:00,8,0,True,True
608535271,2026-08-17T13:07:28.204669+00:00,1,0,True,True
608535272,2026-08-17T13:07:28.204669+00:00,7,0,True,True
608535273,2026-08-17T13:07:28.204669+00:00,5,0,True,True
608535274,2026-08-17T13:07:28.204669+00:00,5,0,True,True
608535276,2026-08-17T13:07:28.204669+00:00,8,0,True,True
608535277,2026-08-17T13:07:28.204669+00:00,2,0,True,True
608535278,2026-08-17T13:07:28.204669+00:00,3,0,True,True
608535279,2026-08-17T13:07:28.204669+00:00,5,0,True,True
608535378,2026-08-17T13:07:28.204669+00:00,4,0,True,True
608535379,2026-08-17T13:07:28.204669+00:00,7,0,True,True
608535380,2026-08-17T13:07:28.204669+00:00,9,0,True,True
608535381,2026-08-17T13:07:28.204669+00:00,1,0,True,True
608535383,2026-08-17T13:07:28.204669+00:00,7,0,True,True
608535384,2026-08-17T13:07:28.204669+00:00,3,0,True,True
608535385,2026-08-17T13:07:28.204669+00:00,0,0,True,True
608535386,2026-08-17T13:07:28.204669+00:00,14,0,True,True
608535387,2026-08-17T13:07:28.204669+00:00,6,0,True,True
608535388,2026-08-17T13:07:28.204669+00:00,10,0,True,True
608535389,2026-08-17T13:07:28.204669+00:00,0,0,True,True
608535390,2026-08-17T13:07:28.204669+00:00,11,0,True,True
608535391,2026-08-17T13:07:28.204669+00:00,1,0,True,True
608535392,2026-08-17T13:07:28.204669+00:00,7,0,True,True
608535393,2026-08-17T13:07:28.204669+00:00,11,0,True,True
608535394,2026-08-17T13:07:28.204669+00:00,4,0,True,True
608535395,2026-08-17T13:07:28.204669+00:00,16,0,True,True
608535396,2026-08-17T13:07:28.204669+00:00,3,0,True,True
608535440,2026-08-17T13:07:28.204669+00:00,1,0,True,True
608535441,2026-08-17T13:07:28.204669+00:00,0,0,True,True
608535442,2026-08-17T13:07:28.204669+00:00,1,0,True,True
608535443,2026-08-17T13:07:28.204669+00:00,4,0,True,True
608535444,2026-08-17T13:07:28.204669+00:00,13,0,True,True
608535445,2026-08-17T13:07:28.204669+00:00,28,0,True,True
608535446,2026-08-17T13:07:28.204669+00:00,0,0,True,True
608535447,2026-08-17T13:07:28.204669+00:00,2,0,True,True
608535461,2026-08-17T13:07:28.204669+00:00,5,0,True,True
608535462,2026-08-17T13:07:28.204669+00:00,0,0,True,True
608535463,2026-08-17T13:07:28.204669+00:00,6,0,True,True
608535464,2026-08-17T13:07:28.204669+00:00,5,0,True,True
608535491,2026-08-17T13:07:28.204669+00:00,0,0,True,True
608535492,2026-08-17T13:07:28.204669+00:00,1,0,True,True
608535493,2026-08-17T13:07:28.204669+00:00,9,0,True,True
608535494,2026-08-17T13:07:28.204669+00:00,2,0,True,True
608535495,2026-08-17T13:07:28.204669+00:00,2,0,True,True
608535496,2026-08-17T13:07:28.204669+00:00,6,0,True,True
608535497,2026-08-17T13:07:28.204669+00:00,6,0,True,True
608535498,2026-08-17T13:07:28.204669+00:00,12,0,True,True
608535499,2026-08-17T13:07:28.204669+00:00,3,0,True,True
608535500,2026-08-17T13:07:28.204669+00:00,4,0,True,True
608535501,2026-08-17T13:07:28.204669+00:00,1,0,True,True
608535502,2026-08-17T13:07:28.204669+00:00,2,0,True,True
608535503,2026-08-17T13:07:28.204669+00:00,4,0,True,True
608535504,2026-08-17T13:07:28.204669+00:00,4,0,True,True
608535505,2026-08-17T13:07:28.204669+00:00,0,0,True,True
637793366,2026-08-17T13:07:28.204669+00:00,0,0,True,True
608535516,2026-08-17T13:07:28.204669+00:00,7,0,True,True
608535517,2026-08-17T13:07:28.204669+00:00,1,0,True,True
608535518,2026-08-17T13:07:28.204669+00:00,6,0,True,True
608535519,2026-08-17T13:07:28.204669+00:00,4,0,True,True
608535520,2026-08-17T13:07:28.204669+00:00,8,0,True,True
608535521,2026-08-17T13:07:28.204669+00:00,7,0,True,True
608535522,2026-08-17T13:07:28.204669+00:00,10,0,True,True
608535523,2026-08-17T13:07:28.204669+00:00,6,0,True,True
608535524,2026-08-17T13:07:28.204669+00:00,5,0,True,True
608535525,2026-08-17T13:07:28.204669+00:00,3,0,True,True
608535526,2026-08-17T13:07:28.204669+00:00,1,0,True,True
608535527,2026-08-17T13:07:28.204669+00:00,6,0,True,True
608535528,2026-08-17T13:07:28.204669+00:00,10,0,True,True
608535529,2026-08-17T13:07:28.204669+00:00,7,0,True,True
608535530,2026-08-17T13:07:28.204669+00:00,3,0,True,True
608535531,2026-08-17T13:07:28.204669+00:00,4,0,True,True
608535532,2026-08-17T13:07:28.204669+00:00,6,0,True,True
608535533,2026-08-17T13:07:28.204669+00:00,4,0,True,True
608535534,2026-08-17T13:07:28.204669+00:00,3,0,True,True
608535537,2026-08-17T13:07:28.204669+00:00,3,0,True,True
608535398,2026-08-17T13:07:28.204669+00:00,5,0,True,True
608535399,2026-08-17T13:07:28.204669+00:00,1,0,True,True
608535400,2026-08-17T13:07:28.204669+00:00,6,0,True,True
608535402,2026-08-17T13:07:28.204669+00:00,6,0,True,True
608535403,2026-08-17T13:07:28.204669+00:00,4,0,True,True
608535404,2026-08-17T13:07:28.204669+00:00,5,0,True,True
608535405,2026-08-17T13:07:28.204669+00:00,4,0,True,True
608535406,2026-08-17T13:07:28.204669+00:00,10,0,True,True
608535407,2026-08-17T13:07:28.204669+00:00,11,0,True,True
608535408,2026-08-17T13:07:28.204669+00:00,5,0,True,True
608535409,2026-08-17T13:07:28.204669+00:00,6,0,True,True
608535410,2026-08-17T13:07:28.204669+00:00,6,0,True,True
608535411,2026-08-17T13:07:28.204669+00:00,8,0,True,True
608535412,2026-08-17T13:07:28.204669+00:00,8,0,True,True
608535413,2026-08-17T13:07:28.204669+00:00,5,0,True,True
608535414,2026-08-17T13:07:28.204669+00:00,7,0,True,True
608535415,2026-08-17T13:07:28.204669+00:00,4,0,True,True
608535416,2026-08-17T13:07:28.204669+00:00,8,0,True,True
608535417,2026-08-17T13:07:28.204669+00:00,8,0,True,True
608535418,2026-08-17T13:07:28.204669+00:00,12,0,True,True
608535419,2026-08-17T13:07:28.204669+00:00,9,0,True,True
608535420,2026-08-17T13:07:28.204669+00:00,11,0,True,True
608535421,2026-08-17T13:07:28.204669+00:00,7,0,True,True
608535422,2026-08-17T13:07:28.204669+00:00,6,0,True,True
608535423,2026-08-17T13:07:28.204669+00:00,7,0,True,True
608535424,2026-08-17T13:07:28.204669+00:00,6,0,True,True
608535425,2026-08-17T13:07:28.204669+00:00,2,0,True,True
608535426,2026-08-17T13:07:28.204669+00:00,3,0,True,True
608535427,2026-08-17T13:07:28.204669+00:00,3,0,True,True
608535428,2026-08-17T13:07:28.204669+00:00,8,0,True,True
608535429,2026-08-17T13:07:28.204669+00:00,3,0,True,True
608535430,2026-08-17T13:07:28.204669+00:00,5,0,True,True
608535431,2026-08-17T13:07:28.204669+00:00,4,0,True,True
608535438,2026-08-17T13:07:28.204669+00:00,1,0,True,True
608535439,2026-08-17T13:07:28.204669+00:00,6,0,True,True
608535432,2026-08-17T13:07:28.204669+00:00,5,0,True,True
608535433,2026-08-17T13:07:28.204669+00:00,2,0,True,True
608535434,2026-08-17T13:07:28.204669+00:00,2,0,True,True
608535435,2026-08-17T13:07:28.204669+00:00,0,0,True,True
608535436,2026-08-17T13:07:28.204669+00:00,3,0,True,True
608535437,2026-08-17T13:07:28.204669+00:00,6,0,True,True
608535448,2026-08-17T13:07:28.204669+00:00,7,0,True,True
608535449,2026-08-17T13:07:28.204669+00:00,6,0,True,True
608535450,2026-08-17T13:07:28.204669+00:00,3,0,True,True
608535451,2026-08-17T13:07:28.204669+00:00,4,0,True,True
608535483,2026-08-17T13:07:28.204669+00:00,0,0,True,True
608535484,2026-08-17T13:07:28.204669+00:00,4,0,True,True
608535485,2026-08-17T13:07:28.204669+00:00,7,0,True,True
608535486,2026-08-17T13:07:28.204669+00:00,1,0,True,True
608535487,2026-08-17T13:07:28.204669+00:00,12,0,True,True
608535488,2026-08-17T13:07:28.204669+00:00,5,0,True,True
608535489,2026-08-17T13:07:28.204669+00:00,3,0,True,True
608535490,2026-08-17T13:07:28.204669+00:00,13,0,True,True
608535452,2026-08-17T13:07:28.204669+00:00,5,0,True,True
608535453,2026-08-17T13:07:28.204669+00:00,2,0,True,True
608535454,2026-08-17T13:07:28.204669+00:00,4,0,True,True
608535455,2026-08-17T13:07:28.204669+00:00,4,0,True,True
608535456,2026-08-17T13:07:28.204669+00:00,4,0,True,True
608535457,2026-08-17T13:07:28.204669+00:00,6,0,True,True
608535458,2026-08-17T13:07:28.204669+00:00,17,0,True,True
608535459,2026-08-17T13:07:28.204669+00:00,6,0,True,True
608535460,2026-08-17T13:07:28.204669+00:00,9,0,True,True
608535465,2026-08-17T13:07:28.204669+00:00,6,0,True,True
608535466,2026-08-17T13:07:28.204669+00:00,2,0,True,True
608535467,2026-08-17T13:07:28.204669+00:00,2,0,True,True
608535468,2026-08-17T13:07:28.204669+00:00,4,0,True,True
608535469,2026-08-17T13:07:28.204669+00:00,6,0,True,True
608535470,2026-08-17T13:07:28.204669+00:00,5,0,True,True
608535471,2026-08-17T13:07:28.204669+00:00,3,0,True,True
608535473,2026-08-17T13:07:28.204669+00:00,6,0,True,True
608535474,2026-08-17T13:07:28.204669+00:00,5,0,True,True
608535475,2026-08-17T13:07:28.204669+00:00,5,0,True,True
608535476,2026-08-17T13:07:28.204669+00:00,10,0,True,True
608535477,2026-08-17T13:07:28.204669+00:00,3,0,True,True
608535478,2026-08-17T13:07:28.204669+00:00,1,0,True,True
608535479,2026-08-17T13:07:28.204669+00:00,3,0,True,True
608535480,2026-08-17T13:07:28.204669+00:00,0,0,True,True
608535481,2026-08-17T13:07:28.204669+00:00,4,0,True,True
608535482,2026-08-17T13:07:28.204669+00:00,3,0,True,True
608535507,2026-08-17T13:07:28.204669+00:00,1,0,True,True
608535508,2026-08-17T13:07:28.204669+00:00,4,0,True,True
608535509,2026-08-17T13:07:28.204669+00:00,4,0,True,True
608535510,2026-08-17T13:07:28.204669+00:00,2,0,True,True
608535511,2026-08-17T13:07:28.204669+00:00,1,0,True,True
608535512,2026-08-17T13:07:28.204669+00:00,4,0,True,True
608535513,2026-08-17T13:07:28.204669+00:00,5,0,True,True
608535514,2026-08-17T13:07:28.204669+00:00,4,0,True,True
608535515,2026-08-17T13:07:28.204669+00:00,8,0,True,True
608535347,2026-08-17T13:07:28.204669+00:00,2,0,True,True
608535348,2026-08-17T13:07:28.204669+00:00,6,0,True,True
608535349,2026-08-17T13:07:28.204669+00:00,8,0,True,True
608535350,2026-08-17T13:07:28.204669+00:00,9,0,True,True
608535351,2026-08-17T13:07:28.204669+00:00,1,0,True,True
608535352,2026-08-17T13:07:28.204669+00:00,1,0,True,True
608535353,2026-08-17T13:07:28.204669+00:00,4,0,True,True
608535354,2026-08-17T13:07:28.204669+00:00,8,0,True,True
608535538,2026-08-17T13:07:28.204669+00:00,10,0,True,True
608535539,2026-08-17T13:07:28.204669+00:00,8,0,True,True
608535540,2026-08-17T13:07:28.204669+00:00,5,0,True,True
608535355,2026-08-17T13:07:28.204669+00:00,6,0,True,True
608535356,2026-08-17T13:07:28.204669+00:00,5,0,True,True
608535357,2026-08-17T13:07:28.204669+00:00,5,0,True,True
608535358,2026-08-17T13:07:28.204669+00:00,6,0,True,True
608535359,2026-08-17T13:07:28.204669+00:00,5,0,True,True
608535360,2026-08-17T13:07:28.204669+00:00,3,0,True,True
608535361,2026-08-17T13:07:28.204669+00:00,3,0,True,True
608535362,2026-08-17T13:07:28.204669+00:00,1,0,True,True
608535363,2026-08-17T13:07:28.204669+00:00,1,0,True,True
608535364,2026-08-17T13:07:28.204669+00:00,5,0,True,True
608535365,2026-08-17T13:07:28.204669+00:00,2,0,True,True
608535366,2026-08-17T13:07:28.204669+00:00,2,0,True,True
608535367,2026-08-17T13:07:28.204669+00:00,5,0,True,True
608535368,2026-08-17T13:07:28.204669+00:00,2,0,True,True
608535369,2026-08-17T13:07:28.204669+00:00,1,0,True,True
608535370,2026-08-17T13:07:28.204669+00:00,2,0,True,True
608535371,2026-08-17T13:07:28.204669+00:00,8,0,True,True
608535372,2026-08-17T13:07:28.204669+00:00,6,0,True,True
608535373,2026-08-17T13:07:28.204669+00:00,6,0,True,True
608535375,2026-08-17T13:07:28.204669+00:00,5,0,True,True
608535376,2026-08-17T13:07:28.204669+00:00,7,0,True,True
606857330,2026-08-17T13:07:28.204669+00:00,6,0,True,True
608534898,2026-08-17T13:07:28.204669+00:00,5,0,True,True
608534899,2026-08-17T13:07:28.204669+00:00,3,0,True,True
608534900,2026-08-17T13:07:28.204669+00:00,9,0,True,True
608534901,2026-08-17T13:07:28.204669+00:00,1,0,True,True
608534902,2026-08-17T13:07:28.204669+00:00,17,0,True,True
608534903,2026-08-17T13:07:28.204669+00:00,11,0,True,True
608534904,2026-08-17T13:07:28.204669+00:00,8,0,True,True
608534905,2026-08-17T13:07:28.204669+00:00,0,0,True,True
608534906,2026-08-17T13:07:28.204669+00:00,1,5,True,True
608534907,2026-08-17T13:07:28.204669+00:00,20,0,True,True
608534908,2026-08-17T13:07:28.204669+00:00,3,0,True,True
608534909,2026-08-17T13:07:28.204669+00:00,13,0,True,True
608534910,2026-08-17T13:07:28.204669+00:00,3,0,True,True
608534912,2026-08-17T13:07:28.204669+00:00,0,0,True,True
608534913,2026-08-17T13:07:28.204669+00:00,1,0,True,True
608534914,2026-08-17T13:07:28.204669+00:00,0,0,True,True
608534915,2026-08-17T13:07:28.204669+00:00,10,0,True,True
608534916,2026-08-17T13:07:28.204669+00:00,6,0,True,True
608534917,2026-08-17T13:07:28.204669+00:00,2,0,True,True
608534918,2026-08-17T13:07:28.204669+00:00,6,0,True,True
608534919,2026-08-17T13:07:28.204669+00:00,0,0,True,True
608534920,2026-08-17T13:07:28.204669+00:00,27,0,True,True
608534921,2026-08-17T13:07:28.204669+00:00,15,0,True,True
608534922,2026-08-17T13:07:28.204669+00:00,5,0,True,True
608534923,2026-08-17T13:07:28.204669+00:00,5,0,True,True
608534924,2026-08-17T13:07:28.204669+00:00,7,0,True,True
608534925,2026-08-17T13:07:28.204669+00:00,6,0,True,True
608534926,2026-08-17T13:07:28.204669+00:00,2,0,True,True
608534927,2026-08-17T13:07:28.204669+00:00,2,0,True,True
608534928,2026-08-17T13:07:28.204669+00:00,4,0,True,True
608534930,2026-08-17T13:07:28.204669+00:00,9,0,True,True
608534931,2026-08-17T13:07:28.204669+00:00,0,0,True,True
608534932,2026-08-17T13:07:28.204669+00:00,1,0,True,True
608534933,2026-08-17T13:07:28.204669+00:00,2,0,True,True
608534934,2026-08-17T13:07:28.204669+00:00,6,0,False,False
608534936,2026-08-17T13:07:28.204669+00:00,2,0,True,True
608534937,2026-08-17T13:07:28.204669+00:00,2,0,True,True
608534939,2026-08-17T13:07:28.204669+00:00,10,0,True,True
608534940,2026-08-17T13:07:28.204669+00:00,2,0,True,True
608534942,2026-08-17T13:07:28.204669+00:00,10,0,True,True
608534943,2026-08-17T13:07:28.204669+00:00,6,0,True,True
608534944,2026-08-17T13:07:28.204669+00:00,3,0,True,True
608534945,2026-08-17T13:07:28.204669+00:00,9,0,True,True
608534946,2026-08-17T13:07:28.204669+00:00,7,0,True,True
608534947,2026-08-17T13:07:28.204669+00:00,16,0,True,True
608534948,2026-08-17T13:07:28.204669+00:00,3,0,True,True
608534950,2026-08-17T13:07:28.204669+00:00,14,0,True,True
608534952,2026-08-17T13:07:28.204669+00:00,3,0,True,True
608534953,2026-08-17T13:07:28.204669+00:00,10,0,True,True
608534954,2026-08-17T13:07:28.204669+00:00,3,0,True,True
608534955,2026-08-17T13:07:28.204669+00:00,9,0,True,True
608534956,2026-08-17T13:07:28.204669+00:00,21,0,True,True
608534957,2026-08-17T13:07:28.204669+00:00,4,0,True,True
608534958,2026-08-17T13:07:28.204669+00:00,2,0,True,True
608534959,2026-08-17T13:07:28.204669+00:00,6,2,True,True
608534960,2026-08-17T13:07:28.204669+00:00,2,0,True,True
608534961,2026-08-17T13:07:28.204669+00:00,2,0,True,True
608534962,2026-08-17T13:07:28.204669+00:00,4,0,True,True
608534963,2026-08-17T13:07:28.204669+00:00,14,0,True,True
608534964,2026-08-17T13:07:28.204669+00:00,4,0,True,True
608534965,2026-08-17T13:07:28.204669+00:00,0,0,True,True
608534967,2026-08-17T13:07:28.204669+00:00,2,0,True,True
608534968,2026-08-17T13:07:28.204669+00:00,15,0,True,True
608534969,2026-08-17T13:07:28.204669+00:00,0,0,True,True
608534970,2026-08-17T13:07:28.204669+00:00,0,0,True,True
608534971,2026-08-17T13:07:28.204669+00:00,3,0,True,True
608534973,2026-08-17T13:07:28.204669+00:00,1,0,True,True
608534974,2026-08-17T13:07:28.204669+00:00,12,0,True,True
608534975,2026-08-17T13:07:28.204669+00:00,1,0,True,True
608534977,2026-08-17T13:07:28.204669+00:00,0,0,True,True
608534978,2026-08-17T13:07:28.204669+00:00,2,0,True,True
608534979,2026-08-17T13:07:28.204669+00:00,0,0,True,True
608534980,2026-08-17T13:07:28.204669+00:00,1,0,True,True
608534981,2026-08-17T13:07:28.204669+00:00,1,0,True,True
608534982,2026-08-17T13:07:28.204669+00:00,0,0,True,True
608534983,2026-08-17T13:07:28.204669+00:00,1,0,True,True
608534984,2026-08-17T13:07:28.204669+00:00,0,0,True,True
608534985,2026-08-17T13:07:28.204669+00:00,1,0,True,True
608534986,2026-08-17T13:07:28.204669+00:00,2,0,True,True
608534987,2026-08-17T13:07:28.204669+00:00,2,0,True,True
608534988,2026-08-17T13:07:28.204669+00:00,1,0,True,True
608534990,2026-08-17T13:07:28.204669+00:00,3,0,True,True
608534991,2026-08-17T13:07:28.204669+00:00,0,0,True,True
608534992,2026-08-17T13:07:28.204669+00:00,2,0,True,True
608534993,2026-08-17T13:07:28.204669+00:00,1,0,True,True
608534994,2026-08-17T13:07:28.204669+00:00,0,0,True,True
608534995,2026-08-17T13:07:28.204669+00:00,11,0,True,True
608534996,2026-08-17T13:07:28.204669+00:00,1,0,True,True
608534998,2026-08-17T13:07:28.204669+00:00,0,0,True,True
608534999,2026-08-17T13:07:28.204669+00:00,1,0,True,True
608535000,2026-08-17T13:07:28.204669+00:00,1,0,True,True
608535001,2026-08-17T13:07:28.204669+00:00,3,0,True,True
608535002,2026-08-17T13:07:28.204669+00:00,0,0,True,True
608535003,2026-08-17T13:07:28.204669+00:00,0,0,True,True
608535004,2026-08-17T13:07:28.204669+00:00,0,0,True,True
608535005,2026-08-17T13:07:28.204669+00:00,10,0,True,True
608535006,2026-08-17T13:07:28.204669+00:00,1,0,True,True
608535007,2026-08-17T13:07:28.204669+00:00,0,0,True,True
608535008,2026-08-17T13:07:28.204669+00:00,2,0,True,True
608535009,2026-08-17T13:07:28.204669+00:00,0,0,True,True
608535010,2026-08-17T13:07:28.204669+00:00,3,0,True,True
608535011,2026-08-17T13:07:28.204669+00:00,0,0,True,True
608535012,2026-08-17T13:07:28.204669+00:00,1,0,True,True
608535013,2026-08-17T13:07:28.204669+00:00,1,0,True,True
608535014,2026-08-17T13:07:28.204669+00:00,4,0,True,True
608535015,2026-08-17T13:07:28.204669+00:00,1,0,True,True
608535016,2026-08-17T13:07:28.204669+00:00,3,0,True,True
608535017,2026-08-17T13:07:28.204669+00:00,9,0,True,True
608535018,2026-08-17T13:07:28.204669+00:00,7,0,True,True
608535019,2026-08-17T13:07:28.204669+00:00,2,0,True,True
608535020,2026-08-17T13:07:28.204669+00:00,2,0,True,True
608535021,2026-08-17T13:07:28.204669+00:00,2,0,True,True
608535022,2026-08-17T13:07:28.204669+00:00,3,0,True,True
608535023,2026-08-17T13:07:28.204669+00:00,2,0,True,True
608535024,2026-08-17T13:07:28.204669+00:00,3,0,True,True
608535025,2026-08-17T13:07:28.204669+00:00,0,0,True,True
608535026,2026-08-17T13:07:28.204669+00:00,2,0,True,True
608535027,2026-08-17T13:07:28.204669+00:00,7,0,True,True
608535028,2026-08-17T13:07:28.204669+00:00,7,0,True,True
608535029,2026-08-17T13:07:28.204669+00:00,6,0,True,True
608535030,2026-08-17T13:07:28.204669+00:00,0,0,True,True
608535031,2026-08-17T13:07:28.204669+00:00,12,0,True,True
608535032,2026-08-17T13:07:28.204669+00:00,4,0,True,True
608535033,2026-08-17T13:07:28.204669+00:00,8,0,True,True
608535034,2026-08-17T13:07:28.204669+00:00,4,0,True,True
608535036,2026-08-17T13:07:28.204669+00:00,7,0,True,True
608535037,2026-08-17T13:07:28.204669+00:00,8,0,True,True
608535038,2026-08-17T13:07:28.204669+00:00,3,0,True,True
608535039,2026-08-17T13:07:28.204669+00:00,6,0,True,True
608535040,2026-08-17T13:07:28.204669+00:00,4,0,True,True
608535041,2026-08-17T13:07:28.204669+00:00,8,0,True,True
608535042,2026-08-17T13:07:28.204669+00:00,9,0,True,True
608535043,2026-08-17T13:07:28.204669+00:00,7,0,True,True
608535044,2026-08-17T13:07:28.204669+00:00,2,0,True,True
608535045,2026-08-17T13:07:28.204669+00:00,8,0,True,True
608535046,2026-08-17T13:07:28.204669+00:00,5,0,True,True
608535047,2026-08-17T13:07:28.204669+00:00,4,0,True,True
608535048,2026-08-17T13:07:28.204669+00:00,17,0,True,True
608535049,2026-08-17T13:07:28.204669+00:00,9,0,True,True
608535050,2026-08-17T13:07:28.204669+00:00,12,0,True,True
608535051,2026-08-17T13:07:28.204669+00:00,12,0,True,True
608535052,2026-08-17T13:07:28.204669+00:00,12,0,True,True
608535053,2026-08-17T13:07:28.204669+00:00,4,0,True,True
608535054,2026-08-17T13:07:28.204669+00:00,4,0,True,True
608535055,2026-08-17T13:07:28.204669+00:00,6,0,True,True
608535057,2026-08-17T13:07:28.204669+00:00,13,0,True,True
608535058,2026-08-17T13:07:28.204669+00:00,10,0,True,True
608535059,2026-08-17T13:07:28.204669+00:00,17,0,True,True
608535060,2026-08-17T13:07:28.204669+00:00,13,0,True,True
608535061,2026-08-17T13:07:28.204669+00:00,4,0,True,True
608535062,2026-08-17T13:07:28.204669+00:00,8,0,True,True
608535063,2026-08-17T13:07:28.204669+00:00,7,0,True,True
608535064,2026-08-17T13:07:28.204669+00:00,6,0,True,True
608535065,2026-08-17T13:07:28.204669+00:00,5,0,True,True
608535066,2026-08-17T13:07:28.204669+00:00,12,0,True,True
608535067,2026-08-17T13:07:28.204669+00:00,21,0,True,True
608535068,2026-08-17T13:07:28.204669+00:00,3,0,True,True
608535069,2026-08-17T13:07:28.204669+00:00,6,0,True,True
608535070,2026-08-17T13:07:28.204669+00:00,5,0,True,True
608535071,2026-08-17T13:07:28.204669+00:00,4,0,True,True
608535072,2026-08-17T13:07:28.204669+00:00,2,0,True,True
608535073,2026-08-17T13:07:28.204669+00:00,2,0,True,True
608535074,2026-08-17T13:07:28.204669+00:00,8,0,True,True
608535075,2026-08-17T13:07:28.204669+00:00,4,0,True,True
608535077,2026-08-17T13:07:28.204669+00:00,3,0,True,True
608535078,2026-08-17T13:07:28.204669+00:00,5,0,True,True
608535079,2026-08-17T13:07:28.204669+00:00,4,0,True,True
608535080,2026-08-17T13:07:28.204669+00:00,3,0,True,True
608535081,2026-08-17T13:07:28.204669+00:00,15,0,True,True
608535082,2026-08-17T13:07:28.204669+00:00,5,0,True,True
608535083,2026-08-17T13:07:28.204669+00:00,4,0,True,True
608535084,2026-08-17T13:07:28.204669+00:00,4,0,True,True
608535085,2026-08-17T13:07:28.204669+00:00,5,0,True,True
608535086,2026-08-17T13:07:28.204669+00:00,5,0,True,True
608535087,2026-08-17T13:07:28.204669+00:00,3,0,True,True
608535088,2026-08-17T13:07:28.204669+00:00,1,0,True,True
608535089,2026-08-17T13:07:28.204669+00:00,1,0,True,True
608535090,2026-08-17T13:07:28.204669+00:00,2,0,True,True
608535091,2026-08-17T13:07:28.204669+00:00,0,0,True,True
608535092,2026-08-17T13:07:28.204669+00:00,5,0,True,True
608535093,2026-08-17T13:07:28.204669+00:00,2,0,True,True
608535094,2026-08-17T13:07:28.204669+00:00,11,0,True,True
608535095,2026-08-17T13:07:28.204669+00:00,4,0,True,True
608535096,2026-08-17T13:07:28.204669+00:00,4,0,True,True
608535097,2026-08-17T13:07:28.204669+00:00,3,0,True,True
608535098,2026-08-17T13:07:28.204669+00:00,8,0,True,True
608535099,2026-08-17T13:07:28.204669+00:00,14,0,True,True
608535100,2026-08-17T13:07:28.204669+00:00,7,0,True,True
608535101,2026-08-17T13:07:28.204669+00:00,6,0,True,True
608535102,2026-08-17T13:07:28.204669+00:00,0,0,True,True
608535103,2026-08-17T13:07:28.204669+00:00,11,0,True,True
608535104,2026-08-17T13:07:28.204669+00:00,2,0,True,True
608535105,2026-08-17T13:07:28.204669+00:00,10,0,True,True
608535106,2026-08-17T13:07:28.204669+00:00,2,0,True,True
608535107,2026-08-17T13:07:28.204669+00:00,4,0,True,True
608535108,2026-08-17T13:07:28.204669+00:00,8,0,True,True
608535109,2026-08-17T13:07:28.204669+00:00,8,0,True,True
608535110,2026-08-17T13:07:28.204669+00:00,10,0,True,True
608535111,2026-08-17T13:07:28.204669+00:00,1,0,True,True
608535112,2026-08-17T13:07:28.204669+00:00,4,0,True,True
608535113,2026-08-17T13:07:28.204669+00:00,4,0,True,True
608535114,2026-08-17T13:07:28.204669+00:00,1,0,True,True
608535116,2026-08-17T13:07:28.204669+00:00,3,0,True,True
608535117,2026-08-17T13:07:28.204669+00:00,10,0,True,True
608535118,2026-08-17T13:07:28.204669+00:00,4,0,True,True
608535119,2026-08-17T13:07:28.204669+00:00,0,0,True,True
608535120,2026-08-17T13:07:28.204669+00:00,7,0,True,True
608535121,2026-08-17T13:07:28.204669+00:00,0,0,True,True
608535122,2026-08-17T13:07:28.204669+00:00,4,0,True,True
608535123,2026-08-17T13:07:28.204669+00:00,1,0,True,True
608535124,2026-08-17T13:07:28.204669+00:00,9,0,True,True
608535125,2026-08-17T13:07:28.204669+00:00,0,0,True,True
608535126,2026-08-17T13:07:28.204669+00:00,9,0,True,True
608535127,2026-08-17T13:07:28.204669+00:00,2,0,True,True
608535128,2026-08-17T13:07:28.204669+00:00,1,0,True,True
608535129,2026-08-17T13:07:28.204669+00:00,4,0,True,True
608535130,2026-08-17T13:07:28.204669+00:00,3,0,True,True
608535131,2026-08-17T13:07:28.204669+00:00,7,0,True,True
608535132,2026-08-17T13:07:28.204669+00:00,0,0,True,True
608535133,2026-08-17T13:07:28.204669+00:00,6,0,True,True
608535134,2026-08-17T13:07:28.204669+00:00,1,0,True,True
608535135,2026-08-17T13:07:28.204669+00:00,5,0,True,True
608535136,2026-08-17T13:07:28.204669+00:00,0,0,True,True
608535137,2026-08-17T13:07:28.204669+00:00,1,0,True,True
608535138,2026-08-17T13:07:28.204669+00:00,4,0,True,True
608535139,2026-08-17T13:07:28.204669+00:00,3,0,True,True
608535140,2026-08-17T13:07:28.204669+00:00,3,0,True,True
608535141,2026-08-17T13:07:28.204669+00:00,6,0,True,True
608535142,2026-08-17T13:07:28.204669+00:00,9,0,True,True
608535143,2026-08-17T13:07:28.204669+00:00,2,0,True,True
608535144,2026-08-17T13:07:28.204669+00:00,9,0,True,True
608535145,2026-08-17T13:07:28.204669+00:00,5,0,True,True
608535146,2026-08-17T13:07:28.204669+00:00,2,0,True,True
608535147,2026-08-17T13:07:28.204669+00:00,6,0,True,True
608535148,2026-08-17T13:07:28.204669+00:00,3,0,True,True
608535149,2026-08-17T13:07:28.204669+00:00,3,0,True,True
608535150,2026-08-17T13:07:28.204669+00:00,11,0,True,True
608535151,2026-08-17T13:07:28.204669+00:00,0,0,True,True
608535152,2026-08-17T13:07:28.204669+00:00,3,0,True,True
608535153,2026-08-17T13:07:28.204669+00:00,2,0,True,True
608535154,2026-08-17T13:07:28.204669+00:00,0,0,True,True
608535155,2026-08-17T13:07:28.204669+00:00,1,0,True,True
608535156,2026-08-17T13:07:28.204669+00:00,3,0,True,True
608535157,2026-08-17T13:07:28.204669+00:00,3,0,True,True
608535158,2026-08-17T13:07:28.204669+00:00,1,0,True,True
608535159,2026-08-17T13:07:28.204669+00:00,0,0,True,True
608535160,2026-08-17T13:07:28.204669+00:00,0,0,True,True
608535162,2026-08-17T13:07:28.204669+00:00,2,0,True,True
608535163,2026-08-17T13:07:28.204669+00:00,3,0,True,True
608535164,2026-08-17T13:07:28.204669+00:00,2,0,True,True
608535165,2026-08-17T13:07:28.204669+00:00,2,0,True,True
608535166,2026-08-17T13:07:28.204669+00:00,3,0,True,True
608535167,2026-08-17T13:07:28.204669+00:00,3,0,True,True
608535168,2026-08-17T13:07:28.204669+00:00,5,0,True,True
608535169,2026-08-17T13:07:28.204669+00:00,9,0,True,True
608535170,2026-08-17T13:07:28.204669+00:00,4,0,True,True
608535171,2026-08-17T13:07:28.204669+00:00,3,0,True,True
608535172,2026-08-17T13:07:28.204669+00:00,6,0,True,True
608535173,2026-08-17T13:07:28.204669+00:00,9,0,True,True
608535174,2026-08-17T13:07:28.204669+00:00,0,0,True,True
608535175,2026-08-17T13:07:28.204669+00:00,0,0,True,True
608535176,2026-08-17T13:07:28.204669+00:00,1,0,True,True
608535178,2026-08-17T13:07:28.204669+00:00,10,0,True,True
608535179,2026-08-17T13:07:28.204669+00:00,7,0,True,True
608535180,2026-08-17T13:07:28.204669+00:00,1,0,True,True
608535181,2026-08-17T13:07:28.204669+00:00,3,0,True,True
608535182,2026-08-17T13:07:28.204669+00:00,3,0,True,True
608535183,2026-08-17T13:07:28.204669+00:00,2,0,True,True
608535184,2026-08-17T13:07:28.204669+00:00,0,0,True,True
608535185,2026-08-17T13:07:28.204669+00:00,5,0,True,True
608535186,2026-08-17T13:07:28.204669+00:00,9,0,True,True
608535187,2026-08-17T13:07:28.204669+00:00,0,0,True,True
608535188,2026-08-17T13:07:28.204669+00:00,10,0,True,True
608535189,2026-08-17T13:07:28.204669+00:00,0,0,True,True
608535190,2026-08-17T13:07:28.204669+00:00,6,0,True,True
608535192,2026-08-17T13:07:28.204669+00:00,13,0,True,True
608535193,2026-08-17T13:07:28.204669+00:00,8,0,True,True
608535194,2026-08-17T13:07:28.204669+00:00,1,0,True,True
608535195,2026-08-17T13:07:28.204669+00:00,2,0,True,True
608535196,2026-08-17T13:07:28.204669+00:00,4,0,True,True
608535197,2026-08-17T13:07:28.204669+00:00,0,0,True,True
608535198,2026-08-17T13:07:28.204669+00:00,1,0,True,True
608535199,2026-08-17T13:07:28.204669+00:00,7,0,True,True
608535200,2026-08-17T13:07:28.204669+00:00,3,0,True,True
608535201,2026-08-17T13:07:28.204669+00:00,2,0,True,True
608535202,2026-08-17T13:07:28.204669+00:00,0,0,True,True
608535203,2026-08-17T13:07:28.204669+00:00,9,0,True,True
608535204,2026-08-17T13:07:28.204669+00:00,3,0,True,True
608535205,2026-08-17T13:07:28.204669+00:00,8,0,True,True
608535206,2026-08-17T13:07:28.204669+00:00,6,0,True,True
608535207,2026-08-17T13:07:28.204669+00:00,4,0,True,True
608535208,2026-08-17T13:07:28.204669+00:00,6,0,True,True
608535209,2026-08-17T13:07:28.204669+00:00,0,0,True,True
608535210,2026-08-17T13:07:28.204669+00:00,11,0,True,True
608535211,2026-08-17T13:07:28.204669+00:00,3,0,True,True
608535212,2026-08-17T13:07:28.204669+00:00,3,0,True,True
608535213,2026-08-17T13:07:28.204669+00:00,12,0,True,True
608535214,2026-08-17T13:07:28.204669+00:00,3,0,True,True
608535215,2026-08-17T13:07:28.204669+00:00,2,0,True,True
608535216,2026-08-17T13:07:28.204669+00:00,9,0,True,True
608535217,2026-08-17T13:07:28.204669+00:00,6,0,True,True
608535218,2026-08-17T13:07:28.204669+00:00,7,0,True,True
608535219,2026-08-17T13:07:28.204669+00:00,1,0,True,True
608535220,2026-08-17T13:07:28.204669+00:00,3,0,True,True
608535221,2026-08-17T13:07:28.204669+00:00,2,0,True,True
608535222,2026-08-17T13:07:28.204669+00:00,6,0,True,True
608535223,2026-08-17T13:07:28.204669+00:00,10,0,True,True
608535224,2026-08-17T13:07:28.204669+00:00,3,0,True,True
608535225,2026-08-17T13:07:28.204669+00:00,4,0,True,True
608535226,2026-08-17T13:07:28.204669+00:00,1,0,True,True
608535227,2026-08-17T13:07:28.204669+00:00,0,0,True,True
608535228,2026-08-17T13:07:28.204669+00:00,10,0,True,True
608535229,2026-08-17T13:07:28.204669+00:00,12,0,True,True
608535230,2026-08-17T13:07:28.204669+00:00,3,0,True,True
608535231,2026-08-17T13:07:28.204669+00:00,3,0,True,True
608535232,2026-08-17T13:07:28.204669+00:00,2,0,True,True
608535234,2026-08-17T13:07:28.204669+00:00,13,0,True,True
608535235,2026-08-17T13:07:28.204669+00:00,9,0,True,True
608535236,2026-08-17T13:07:28.204669+00:00,5,0,True,True
608535237,2026-08-17T13:07:28.204669+00:00,6,0,True,True
608535238,2026-08-17T13:07:28.204669+00:00,4,0,True,True
608535239,2026-08-17T13:07:28.204669+00:00,6,0,True,True
608535240,2026-08-17T13:07:28.204669+00:00,3,0,True,True
608535241,2026-08-17T13:07:28.204669+00:00,2,0,True,True
608535242,2026-08-17T13:07:28.204669+00:00,11,0,True,True
608535243,2026-08-17T13:07:28.204669+00:00,7,0,True,True
608535244,2026-08-17T13:07:28.204669+00:00,0,0,True,True
608535245,2026-08-17T13:07:28.204669+00:00,11,0,True,True
608535246,2026-08-17T13:07:28.204669+00:00,5,0,True,True
608535247,2026-08-17T13:07:28.204669+00:00,7,0,True,True
608535248,2026-08-17T13:07:28.204669+00:00,5,0,True,True
608535249,2026-08-17T13:07:28.204669+00:00,5,0,True,True
608535250,2026-08-17T13:07:28.204669+00:00,4,0,True,True
608535251,2026-08-17T13:07:28.204669+00:00,8,0,True,True
608535252,2026-08-17T13:07:28.204669+00:00,5,0,True,True
608535254,2026-08-17T13:07:28.204669+00:00,3,0,True,True
608535255,2026-08-17T13:07:28.204669+00:00,3,0,True,True
613312171,2026-08-17T13:07:28.204669+00:00,12,0,True,True
613312172,2026-08-17T13:07:28.204669+00:00,0,0,True,True
613312173,2026-08-17T13:07:28.204669+00:00,9,0,True,True
613312174,2026-08-17T13:07:28.204669+00:00,1,0,True,True
613312175,2026-08-17T13:07:28.204669+00:00,5,0,True,True
613312176,2026-08-17T13:07:28.204669+00:00,12,0,True,True
613312177,2026-08-17T13:07:28.204669+00:00,1,0,True,True
613312179,2026-08-17T13:07:28.204669+00:00,11,0,True,True
613312180,2026-08-17T13:07:28.204669+00:00,4,0,True,True
613312181,2026-08-17T13:07:28.204669+00:00,18,0,True,True
613312182,2026-08-17T13:07:28.204669+00:00,8,0,True,True
613312183,2026-08-17T13:07:28.204669+00:00,11,0,True,True
613312184,2026-08-17T13:07:28.204669+00:00,2,0,True,True
613312185,2026-08-17T13:07:28.204669+00:00,1,0,True,True
613312186,2026-08-17T13:07:28.204669+00:00,0,0,True,True
613312187,2026-08-17T13:07:28.204669+00:00,1,0,True,True
613312188,2026-08-17T13:07:28.204669+00:00,0,0,True,True
613312189,2026-08-17T13:07:28.204669+00:00,1,0,True,True
613312190,2026-08-17T13:07:28.204669+00:00,0,0,True,True
613312191,2026-08-17T13:07:28.204669+00:00,5,0,True,True
613312192,2026-08-17T13:07:28.204669+00:00,0,0,True,True
613312193,2026-08-17T13:07:28.204669+00:00,0,0,True,True
613312194,2026-08-17T13:07:28.204669+00:00,1,0,True,True
613312195,2026-08-17T13:07:28.204669+00:00,2,0,True,True
613312196,2026-08-17T13:07:28.204669+00:00,5,0,True,True
613312197,2026-08-17T13:07:28.204669+00:00,2,0,True,True
613312198,2026-08-17T13:07:28.204669+00:00,8,0,True,True
613312199,2026-08-17T13:07:28.204669+00:00,4,0,True,True
613312200,2026-08-17T13:07:28.204669+00:00,7,0,True,True
613312201,2026-08-17T13:07:28.204669+00:00,0,0,True,True
613312202,2026-08-17T13:07:28.204669+00:00,10,0,True,True
613312203,2026-08-17T13:07:28.204669+00:00,2,0,True,True
613312204,2026-08-17T13:07:28.204669+00:00,2,0,True,True
613312205,2026-08-17T13:07:28.204669+00:00,9,0,True,True
613312206,2026-08-17T13:07:28.204669+00:00,4,0,True,True
613312207,2026-08-17T13:07:28.204669+00:00,4,0,True,True
613312208,2026-08-17T13:07:28.204669+00:00,9,0,True,True
613312209,2026-08-17T13:07:28.204669+00:00,0,0,True,True
613312210,2026-08-17T13:07:28.204669+00:00,1,0,True,True
613312211,2026-08-17T13:07:28.204669+00:00,3,0,True,True
613312212,2026-08-17T13:07:28.204669+00:00,4,0,True,True
613312213,2026-08-17T13:07:28.204669+00:00,3,0,True,True
613312214,2026-08-17T13:07:28.204669+00:00,4,0,True,True
613312215,2026-08-17T13:07:28.204669+00:00,6,0,True,True
613312216,2026-08-17T13:07:28.204669+00:00,5,0,True,True
613312217,2026-08-17T13:07:28.204669+00:00,1,0,True,True
613312218,2026-08-17T13:07:28.204669+00:00,6,0,True,True
613312219,2026-08-17T13:07:28.204669+00:00,2,0,True,True
613312220,2026-08-17T13:07:28.204669+00:00,1,0,True,True
613312221,2026-08-17T13:07:28.204669+00:00,10,0,True,True
613312222,2026-08-17T13:07:28.204669+00:00,10,0,True,True
613312223,2026-08-17T13:07:28.204669+00:00,5,0,True,True
613312224,2026-08-17T13:07:28.204669+00:00,6,0,True,True
613312225,2026-08-17T13:07:28.204669+00:00,10,0,True,True
613312226,2026-08-17T13:07:28.204669+00:00,6,0,True,True
613312227,2026-08-17T13:07:28.204669+00:00,5,0,True,True
613312228,2026-08-17T13:07:28.204669+00:00,4,0,True,True
613312229,2026-08-17T13:07:28.204669+00:00,9,0,True,True
613312230,2026-08-17T13:07:28.204669+00:00,1,0,True,True
613312231,2026-08-17T13:07:28.204669+00:00,5,0,True,True
613312233,2026-08-17T13:07:28.204669+00:00,1,0,True,True
613312234,2026-08-17T13:07:28.204669+00:00,3,0,True,True
613312236,2026-08-17T13:07:28.204669+00:00,6,0,True,True
613312237,2026-08-17T13:07:28.204669+00:00,9,0,True,True
613312238,2026-08-17T13:07:28.204669+00:00,2,0,True,True
613312239,2026-08-17T13:07:28.204669+00:00,1,0,True,True
613312240,2026-08-17T13:07:28.204669+00:00,3,0,True,True
613312241,2026-08-17T13:07:28.204669+00:00,2,0,True,True
613312242,2026-08-17T13:07:28.204669+00:00,4,0,True,True
613312243,2026-08-17T13:07:28.204669+00:00,2,0,True,True
613312244,2026-08-17T13:07:28.204669+00:00,9,0,True,True
613312245,2026-08-17T13:07:28.204669+00:00,1,0,True,True
613312246,2026-08-17T13:07:28.204669+00:00,4,0,True,True
613312247,2026-08-17T13:07:28.204669+00:00,3,0,True,True
613312248,2026-08-17T13:07:28.204669+00:00,2,0,True,True
613312249,2026-08-17T13:07:28.204669+00:00,2,0,True,True
613312250,2026-08-17T13:07:28.204669+00:00,10,0,True,True
613312251,2026-08-17T13:07:28.204669+00:00,7,0,True,True
613312252,2026-08-17T13:07:28.204669+00:00,4,0,True,True
613312253,2026-08-17T13:07:28.204669+00:00,2,0,True,True
613312254,2026-08-17T13:07:28.204669+00:00,7,0,True,True
613312255,2026-08-17T13:07:28.204669+00:00,2,0,True,True
613312256,2026-08-17T13:07:28.204669+00:00,10,0,True,True
613312257,2026-08-17T13:07:28.204669+00:00,6,0,True,True
613312258,2026-08-17T13:07:28.204669+00:00,7,0,True,True
613312259,2026-08-17T13:07:28.204669+00:00,7,0,True,True
613312260,2026-08-17T13:07:28.204669+00:00,0,0,True,True
613312261,2026-08-17T13:07:28.204669+00:00,0,0,True,True
613312262,2026-08-17T13:07:28.204669+00:00,0,0,True,True
613312263,2026-08-17T13:07:28.204669+00:00,3,0,True,True
613312264,2026-08-17T13:07:28.204669+00:00,3,0,True,True
613312265,2026-08-17T13:07:28.204669+00:00,8,0,True,True
613312266,2026-08-17T13:07:28.204669+00:00,4,0,True,True
613312267,2026-08-17T13:07:28.204669+00:00,5,0,True,True
613312268,2026-08-17T13:07:28.204669+00:00,9,0,True,True
613312269,2026-08-17T13:07:28.204669+00:00,11,0,True,True
613312270,2026-08-17T13:07:28.204669+00:00,11,0,True,True
613312271,2026-08-17T13:07:28.204669+00:00,0,0,True,True
613312272,2026-08-17T13:07:28.204669+00:00,6,0,True,True
613312273,2026-08-17T13:07:28.204669+00:00,8,0,True,True
613312274,2026-08-17T13:07:28.204669+00:00,9,0,True,True
613312275,2026-08-17T13:07:28.204669+00:00,17,0,True,True
613312276,2026-08-17T13:07:28.204669+00:00,0,0,True,True
613312277,2026-08-17T13:07:28.204669+00:00,1,0,True,True
613312278,2026-08-17T13:07:28.204669+00:00,3,0,True,True
613312279,2026-08-17T13:07:28.204669+00:00,12,0,True,True
613312281,2026-08-17T13:07:28.204669+00:00,0,0,True,True
613312282,2026-08-17T13:07:28.204669+00:00,2,0,True,True
613312283,2026-08-17T13:07:28.204669+00:00,3,0,True,True
613312284,2026-08-17T13:07:28.204669+00:00,7,0,True,True
613312285,2026-08-17T13:07:28.204669+00:00,3,0,True,True
613312286,2026-08-17T13:07:28.204669+00:00,0,0,True,True
613312287,2026-08-17T13:07:28.204669+00:00,5,0,True,True
613312288,2026-08-17T13:07:28.204669+00:00,5,0,True,True
613312289,2026-08-17T13:07:28.204669+00:00,7,0,True,True
613312290,2026-08-17T13:07:28.204669+00:00,9,0,True,True
613312291,2026-08-17T13:07:28.204669+00:00,5,0,True,True
613312292,2026-08-17T13:07:28.204669+00:00,3,0,True,True
613312293,2026-08-17T13:07:28.204669+00:00,11,0,True,True
613312294,2026-08-17T13:07:28.204669+00:00,11,0,True,True
613312295,2026-08-17T13:07:28.204669+00:00,15,0,True,True
613312296,2026-08-17T13:07:28.204669+00:00,6,0,True,True
613312297,2026-08-17T13:07:28.204669+00:00,4,0,True,True
613312298,2026-08-17T13:07:28.204669+00:00,4,0,True,True
613312299,2026-08-17T13:07:28.204669+00:00,6,0,True,True
613312300,2026-08-17T13:07:28.204669+00:00,15,0,True,True
613312301,2026-08-17T13:07:28.204669+00:00,9,0,True,True
613312302,2026-08-17T13:07:28.204669+00:00,4,0,True,True
613312303,2026-08-17T13:07:28.204669+00:00,9,0,True,True
613312304,2026-08-17T13:07:28.204669+00:00,9,0,True,True
613312305,2026-08-17T13:07:28.204669+00:00,21,0,True,True
613312306,2026-08-17T13:07:28.204669+00:00,12,0,True,True
613312307,2026-08-17T13:07:28.204669+00:00,8,0,True,True
613312308,2026-08-17T13:07:28.204669+00:00,5,0,True,True
613312309,2026-08-17T13:07:28.204669+00:00,8,0,True,True
613312310,2026-08-17T13:07:28.204669+00:00,7,0,True,True
613312311,2026-08-17T13:07:28.204669+00:00,15,0,True,True
613312312,2026-08-17T13:07:28.204669+00:00,18,0,True,True
613312313,2026-08-17T13:07:28.204669+00:00,4,0,True,True
613312314,2026-08-17T13:07:28.204669+00:00,9,0,True,True
613312315,2026-08-17T13:07:28.204669+00:00,6,0,True,True
613510037,2026-08-17T13:07:28.204669+00:00,0,0,True,True
624056982,2026-08-17T13:07:28.204669+00:00,5,0,True,True
624057057,2026-08-17T13:07:28.204669+00:00,3,0,True,True
631244273,2026-08-17T13:07:28.204669+00:00,1,0,True,True
631244274,2026-08-17T13:07:28.204669+00:00,2,0,True,True
631244275,2026-08-17T13:07:28.204669+00:00,2,0,True,True
631244276,2026-08-17T13:07:28.204669+00:00,9,0,True,True
631244277,2026-08-17T13:07:28.204669+00:00,2,0,True,True
631244278,2026-08-17T13:07:28.204669+00:00,1,0,True,True
631244280,2026-08-17T13:07:28.204669+00:00,7,0,True,True
631244281,2026-08-17T13:07:28.204669+00:00,5,0,True,True
631244286,2026-08-17T13:07:28.204669+00:00,2,0,True,True
631244287,2026-08-17T13:07:28.204669+00:00,7,0,True,True
631244288,2026-08-17T13:07:28.204669+00:00,11,0,True,True
631244289,2026-08-17T13:07:28.204669+00:00,1,0,True,True
631244290,2026-08-17T13:07:28.204669+00:00,2,0,True,True
631244291,2026-08-17T13:07:28.204669+00:00,2,0,True,True
631244292,2026-08-17T13:07:28.204669+00:00,4,0,True,True
631244293,2026-08-17T13:07:28.204669+00:00,2,0,True,True
631244294,2026-08-17T13:07:28.204669+00:00,4,0,True,True
631244295,2026-08-17T13:07:28.204669+00:00,2,0,True,True
631244297,2026-08-17T13:07:28.204669+00:00,5,0,True,True
631244302,2026-08-17T13:07:28.204669+00:00,7,0,True,True
631244303,2026-08-17T13:07:28.204669+00:00,5,0,True,True
631244304,2026-08-17T13:07:28.204669+00:00,4,0,True,True
631244306,2026-08-17T13:07:28.204669+00:00,2,0,True,True
631244308,2026-08-17T13:07:28.204669+00:00,14,0,True,True
631244309,2026-08-17T13:07:28.204669+00:00,11,0,True,True
631244311,2026-08-17T13:07:28.204669+00:00,6,0,True,True
631244312,2026-08-17T13:07:28.204669+00:00,0,0,True,True
631244313,2026-08-17T13:07:28.204669+00:00,0,0,True,True
631244315,2026-08-17T13:07:28.204669+00:00,6,0,True,True
631244316,2026-08-17T13:07:28.204669+00:00,4,0,True,True
637793642,2026-08-17T13:07:28.204669+00:00,10,0,True,True
637794034,2026-08-17T13:07:28.204669+00:00,2,0,True,True
608535280,2026-08-17T13:54:33.217260+00:00,6,0,True,True
608535281,2026-08-17T13:54:33.217260+00:00,7,0,True,True
608535282,2026-08-17T13:54:33.217260+00:00,6,0,True,True
608535283,2026-08-17T13:54:33.217260+00:00,4,0,True,True
608535284,2026-08-17T13:54:33.217260+00:00,5,0,True,True
608535285,2026-08-17T13:54:33.217260+00:00,2,0,True,True
608535286,2026-08-17T13:54:33.217260+00:00,4,0,True,True
608535287,2026-08-17T13:54:33.217260+00:00,5,0,True,True
608535288,2026-08-17T13:54:33.217260+00:00,2,0,True,True
608535289,2026-08-17T13:54:33.217260+00:00,2,0,True,True
608535290,2026-08-17T13:54:33.217260+00:00,5,0,True,True
608535291,2026-08-17T13:54:33.217260+00:00,8,0,True,True
608535292,2026-08-17T13:54:33.217260+00:00,2,0,True,True
608535293,2026-08-17T13:54:33.217260+00:00,7,0,True,True
608535294,2026-08-17T13:54:33.217260+00:00,5,0,True,True
608535295,2026-08-17T13:54:33.217260+00:00,6,0,True,True
608535296,2026-08-17T13:54:33.217260+00:00,5,0,True,True
608535297,2026-08-17T13:54:33.217260+00:00,7,0,True,True
608535298,2026-08-17T13:54:33.217260+00:00,6,0,True,True
608535299,2026-08-17T13:54:33.217260+00:00,5,0,True,True
608535300,2026-08-17T13:54:33.217260+00:00,7,0,True,True
608535301,2026-08-17T13:54:33.217260+00:00,8,0,True,True
608535302,2026-08-17T13:54:33.217260+00:00,7,0,True,True
608535303,2026-08-17T13:54:33.217260+00:00,5,0,True,True
608535304,2026-08-17T13:54:33.217260+00:00,5,0,True,True
608535305,2026-08-17T13:54:33.217260+00:00,8,0,True,True
608535306,2026-08-17T13:54:33.217260+00:00,2,0,True,True
608535307,2026-08-17T13:54:33.217260+00:00,7,0,True,True
608535308,2026-08-17T13:54:33.217260+00:00,7,0,True,True
608535309,2026-08-17T13:54:33.217260+00:00,3,0,True,True
608535310,2026-08-17T13:54:33.217260+00:00,6,0,True,True
608535311,2026-08-17T13:54:33.217260+00:00,5,0,True,True
608535312,2026-08-17T13:54:33.217260+00:00,3,0,True,True
608535313,2026-08-17T13:54:33.217260+00:00,0,0,True,True
608535314,2026-08-17T13:54:33.217260+00:00,5,0,True,True
608535315,2026-08-17T13:54:33.217260+00:00,8,0,True,True
608535316,2026-08-17T13:54:33.217260+00:00,7,0,True,True
608535317,2026-08-17T13:54:33.217260+00:00,6,0,True,True
608535318,2026-08-17T13:54:33.217260+00:00,10,0,True,True
608535319,2026-08-17T13:54:33.217260+00:00,5,0,True,True
608535320,2026-08-17T13:54:33.217260+00:00,6,0,True,True
608535321,2026-08-17T13:54:33.217260+00:00,3,0,True,True
608535322,2026-08-17T13:54:33.217260+00:00,13,0,True,True
608535323,2026-08-17T13:54:33.217260+00:00,3,0,True,True
608535324,2026-08-17T13:54:33.217260+00:00,3,0,True,True
608535325,2026-08-17T13:54:33.217260+00:00,5,0,True,True
608535326,2026-08-17T13:54:33.217260+00:00,5,0,True,True
608535327,2026-08-17T13:54:33.217260+00:00,9,0,True,True
608535328,2026-08-17T13:54:33.217260+00:00,11,0,True,True
608535329,2026-08-17T13:54:33.217260+00:00,4,0,True,True
608535330,2026-08-17T13:54:33.217260+00:00,6,0,True,True
608535331,2026-08-17T13:54:33.217260+00:00,2,0,True,True
608535332,2026-08-17T13:54:33.217260+00:00,11,0,True,True
608535333,2026-08-17T13:54:33.217260+00:00,5,0,True,True
608535334,2026-08-17T13:54:33.217260+00:00,4,0,True,True
608535335,2026-08-17T13:54:33.217260+00:00,4,0,True,True
608535336,2026-08-17T13:54:33.217260+00:00,7,0,True,True
608535337,2026-08-17T13:54:33.217260+00:00,3,0,True,True
608535338,2026-08-17T13:54:33.217260+00:00,1,0,True,True
608535339,2026-08-17T13:54:33.217260+00:00,6,0,True,True
608535340,2026-08-17T13:54:33.217260+00:00,11,0,True,True
608535341,2026-08-17T13:54:33.217260+00:00,6,0,True,True
608535342,2026-08-17T13:54:33.217260+00:00,1,0,True,True
608535343,2026-08-17T13:54:33.217260+00:00,3,0,True,True
608535344,2026-08-17T13:54:33.217260+00:00,4,0,True,True
608535345,2026-08-17T13:54:33.217260+00:00,8,0,True,True
608535346,2026-08-17T13:54:33.217260+00:00,2,0,True,True
608535256,2026-08-17T13:54:33.217260+00:00,7,0,True,True
608535257,2026-08-17T13:54:33.217260+00:00,5,0,True,True
608535258,2026-08-17T13:54:33.217260+00:00,3,0,True,True
608535259,2026-08-17T13:54:33.217260+00:00,3,0,True,True
608535260,2026-08-17T13:54:33.217260+00:00,14,0,True,True
608535261,2026-08-17T13:54:33.217260+00:00,2,0,True,True
608535262,2026-08-17T13:54:33.217260+00:00,2,0,True,True
608535263,2026-08-17T13:54:33.217260+00:00,3,0,True,True
608535265,2026-08-17T13:54:33.217260+00:00,2,0,True,True
608535266,2026-08-17T13:54:33.217260+00:00,4,0,True,True
608535267,2026-08-17T13:54:33.217260+00:00,4,0,True,True
608535268,2026-08-17T13:54:33.217260+00:00,2,0,True,True
608535270,2026-08-17T13:54:33.217260+00:00,8,0,True,True
608535271,2026-08-17T13:54:33.217260+00:00,1,0,True,True
608535272,2026-08-17T13:54:33.217260+00:00,7,0,True,True
608535273,2026-08-17T13:54:33.217260+00:00,4,0,True,True
608535274,2026-08-17T13:54:33.217260+00:00,5,0,True,True
608535276,2026-08-17T13:54:33.217260+00:00,3,0,True,True
608535277,2026-08-17T13:54:33.217260+00:00,3,0,True,True
608535278,2026-08-17T13:54:33.217260+00:00,3,0,True,True
608535279,2026-08-17T13:54:33.217260+00:00,5,0,True,True
608535378,2026-08-17T13:54:33.217260+00:00,4,0,True,True
608535379,2026-08-17T13:54:33.217260+00:00,7,0,True,True
608535380,2026-08-17T13:54:33.217260+00:00,8,0,True,True
608535381,2026-08-17T13:54:33.217260+00:00,1,0,True,True
608535383,2026-08-17T13:54:33.217260+00:00,7,0,True,True
608535384,2026-08-17T13:54:33.217260+00:00,3,0,True,True
608535385,2026-08-17T13:54:33.217260+00:00,0,0,True,True
608535386,2026-08-17T13:54:33.217260+00:00,13,0,True,True
608535387,2026-08-17T13:54:33.217260+00:00,6,0,True,True
608535388,2026-08-17T13:54:33.217260+00:00,10,0,True,True
608535389,2026-08-17T13:54:33.217260+00:00,0,0,True,True
608535390,2026-08-17T13:54:33.217260+00:00,11,0,True,True
608535391,2026-08-17T13:54:33.217260+00:00,1,0,True,True
608535392,2026-08-17T13:54:33.217260+00:00,7,0,True,True
608535393,2026-08-17T13:54:33.217260+00:00,11,0,True,True
608535394,2026-08-17T13:54:33.217260+00:00,5,0,True,True
608535395,2026-08-17T13:54:33.217260+00:00,16,0,True,True
608535396,2026-08-17T13:54:33.217260+00:00,3,0,True,True
608535440,2026-08-17T13:54:33.217260+00:00,1,0,True,True
608535441,2026-08-17T13:54:33.217260+00:00,1,0,True,True
608535442,2026-08-17T13:54:33.217260+00:00,1,0,True,True
608535443,2026-08-17T13:54:33.217260+00:00,4,0,True,True
608535444,2026-08-17T13:54:33.217260+00:00,13,0,True,True
608535445,2026-08-17T13:54:33.217260+00:00,27,0,True,True
608535446,2026-08-17T13:54:33.217260+00:00,0,0,True,True
608535447,2026-08-17T13:54:33.217260+00:00,2,0,True,True
608535461,2026-08-17T13:54:33.217260+00:00,5,0,True,True
608535462,2026-08-17T13:54:33.217260+00:00,0,0,True,True
608535463,2026-08-17T13:54:33.217260+00:00,6,0,True,True
608535464,2026-08-17T13:54:33.217260+00:00,4,0,True,True
608535491,2026-08-17T13:54:33.217260+00:00,0,0,True,True
608535492,2026-08-17T13:54:33.217260+00:00,1,0,True,True
608535493,2026-08-17T13:54:33.217260+00:00,9,0,True,True
608535494,2026-08-17T13:54:33.217260+00:00,2,0,True,True
608535495,2026-08-17T13:54:33.217260+00:00,1,0,True,True
608535496,2026-08-17T13:54:33.217260+00:00,6,0,True,True
608535497,2026-08-17T13:54:33.217260+00:00,6,0,True,True
608535498,2026-08-17T13:54:33.217260+00:00,12,0,True,True
608535499,2026-08-17T13:54:33.217260+00:00,3,0,True,True
608535500,2026-08-17T13:54:33.217260+00:00,4,0,True,True
608535501,2026-08-17T13:54:33.217260+00:00,1,0,True,True
608535502,2026-08-17T13:54:33.217260+00:00,2,0,True,True
608535503,2026-08-17T13:54:33.217260+00:00,4,0,True,True
608535504,2026-08-17T13:54:33.217260+00:00,4,0,True,True
608535505,2026-08-17T13:54:33.217260+00:00,0,0,True,True
637793366,2026-08-17T13:54:33.217260+00:00,0,0,True,True
608535516,2026-08-17T13:54:33.217260+00:00,7,0,True,True
608535517,2026-08-17T13:54:33.217260+00:00,1,0,True,True
608535518,2026-08-17T13:54:33.217260+00:00,6,0,True,True
608535519,2026-08-17T13:54:33.217260+00:00,4,0,True,True
608535520,2026-08-17T13:54:33.217260+00:00,8,0,True,True
608535521,2026-08-17T13:54:33.217260+00:00,7,0,True,True
608535522,2026-08-17T13:54:33.217260+00:00,10,0,True,True
608535523,2026-08-17T13:54:33.217260+00:00,6,0,True,True
608535524,2026-08-17T13:54:33.217260+00:00,5,0,True,True
608535525,2026-08-17T13:54:33.217260+00:00,3,0,True,True
608535526,2026-08-17T13:54:33.217260+00:00,1,0,True,True
608535527,2026-08-17T13:54:33.217260+00:00,6,0,True,True
608535528,2026-08-17T13:54:33.217260+00:00,5,0,True,True
608535529,2026-08-17T13:54:33.217260+00:00,7,0,True,True
608535530,2026-08-17T13:54:33.217260+00:00,3,0,True,True
608535531,2026-08-17T13:54:33.217260+00:00,4,0,True,True
608535532,2026-08-17T13:54:33.217260+00:00,6,0,True,True
608535533,2026-08-17T13:54:33.217260+00:00,4,0,True,True
608535534,2026-08-17T13:54:33.217260+00:00,3,0,True,True
608535537,2026-08-17T13:54:33.217260+00:00,3,0,True,True
608535398,2026-08-17T13:54:33.217260+00:00,5,0,True,True
608535399,2026-08-17T13:54:33.217260+00:00,1,0,True,True
608535400,2026-08-17T13:54:33.217260+00:00,6,0,True,True
608535402,2026-08-17T13:54:33.217260+00:00,6,0,True,True
608535403,2026-08-17T13:54:33.217260+00:00,4,0,True,True
608535404,2026-08-17T13:54:33.217260+00:00,5,0,True,True
608535405,2026-08-17T13:54:33.217260+00:00,4,0,True,True
608535406,2026-08-17T13:54:33.217260+00:00,10,0,True,True
608535407,2026-08-17T13:54:33.217260+00:00,11,0,True,True
608535408,2026-08-17T13:54:33.217260+00:00,5,0,True,True
608535409,2026-08-17T13:54:33.217260+00:00,6,0,True,True
608535410,2026-08-17T13:54:33.217260+00:00,6,0,True,True
608535411,2026-08-17T13:54:33.217260+00:00,8,0,True,True
608535412,2026-08-17T13:54:33.217260+00:00,8,0,True,True
608535413,2026-08-17T13:54:33.217260+00:00,5,0,True,True
608535414,2026-08-17T13:54:33.217260+00:00,7,0,True,True
608535415,2026-08-17T13:54:33.217260+00:00,4,0,True,True
608535416,2026-08-17T13:54:33.217260+00:00,8,0,True,True
608535417,2026-08-17T13:54:33.217260+00:00,8,0,True,True
608535418,2026-08-17T13:54:33.217260+00:00,12,0,True,True
608535419,2026-08-17T13:54:33.217260+00:00,9,0,True,True
608535420,2026-08-17T13:54:33.217260+00:00,11,0,True,True
608535421,2026-08-17T13:54:33.217260+00:00,8,0,True,True
608535422,2026-08-17T13:54:33.217260+00:00,6,0,True,True
608535423,2026-08-17T13:54:33.217260+00:00,8,0,True,True
608535424,2026-08-17T13:54:33.217260+00:00,6,0,True,True
608535425,2026-08-17T13:54:33.217260+00:00,2,0,True,True
608535426,2026-08-17T13:54:33.217260+00:00,3,0,True,True
608535427,2026-08-17T13:54:33.217260+00:00,3,0,True,True
608535428,2026-08-17T13:54:33.217260+00:00,8,0,True,True
608535429,2026-08-17T13:54:33.217260+00:00,3,0,True,True
608535430,2026-08-17T13:54:33.217260+00:00,5,0,True,True
608535431,2026-08-17T13:54:33.217260+00:00,3,0,True,True
608535438,2026-08-17T13:54:33.217260+00:00,1,0,True,True
608535439,2026-08-17T13:54:33.217260+00:00,6,0,True,True
608535432,2026-08-17T13:54:33.217260+00:00,5,0,True,True
608535433,2026-08-17T13:54:33.217260+00:00,2,0,True,True
608535434,2026-08-17T13:54:33.217260+00:00,2,0,True,True
608535435,2026-08-17T13:54:33.217260+00:00,0,0,True,True
608535436,2026-08-17T13:54:33.217260+00:00,3,0,True,True
608535437,2026-08-17T13:54:33.217260+00:00,6,0,True,True
608535448,2026-08-17T13:54:33.217260+00:00,7,0,True,True
608535449,2026-08-17T13:54:33.217260+00:00,5,0,True,True
608535450,2026-08-17T13:54:33.217260+00:00,4,0,True,True
608535451,2026-08-17T13:54:33.217260+00:00,4,0,True,True
608535483,2026-08-17T13:54:33.217260+00:00,0,0,True,True
608535484,2026-08-17T13:54:33.217260+00:00,4,0,True,True
608535485,2026-08-17T13:54:33.217260+00:00,7,0,True,True
608535486,2026-08-17T13:54:33.217260+00:00,1,0,True,True
608535487,2026-08-17T13:54:33.217260+00:00,12,0,True,True
608535488,2026-08-17T13:54:33.217260+00:00,5,0,True,True
608535489,2026-08-17T13:54:33.217260+00:00,3,0,True,True
608535490,2026-08-17T13:54:33.217260+00:00,13,0,True,True
608535452,2026-08-17T13:54:33.217260+00:00,5,0,True,True
608535453,2026-08-17T13:54:33.217260+00:00,1,0,True,True
608535454,2026-08-17T13:54:33.217260+00:00,4,0,True,True
608535455,2026-08-17T13:54:33.217260+00:00,4,0,True,True
608535456,2026-08-17T13:54:33.217260+00:00,4,0,True,True
608535457,2026-08-17T13:54:33.217260+00:00,6,0,True,True
608535458,2026-08-17T13:54:33.217260+00:00,17,0,True,True
608535459,2026-08-17T13:54:33.217260+00:00,5,0,True,True
608535460,2026-08-17T13:54:33.217260+00:00,10,0,True,True
608535465,2026-08-17T13:54:33.217260+00:00,6,0,True,True
608535466,2026-08-17T13:54:33.217260+00:00,2,0,True,True
608535467,2026-08-17T13:54:33.217260+00:00,2,0,True,True
608535468,2026-08-17T13:54:33.217260+00:00,4,0,True,True
608535469,2026-08-17T13:54:33.217260+00:00,6,0,True,True
608535470,2026-08-17T13:54:33.217260+00:00,5,0,True,True
608535471,2026-08-17T13:54:33.217260+00:00,3,0,True,True
608535473,2026-08-17T13:54:33.217260+00:00,6,0,True,True
608535474,2026-08-17T13:54:33.217260+00:00,5,0,True,True
608535475,2026-08-17T13:54:33.217260+00:00,5,0,True,True
608535476,2026-08-17T13:54:33.217260+00:00,10,0,True,True
608535477,2026-08-17T13:54:33.217260+00:00,3,0,True,True
608535478,2026-08-17T13:54:33.217260+00:00,1,0,True,True
608535479,2026-08-17T13:54:33.217260+00:00,3,0,True,True
608535480,2026-08-17T13:54:33.217260+00:00,0,0,True,True
608535481,2026-08-17T13:54:33.217260+00:00,4,0,True,True
608535482,2026-08-17T13:54:33.217260+00:00,3,0,True,True
608535507,2026-08-17T13:54:33.217260+00:00,1,0,True,True
608535508,2026-08-17T13:54:33.217260+00:00,4,0,True,True
608535509,2026-08-17T13:54:33.217260+00:00,4,0,True,True
608535510,2026-08-17T13:54:33.217260+00:00,2,0,True,True
608535511,2026-08-17T13:54:33.217260+00:00,1,0,True,True
608535512,2026-08-17T13:54:33.217260+00:00,4,0,True,True
608535513,2026-08-17T13:54:33.217260+00:00,5,0,True,True
608535514,2026-08-17T13:54:33.217260+00:00,4,0,True,True
608535515,2026-08-17T13:54:33.217260+00:00,8,0,True,True
608535347,2026-08-17T13:54:33.217260+00:00,2,0,True,True
608535348,2026-08-17T13:54:33.217260+00:00,6,0,True,True
608535349,2026-08-17T13:54:33.217260+00:00,8,0,True,True
608535350,2026-08-17T13:54:33.217260+00:00,9,0,True,True
608535351,2026-08-17T13:54:33.217260+00:00,1,0,True,True
608535352,2026-08-17T13:54:33.217260+00:00,1,0,True,True
608535353,2026-08-17T13:54:33.217260+00:00,4,0,True,True
608535354,2026-08-17T13:54:33.217260+00:00,8,0,True,True
608535538,2026-08-17T13:54:33.217260+00:00,10,0,True,True
608535539,2026-08-17T13:54:33.217260+00:00,8,0,True,True
608535540,2026-08-17T13:54:33.217260+00:00,5,0,True,True
608535355,2026-08-17T13:54:33.217260+00:00,6,0,True,True
608535356,2026-08-17T13:54:33.217260+00:00,5,0,True,True
608535357,2026-08-17T13:54:33.217260+00:00,5,0,True,True
608535358,2026-08-17T13:54:33.217260+00:00,6,0,True,True
608535359,2026-08-17T13:54:33.217260+00:00,2,0,True,True
608535360,2026-08-17T13:54:33.217260+00:00,3,0,True,True
608535361,2026-08-17T13:54:33.217260+00:00,3,0,True,True
608535362,2026-08-17T13:54:33.217260+00:00,1,0,True,True
608535363,2026-08-17T13:54:33.217260+00:00,1,0,True,True
608535364,2026-08-17T13:54:33.217260+00:00,5,0,True,True
608535365,2026-08-17T13:54:33.217260+00:00,2,0,True,True
608535366,2026-08-17T13:54:33.217260+00:00,2,0,True,True
608535367,2026-08-17T13:54:33.217260+00:00,5,0,True,True
608535368,2026-08-17T13:54:33.217260+00:00,2,0,True,True
608535369,2026-08-17T13:54:33.217260+00:00,1,0,True,True
608535370,2026-08-17T13:54:33.217260+00:00,2,0,True,True
608535371,2026-08-17T13:54:33.217260+00:00,8,0,True,True
608535372,2026-08-17T13:54:33.217260+00:00,6,0,True,True
608535373,2026-08-17T13:54:33.217260+00:00,6,0,True,True
608535375,2026-08-17T13:54:33.217260+00:00,5,0,True,True
608535376,2026-08-17T13:54:33.217260+00:00,7,0,True,True
606857330,2026-08-17T13:54:33.217260+00:00,6,0,True,True
608534898,2026-08-17T13:54:33.217260+00:00,5,0,True,True
608534899,2026-08-17T13:54:33.217260+00:00,3,0,True,True
608534900,2026-08-17T13:54:33.217260+00:00,9,0,True,True
608534901,2026-08-17T13:54:33.217260+00:00,1,0,True,True
608534902,2026-08-17T13:54:33.217260+00:00,17,0,True,True
608534903,2026-08-17T13:54:33.217260+00:00,11,0,True,True
608534904,2026-08-17T13:54:33.217260+00:00,8,0,True,True
608534905,2026-08-17T13:54:33.217260+00:00,0,0,True,True
608534906,2026-08-17T13:54:33.217260+00:00,1,5,True,True
608534907,2026-08-17T13:54:33.217260+00:00,20,0,True,True
608534908,2026-08-17T13:54:33.217260+00:00,3,0,True,True
608534909,2026-08-17T13:54:33.217260+00:00,6,0,True,True
608534910,2026-08-17T13:54:33.217260+00:00,2,0,True,True
608534912,2026-08-17T13:54:33.217260+00:00,0,0,True,True
608534913,2026-08-17T13:54:33.217260+00:00,1,0,True,True
608534914,2026-08-17T13:54:33.217260+00:00,0,0,True,True
608534915,2026-08-17T13:54:33.217260+00:00,5,0,True,True
608534916,2026-08-17T13:54:33.217260+00:00,6,0,True,True
608534917,2026-08-17T13:54:33.217260+00:00,3,0,True,True
608534918,2026-08-17T13:54:33.217260+00:00,5,0,True,True
608534919,2026-08-17T13:54:33.217260+00:00,0,0,True,True
608534920,2026-08-17T13:54:33.217260+00:00,28,0,True,True
608534921,2026-08-17T13:54:33.217260+00:00,15,0,True,True
608534922,2026-08-17T13:54:33.217260+00:00,5,0,True,True
608534923,2026-08-17T13:54:33.217260+00:00,5,0,True,True
608534924,2026-08-17T13:54:33.217260+00:00,7,0,True,True
608534925,2026-08-17T13:54:33.217260+00:00,6,0,True,True
608534926,2026-08-17T13:54:33.217260+00:00,2,0,True,True
608534927,2026-08-17T13:54:33.217260+00:00,2,0,True,True
608534928,2026-08-17T13:54:33.217260+00:00,4,0,True,True
608534930,2026-08-17T13:54:33.217260+00:00,9,0,True,True
608534931,2026-08-17T13:54:33.217260+00:00,0,0,True,True
608534932,2026-08-17T13:54:33.217260+00:00,1,0,True,True
608534933,2026-08-17T13:54:33.217260+00:00,3,0,True,True
608534934,2026-08-17T13:54:33.217260+00:00,6,0,False,False
608534936,2026-08-17T13:54:33.217260+00:00,2,0,True,True
608534937,2026-08-17T13:54:33.217260+00:00,2,0,True,True
608534939,2026-08-17T13:54:33.217260+00:00,10,0,True,True
608534940,2026-08-17T13:54:33.217260+00:00,2,0,True,True
608534942,2026-08-17T13:54:33.217260+00:00,10,0,True,True
608534943,2026-08-17T13:54:33.217260+00:00,6,0,True,True
608534944,2026-08-17T13:54:33.217260+00:00,3,0,True,True
608534945,2026-08-17T13:54:33.217260+00:00,9,0,True,True
608534946,2026-08-17T13:54:33.217260+00:00,8,0,True,True
608534947,2026-08-17T13:54:33.217260+00:00,16,0,True,True
608534948,2026-08-17T13:54:33.217260+00:00,4,0,True,True
608534950,2026-08-17T13:54:33.217260+00:00,14,0,True,True
608534952,2026-08-17T13:54:33.217260+00:00,2,0,True,True
608534953,2026-08-17T13:54:33.217260+00:00,10,0,True,True
608534954,2026-08-17T13:54:33.217260+00:00,3,0,True,True
608534955,2026-08-17T13:54:33.217260+00:00,9,0,True,True
608534956,2026-08-17T13:54:33.217260+00:00,21,0,True,True
608534957,2026-08-17T13:54:33.217260+00:00,4,0,True,True
608534958,2026-08-17T13:54:33.217260+00:00,2,0,True,True
608534959,2026-08-17T13:54:33.217260+00:00,6,2,True,True
608534960,2026-08-17T13:54:33.217260+00:00,2,0,True,True
608534961,2026-08-17T13:54:33.217260+00:00,1,0,True,True
608534962,2026-08-17T13:54:33.217260+00:00,1,0,True,True
608534963,2026-08-17T13:54:33.217260+00:00,14,0,True,True
608534964,2026-08-17T13:54:33.217260+00:00,4,0,True,True
608534965,2026-08-17T13:54:33.217260+00:00,0,0,True,True
608534967,2026-08-17T13:54:33.217260+00:00,2,0,True,True
608534968,2026-08-17T13:54:33.217260+00:00,14,0,True,True
608534969,2026-08-17T13:54:33.217260+00:00,0,0,True,True
608534970,2026-08-17T13:54:33.217260+00:00,0,0,True,True
608534971,2026-08-17T13:54:33.217260+00:00,3,0,True,True
608534973,2026-08-17T13:54:33.217260+00:00,1,0,True,True
608534974,2026-08-17T13:54:33.217260+00:00,11,0,True,True
608534975,2026-08-17T13:54:33.217260+00:00,1,0,True,True
608534977,2026-08-17T13:54:33.217260+00:00,0,0,True,True
608534978,2026-08-17T13:54:33.217260+00:00,2,0,True,True
608534979,2026-08-17T13:54:33.217260+00:00,0,0,True,True
608534980,2026-08-17T13:54:33.217260+00:00,1,0,True,True
608534981,2026-08-17T13:54:33.217260+00:00,1,0,True,True
608534982,2026-08-17T13:54:33.217260+00:00,0,0,True,True
608534983,2026-08-17T13:54:33.217260+00:00,1,0,True,True
608534984,2026-08-17T13:54:33.217260+00:00,0,0,True,True
608534985,2026-08-17T13:54:33.217260+00:00,1,0,True,True
608534986,2026-08-17T13:54:33.217260+00:00,1,0,True,True
608534987,2026-08-17T13:54:33.217260+00:00,2,0,True,True
608534988,2026-08-17T13:54:33.217260+00:00,1,0,True,True
608534990,2026-08-17T13:54:33.217260+00:00,3,0,True,True
608534991,2026-08-17T13:54:33.217260+00:00,0,0,True,True
608534992,2026-08-17T13:54:33.217260+00:00,2,0,True,True
608534993,2026-08-17T13:54:33.217260+00:00,1,0,True,True
608534994,2026-08-17T13:54:33.217260+00:00,0,0,True,True
608534995,2026-08-17T13:54:33.217260+00:00,11,0,True,True
608534996,2026-08-17T13:54:33.217260+00:00,0,0,True,True
608534998,2026-08-17T13:54:33.217260+00:00,0,0,True,True
608534999,2026-08-17T13:54:33.217260+00:00,1,0,True,True
608535000,2026-08-17T13:54:33.217260+00:00,1,0,True,True
608535001,2026-08-17T13:54:33.217260+00:00,2,0,True,True
608535002,2026-08-17T13:54:33.217260+00:00,0,0,True,True
608535003,2026-08-17T13:54:33.217260+00:00,0,0,True,True
608535004,2026-08-17T13:54:33.217260+00:00,0,0,True,True
608535005,2026-08-17T13:54:33.217260+00:00,9,0,True,True
608535006,2026-08-17T13:54:33.217260+00:00,1,0,True,True
608535007,2026-08-17T13:54:33.217260+00:00,0,0,True,True
608535008,2026-08-17T13:54:33.217260+00:00,2,0,True,True
608535009,2026-08-17T13:54:33.217260+00:00,0,0,True,True
608535010,2026-08-17T13:54:33.217260+00:00,3,0,True,True
608535011,2026-08-17T13:54:33.217260+00:00,1,0,True,True
608535012,2026-08-17T13:54:33.217260+00:00,1,0,True,True
608535013,2026-08-17T13:54:33.217260+00:00,1,0,True,True
608535014,2026-08-17T13:54:33.217260+00:00,4,0,True,True
608535015,2026-08-17T13:54:33.217260+00:00,1,0,True,True
608535016,2026-08-17T13:54:33.217260+00:00,3,0,True,True
608535017,2026-08-17T13:54:33.217260+00:00,9,0,True,True
608535018,2026-08-17T13:54:33.217260+00:00,6,0,True,True
608535019,2026-08-17T13:54:33.217260+00:00,2,0,True,True
608535020,2026-08-17T13:54:33.217260+00:00,2,0,True,True
608535021,2026-08-17T13:54:33.217260+00:00,2,0,True,True
608535022,2026-08-17T13:54:33.217260+00:00,4,0,True,True
608535023,2026-08-17T13:54:33.217260+00:00,2,0,True,True
608535024,2026-08-17T13:54:33.217260+00:00,3,0,True,True
608535025,2026-08-17T13:54:33.217260+00:00,0,0,True,True
608535026,2026-08-17T13:54:33.217260+00:00,2,0,True,True
608535027,2026-08-17T13:54:33.217260+00:00,7,0,True,True
608535028,2026-08-17T13:54:33.217260+00:00,7,0,True,True
608535029,2026-08-17T13:54:33.217260+00:00,6,0,True,True
608535030,2026-08-17T13:54:33.217260+00:00,0,0,True,True
608535031,2026-08-17T13:54:33.217260+00:00,12,0,True,True
608535032,2026-08-17T13:54:33.217260+00:00,4,0,True,True
608535033,2026-08-17T13:54:33.217260+00:00,8,0,True,True
608535034,2026-08-17T13:54:33.217260+00:00,4,0,True,True
608535036,2026-08-17T13:54:33.217260+00:00,7,0,True,True
608535037,2026-08-17T13:54:33.217260+00:00,8,0,True,True
608535038,2026-08-17T13:54:33.217260+00:00,3,0,True,True
608535039,2026-08-17T13:54:33.217260+00:00,6,0,True,True
608535040,2026-08-17T13:54:33.217260+00:00,4,0,True,True
608535041,2026-08-17T13:54:33.217260+00:00,8,0,True,True
608535042,2026-08-17T13:54:33.217260+00:00,9,0,True,True
608535043,2026-08-17T13:54:33.217260+00:00,7,0,True,True
608535044,2026-08-17T13:54:33.217260+00:00,2,0,True,True
608535045,2026-08-17T13:54:33.217260+00:00,8,0,True,True
608535046,2026-08-17T13:54:33.217260+00:00,5,0,True,True
608535047,2026-08-17T13:54:33.217260+00:00,4,0,True,True
608535048,2026-08-17T13:54:33.217260+00:00,17,0,True,True
608535049,2026-08-17T13:54:33.217260+00:00,9,0,True,True
608535050,2026-08-17T13:54:33.217260+00:00,12,0,True,True
608535051,2026-08-17T13:54:33.217260+00:00,12,0,True,True
608535052,2026-08-17T13:54:33.217260+00:00,10,0,True,True
608535053,2026-08-17T13:54:33.217260+00:00,4,0,True,True
608535054,2026-08-17T13:54:33.217260+00:00,3,0,True,True
608535055,2026-08-17T13:54:33.217260+00:00,6,0,True,True
608535057,2026-08-17T13:54:33.217260+00:00,13,0,True,True
608535058,2026-08-17T13:54:33.217260+00:00,9,0,True,True
608535059,2026-08-17T13:54:33.217260+00:00,17,0,True,True
608535060,2026-08-17T13:54:33.217260+00:00,13,0,True,True
608535061,2026-08-17T13:54:33.217260+00:00,4,0,True,True
608535062,2026-08-17T13:54:33.217260+00:00,8,0,True,True
608535063,2026-08-17T13:54:33.217260+00:00,7,0,True,True
608535064,2026-08-17T13:54:33.217260+00:00,6,0,True,True
608535065,2026-08-17T13:54:33.217260+00:00,5,0,True,True
608535066,2026-08-17T13:54:33.217260+00:00,12,0,True,True
608535067,2026-08-17T13:54:33.217260+00:00,22,0,True,True
608535068,2026-08-17T13:54:33.217260+00:00,2,0,True,True
608535069,2026-08-17T13:54:33.217260+00:00,6,0,True,True
608535070,2026-08-17T13:54:33.217260+00:00,5,0,True,True
608535071,2026-08-17T13:54:33.217260+00:00,4,0,True,True
608535072,2026-08-17T13:54:33.217260+00:00,3,0,True,True
608535073,2026-08-17T13:54:33.217260+00:00,3,0,True,True
608535074,2026-08-17T13:54:33.217260+00:00,8,0,True,True
608535075,2026-08-17T13:54:33.217260+00:00,4,0,True,True
608535077,2026-08-17T13:54:33.217260+00:00,3,0,True,True
608535078,2026-08-17T13:54:33.217260+00:00,5,0,True,True
608535079,2026-08-17T13:54:33.217260+00:00,4,0,True,True
608535080,2026-08-17T13:54:33.217260+00:00,3,0,True,True
608535081,2026-08-17T13:54:33.217260+00:00,15,0,True,True
608535082,2026-08-17T13:54:33.217260+00:00,5,0,True,True
608535083,2026-08-17T13:54:33.217260+00:00,4,0,True,True
608535084,2026-08-17T13:54:33.217260+00:00,5,0,True,True
608535085,2026-08-17T13:54:33.217260+00:00,5,0,True,True
608535086,2026-08-17T13:54:33.217260+00:00,5,0,True,True
608535087,2026-08-17T13:54:33.217260+00:00,3,0,True,True
608535088,2026-08-17T13:54:33.217260+00:00,1,0,True,True
608535089,2026-08-17T13:54:33.217260+00:00,1,0,True,True
608535090,2026-08-17T13:54:33.217260+00:00,2,0,True,True
608535091,2026-08-17T13:54:33.217260+00:00,0,0,True,True
608535092,2026-08-17T13:54:33.217260+00:00,5,0,True,True
608535093,2026-08-17T13:54:33.217260+00:00,2,0,True,True
608535094,2026-08-17T13:54:33.217260+00:00,12,0,True,True
608535095,2026-08-17T13:54:33.217260+00:00,4,0,True,True
608535096,2026-08-17T13:54:33.217260+00:00,4,0,True,True
608535097,2026-08-17T13:54:33.217260+00:00,3,0,True,True
608535098,2026-08-17T13:54:33.217260+00:00,8,0,True,True
608535099,2026-08-17T13:54:33.217260+00:00,14,0,True,True
608535100,2026-08-17T13:54:33.217260+00:00,7,0,True,True
608535101,2026-08-17T13:54:33.217260+00:00,6,0,True,True
608535102,2026-08-17T13:54:33.217260+00:00,0,0,True,True
608535103,2026-08-17T13:54:33.217260+00:00,11,0,True,True
608535104,2026-08-17T13:54:33.217260+00:00,2,0,True,True
608535105,2026-08-17T13:54:33.217260+00:00,10,0,True,True
608535106,2026-08-17T13:54:33.217260+00:00,2,0,True,True
608535107,2026-08-17T13:54:33.217260+00:00,4,0,True,True
608535108,2026-08-17T13:54:33.217260+00:00,8,0,True,True
608535109,2026-08-17T13:54:33.217260+00:00,8,0,True,True
608535110,2026-08-17T13:54:33.217260+00:00,10,0,True,True
608535111,2026-08-17T13:54:33.217260+00:00,1,0,True,True
608535112,2026-08-17T13:54:33.217260+00:00,4,0,True,True
608535113,2026-08-17T13:54:33.217260+00:00,4,0,True,True
608535114,2026-08-17T13:54:33.217260+00:00,1,0,True,True
608535116,2026-08-17T13:54:33.217260+00:00,3,0,True,True
608535117,2026-08-17T13:54:33.217260+00:00,10,0,True,True
608535118,2026-08-17T13:54:33.217260+00:00,4,0,True,True
608535119,2026-08-17T13:54:33.217260+00:00,0,0,True,True
608535120,2026-08-17T13:54:33.217260+00:00,7,0,True,True
608535121,2026-08-17T13:54:33.217260+00:00,0,0,True,True
608535122,2026-08-17T13:54:33.217260+00:00,4,0,True,True
608535123,2026-08-17T13:54:33.217260+00:00,1,0,True,True
608535124,2026-08-17T13:54:33.217260+00:00,9,0,True,True
608535125,2026-08-17T13:54:33.217260+00:00,0,0,True,True
608535126,2026-08-17T13:54:33.217260+00:00,9,0,True,True
608535127,2026-08-17T13:54:33.217260+00:00,2,0,True,True
608535128,2026-08-17T13:54:33.217260+00:00,1,0,True,True
608535129,2026-08-17T13:54:33.217260+00:00,4,0,True,True
608535130,2026-08-17T13:54:33.217260+00:00,3,0,True,True
608535131,2026-08-17T13:54:33.217260+00:00,7,0,True,True
608535132,2026-08-17T13:54:33.217260+00:00,6,0,True,True
608535133,2026-08-17T13:54:33.217260+00:00,6,0,True,True
608535134,2026-08-17T13:54:33.217260+00:00,1,0,True,True
608535135,2026-08-17T13:54:33.217260+00:00,5,0,True,True
608535136,2026-08-17T13:54:33.217260+00:00,0,0,True,True
608535137,2026-08-17T13:54:33.217260+00:00,1,0,True,True
608535138,2026-08-17T13:54:33.217260+00:00,4,0,True,True
608535139,2026-08-17T13:54:33.217260+00:00,3,0,True,True
608535140,2026-08-17T13:54:33.217260+00:00,3,0,True,True
608535141,2026-08-17T13:54:33.217260+00:00,6,0,True,True
608535142,2026-08-17T13:54:33.217260+00:00,9,0,True,True
608535143,2026-08-17T13:54:33.217260+00:00,2,0,True,True
608535144,2026-08-17T13:54:33.217260+00:00,9,0,True,True
608535145,2026-08-17T13:54:33.217260+00:00,5,0,True,True
608535146,2026-08-17T13:54:33.217260+00:00,2,0,True,True
608535147,2026-08-17T13:54:33.217260+00:00,6,0,True,True
608535148,2026-08-17T13:54:33.217260+00:00,3,0,True,True
608535149,2026-08-17T13:54:33.217260+00:00,3,0,True,True
608535150,2026-08-17T13:54:33.217260+00:00,11,0,True,True
608535151,2026-08-17T13:54:33.217260+00:00,0,0,True,True
608535152,2026-08-17T13:54:33.217260+00:00,3,0,True,True
608535153,2026-08-17T13:54:33.217260+00:00,2,0,True,True
608535154,2026-08-17T13:54:33.217260+00:00,0,0,True,True
608535155,2026-08-17T13:54:33.217260+00:00,0,0,True,True
608535156,2026-08-17T13:54:33.217260+00:00,3,0,True,True
608535157,2026-08-17T13:54:33.217260+00:00,3,0,True,True
608535158,2026-08-17T13:54:33.217260+00:00,1,0,True,True
608535159,2026-08-17T13:54:33.217260+00:00,0,0,True,True
608535160,2026-08-17T13:54:33.217260+00:00,1,0,True,True
608535162,2026-08-17T13:54:33.217260+00:00,2,0,True,True
608535163,2026-08-17T13:54:33.217260+00:00,3,0,True,True
608535164,2026-08-17T13:54:33.217260+00:00,2,0,True,True
608535165,2026-08-17T13:54:33.217260+00:00,2,0,True,True
608535166,2026-08-17T13:54:33.217260+00:00,3,0,True,True
608535167,2026-08-17T13:54:33.217260+00:00,3,0,True,True
608535168,2026-08-17T13:54:33.217260+00:00,5,0,True,True
608535169,2026-08-17T13:54:33.217260+00:00,9,0,True,True
608535170,2026-08-17T13:54:33.217260+00:00,4,0,True,True
608535171,2026-08-17T13:54:33.217260+00:00,3,0,True,True
608535172,2026-08-17T13:54:33.217260+00:00,6,0,True,True
608535173,2026-08-17T13:54:33.217260+00:00,9,0,True,True
608535174,2026-08-17T13:54:33.217260+00:00,0,0,True,True
608535175,2026-08-17T13:54:33.217260+00:00,0,0,True,True
608535176,2026-08-17T13:54:33.217260+00:00,1,0,True,True
608535178,2026-08-17T13:54:33.217260+00:00,10,0,True,True
608535179,2026-08-17T13:54:33.217260+00:00,7,0,True,True
608535180,2026-08-17T13:54:33.217260+00:00,1,0,True,True
608535181,2026-08-17T13:54:33.217260+00:00,3,0,True,True
608535182,2026-08-17T13:54:33.217260+00:00,3,0,True,True
608535183,2026-08-17T13:54:33.217260+00:00,1,0,True,True
608535184,2026-08-17T13:54:33.217260+00:00,0,0,True,True
608535185,2026-08-17T13:54:33.217260+00:00,5,0,True,True
608535186,2026-08-17T13:54:33.217260+00:00,9,0,True,True
608535187,2026-08-17T13:54:33.217260+00:00,0,0,True,True
608535188,2026-08-17T13:54:33.217260+00:00,10,0,True,True
608535189,2026-08-17T13:54:33.217260+00:00,0,0,True,True
608535190,2026-08-17T13:54:33.217260+00:00,6,0,True,True
608535192,2026-08-17T13:54:33.217260+00:00,13,0,True,True
608535193,2026-08-17T13:54:33.217260+00:00,8,0,True,True
608535194,2026-08-17T13:54:33.217260+00:00,1,0,True,True
608535195,2026-08-17T13:54:33.217260+00:00,2,0,True,True
608535196,2026-08-17T13:54:33.217260+00:00,4,0,True,True
608535197,2026-08-17T13:54:33.217260+00:00,0,0,True,True
608535198,2026-08-17T13:54:33.217260+00:00,1,0,True,True
608535199,2026-08-17T13:54:33.217260+00:00,7,0,True,True
608535200,2026-08-17T13:54:33.217260+00:00,3,0,True,True
608535201,2026-08-17T13:54:33.217260+00:00,2,0,True,True
608535202,2026-08-17T13:54:33.217260+00:00,1,0,True,True
608535203,2026-08-17T13:54:33.217260+00:00,9,0,True,True
608535204,2026-08-17T13:54:33.217260+00:00,3,0,True,True
608535205,2026-08-17T13:54:33.217260+00:00,8,0,True,True
608535206,2026-08-17T13:54:33.217260+00:00,7,0,True,True
608535207,2026-08-17T13:54:33.217260+00:00,4,0,True,True
608535208,2026-08-17T13:54:33.217260+00:00,6,0,True,True
608535209,2026-08-17T13:54:33.217260+00:00,0,0,True,True
608535210,2026-08-17T13:54:33.217260+00:00,11,0,True,True
608535211,2026-08-17T13:54:33.217260+00:00,3,0,True,True
608535212,2026-08-17T13:54:33.217260+00:00,3,0,True,True
608535213,2026-08-17T13:54:33.217260+00:00,12,0,True,True
608535214,2026-08-17T13:54:33.217260+00:00,3,0,True,True
608535215,2026-08-17T13:54:33.217260+00:00,2,0,True,True
608535216,2026-08-17T13:54:33.217260+00:00,9,0,True,True
608535217,2026-08-17T13:54:33.217260+00:00,6,0,True,True
608535218,2026-08-17T13:54:33.217260+00:00,7,0,True,True
608535219,2026-08-17T13:54:33.217260+00:00,1,0,True,True
608535220,2026-08-17T13:54:33.217260+00:00,3,0,True,True
608535221,2026-08-17T13:54:33.217260+00:00,2,0,True,True
608535222,2026-08-17T13:54:33.217260+00:00,6,0,True,True
608535223,2026-08-17T13:54:33.217260+00:00,10,0,True,True
608535224,2026-08-17T13:54:33.217260+00:00,3,0,True,True
608535225,2026-08-17T13:54:33.217260+00:00,3,0,True,True
608535226,2026-08-17T13:54:33.217260+00:00,1,0,True,True
608535227,2026-08-17T13:54:33.217260+00:00,0,0,True,True
608535228,2026-08-17T13:54:33.217260+00:00,10,0,True,True
608535229,2026-08-17T13:54:33.217260+00:00,12,0,True,True
608535230,2026-08-17T13:54:33.217260+00:00,3,0,True,True
608535231,2026-08-17T13:54:33.217260+00:00,3,0,True,True
608535232,2026-08-17T13:54:33.217260+00:00,2,0,True,True
608535234,2026-08-17T13:54:33.217260+00:00,13,0,True,True
608535235,2026-08-17T13:54:33.217260+00:00,9,0,True,True
608535236,2026-08-17T13:54:33.217260+00:00,5,0,True,True
608535237,2026-08-17T13:54:33.217260+00:00,6,0,True,True
608535238,2026-08-17T13:54:33.217260+00:00,4,0,True,True
608535239,2026-08-17T13:54:33.217260+00:00,6,0,True,True
608535240,2026-08-17T13:54:33.217260+00:00,3,0,True,True
608535241,2026-08-17T13:54:33.217260+00:00,2,0,True,True
608535242,2026-08-17T13:54:33.217260+00:00,12,0,True,True
608535243,2026-08-17T13:54:33.217260+00:00,7,0,True,True
608535244,2026-08-17T13:54:33.217260+00:00,0,0,True,True
608535245,2026-08-17T13:54:33.217260+00:00,9,0,True,True
608535246,2026-08-17T13:54:33.217260+00:00,5,0,True,True
608535247,2026-08-17T13:54:33.217260+00:00,7,0,True,True
608535248,2026-08-17T13:54:33.217260+00:00,5,0,True,True
608535249,2026-08-17T13:54:33.217260+00:00,5,0,True,True
608535250,2026-08-17T13:54:33.217260+00:00,4,0,True,True
608535251,2026-08-17T13:54:33.217260+00:00,8,0,True,True
608535252,2026-08-17T13:54:33.217260+00:00,5,0,True,True
608535254,2026-08-17T13:54:33.217260+00:00,3,0,True,True
608535255,2026-08-17T13:54:33.217260+00:00,3,0,True,True
613312171,2026-08-17T13:54:33.217260+00:00,12,0,True,True
613312172,2026-08-17T13:54:33.217260+00:00,0,0,True,True
613312173,2026-08-17T13:54:33.217260+00:00,9,0,True,True
613312174,2026-08-17T13:54:33.217260+00:00,1,0,True,True
613312175,2026-08-17T13:54:33.217260+00:00,5,0,True,True
613312176,2026-08-17T13:54:33.217260+00:00,11,0,True,True
613312177,2026-08-17T13:54:33.217260+00:00,1,0,True,True
613312179,2026-08-17T13:54:33.217260+00:00,11,0,True,True
613312180,2026-08-17T13:54:33.217260+00:00,3,0,True,True
613312181,2026-08-17T13:54:33.217260+00:00,18,0,True,True
613312182,2026-08-17T13:54:33.217260+00:00,8,0,True,True
613312183,2026-08-17T13:54:33.217260+00:00,11,0,True,True
613312184,2026-08-17T13:54:33.217260+00:00,2,0,True,True
613312185,2026-08-17T13:54:33.217260+00:00,1,0,True,True
613312186,2026-08-17T13:54:33.217260+00:00,1,0,True,True
613312187,2026-08-17T13:54:33.217260+00:00,1,0,True,True
613312188,2026-08-17T13:54:33.217260+00:00,0,0,True,True
613312189,2026-08-17T13:54:33.217260+00:00,1,0,True,True
613312190,2026-08-17T13:54:33.217260+00:00,0,0,True,True
613312191,2026-08-17T13:54:33.217260+00:00,5,0,True,True
613312192,2026-08-17T13:54:33.217260+00:00,0,0,True,True
613312193,2026-08-17T13:54:33.217260+00:00,0,0,True,True
613312194,2026-08-17T13:54:33.217260+00:00,1,0,True,True
613312195,2026-08-17T13:54:33.217260+00:00,3,0,True,True
613312196,2026-08-17T13:54:33.217260+00:00,5,0,True,True
613312197,2026-08-17T13:54:33.217260+00:00,2,0,True,True
613312198,2026-08-17T13:54:33.217260+00:00,8,0,True,True
613312199,2026-08-17T13:54:33.217260+00:00,4,0,True,True
613312200,2026-08-17T13:54:33.217260+00:00,7,0,True,True
613312201,2026-08-17T13:54:33.217260+00:00,0,0,True,True
613312202,2026-08-17T13:54:33.217260+00:00,10,0,True,True
613312203,2026-08-17T13:54:33.217260+00:00,2,0,True,True
613312204,2026-08-17T13:54:33.217260+00:00,2,0,True,True
613312205,2026-08-17T13:54:33.217260+00:00,10,0,True,True
613312206,2026-08-17T13:54:33.217260+00:00,4,0,True,True
613312207,2026-08-17T13:54:33.217260+00:00,4,0,True,True
613312208,2026-08-17T13:54:33.217260+00:00,9,0,True,True
613312209,2026-08-17T13:54:33.217260+00:00,6,0,True,True
613312210,2026-08-17T13:54:33.217260+00:00,2,0,True,True
613312211,2026-08-17T13:54:33.217260+00:00,3,0,True,True
613312212,2026-08-17T13:54:33.217260+00:00,4,0,True,True
613312213,2026-08-17T13:54:33.217260+00:00,4,0,True,True
613312214,2026-08-17T13:54:33.217260+00:00,4,0,True,True
613312215,2026-08-17T13:54:33.217260+00:00,6,0,True,True
613312216,2026-08-17T13:54:33.217260+00:00,5,0,True,True
613312217,2026-08-17T13:54:33.217260+00:00,1,0,True,True
613312218,2026-08-17T13:54:33.217260+00:00,6,0,True,True
613312219,2026-08-17T13:54:33.217260+00:00,2,0,True,True
613312220,2026-08-17T13:54:33.217260+00:00,1,0,True,True
613312221,2026-08-17T13:54:33.217260+00:00,10,0,True,True
613312222,2026-08-17T13:54:33.217260+00:00,10,0,True,True
613312223,2026-08-17T13:54:33.217260+00:00,5,0,True,True
613312224,2026-08-17T13:54:33.217260+00:00,5,0,True,True
613312225,2026-08-17T13:54:33.217260+00:00,11,0,True,True
613312226,2026-08-17T13:54:33.217260+00:00,6,0,True,True
613312227,2026-08-17T13:54:33.217260+00:00,5,0,True,True
613312228,2026-08-17T13:54:33.217260+00:00,4,0,True,True
613312229,2026-08-17T13:54:33.217260+00:00,9,0,True,True
613312230,2026-08-17T13:54:33.217260+00:00,1,0,True,True
613312231,2026-08-17T13:54:33.217260+00:00,5,0,True,True
613312233,2026-08-17T13:54:33.217260+00:00,1,0,True,True
613312234,2026-08-17T13:54:33.217260+00:00,3,0,True,True
613312236,2026-08-17T13:54:33.217260+00:00,6,0,True,True
613312237,2026-08-17T13:54:33.217260+00:00,9,0,True,True
613312238,2026-08-17T13:54:33.217260+00:00,1,0,True,True
613312239,2026-08-17T13:54:33.217260+00:00,1,0,True,True
613312240,2026-08-17T13:54:33.217260+00:00,3,0,True,True
613312241,2026-08-17T13:54:33.217260+00:00,3,0,True,True
613312242,2026-08-17T13:54:33.217260+00:00,4,0,True,True
613312243,2026-08-17T13:54:33.217260+00:00,2,0,True,True
613312244,2026-08-17T13:54:33.217260+00:00,9,0,True,True
613312245,2026-08-17T13:54:33.217260+00:00,1,0,True,True
613312246,2026-08-17T13:54:33.217260+00:00,4,0,True,True
613312247,2026-08-17T13:54:33.217260+00:00,3,0,True,True
613312248,2026-08-17T13:54:33.217260+00:00,5,0,True,True
613312249,2026-08-17T13:54:33.217260+00:00,8,0,True,True
613312250,2026-08-17T13:54:33.217260+00:00,10,0,True,True
613312251,2026-08-17T13:54:33.217260+00:00,7,0,True,True
613312252,2026-08-17T13:54:33.217260+00:00,4,0,True,True
613312253,2026-08-17T13:54:33.217260+00:00,2,0,True,True
613312254,2026-08-17T13:54:33.217260+00:00,7,0,True,True
613312255,2026-08-17T13:54:33.217260+00:00,2,0,True,True
613312256,2026-08-17T13:54:33.217260+00:00,10,0,True,True
613312257,2026-08-17T13:54:33.217260+00:00,6,0,True,True
613312258,2026-08-17T13:54:33.217260+00:00,7,0,True,True
613312259,2026-08-17T13:54:33.217260+00:00,7,0,True,True
613312260,2026-08-17T13:54:33.217260+00:00,0,0,True,True
613312261,2026-08-17T13:54:33.217260+00:00,0,0,True,True
613312262,2026-08-17T13:54:33.217260+00:00,0,0,True,True
613312263,2026-08-17T13:54:33.217260+00:00,3,0,True,True
613312264,2026-08-17T13:54:33.217260+00:00,3,0,True,True
613312265,2026-08-17T13:54:33.217260+00:00,8,0,True,True
613312266,2026-08-17T13:54:33.217260+00:00,4,0,True,True
613312267,2026-08-17T13:54:33.217260+00:00,5,0,True,True
613312268,2026-08-17T13:54:33.217260+00:00,9,0,True,True
613312269,2026-08-17T13:54:33.217260+00:00,11,0,True,True
613312270,2026-08-17T13:54:33.217260+00:00,11,0,True,True
613312271,2026-08-17T13:54:33.217260+00:00,0,0,True,True
613312272,2026-08-17T13:54:33.217260+00:00,6,0,True,True
613312273,2026-08-17T13:54:33.217260+00:00,8,0,True,True
613312274,2026-08-17T13:54:33.217260+00:00,9,0,True,True
613312275,2026-08-17T13:54:33.217260+00:00,16,0,True,True
613312276,2026-08-17T13:54:33.217260+00:00,0,0,True,True
613312277,2026-08-17T13:54:33.217260+00:00,1,0,True,True
613312278,2026-08-17T13:54:33.217260+00:00,3,0,True,True
613312279,2026-08-17T13:54:33.217260+00:00,12,0,True,True
613312281,2026-08-17T13:54:33.217260+00:00,0,0,True,True
613312282,2026-08-17T13:54:33.217260+00:00,2,0,True,True
613312283,2026-08-17T13:54:33.217260+00:00,3,0,True,True
613312284,2026-08-17T13:54:33.217260+00:00,7,0,True,True
613312285,2026-08-17T13:54:33.217260+00:00,3,0,True,True
613312286,2026-08-17T13:54:33.217260+00:00,0,0,True,True
613312287,2026-08-17T13:54:33.217260+00:00,5,0,True,True
613312288,2026-08-17T13:54:33.217260+00:00,5,0,True,True
613312289,2026-08-17T13:54:33.217260+00:00,7,0,True,True
613312290,2026-08-17T13:54:33.217260+00:00,10,0,True,True
613312291,2026-08-17T13:54:33.217260+00:00,5,0,True,True
613312292,2026-08-17T13:54:33.217260+00:00,2,0,True,True
613312293,2026-08-17T13:54:33.217260+00:00,11,0,True,True
613312294,2026-08-17T13:54:33.217260+00:00,11,0,True,True
613312295,2026-08-17T13:54:33.217260+00:00,13,0,True,True
613312296,2026-08-17T13:54:33.217260+00:00,6,0,True,True
613312297,2026-08-17T13:54:33.217260+00:00,5,0,True,True
613312298,2026-08-17T13:54:33.217260+00:00,4,0,True,True
613312299,2026-08-17T13:54:33.217260+00:00,5,0,True,True
613312300,2026-08-17T13:54:33.217260+00:00,15,0,True,True
613312301,2026-08-17T13:54:33.217260+00:00,9,0,True,True
613312302,2026-08-17T13:54:33.217260+00:00,4,0,True,True
613312303,2026-08-17T13:54:33.217260+00:00,9,0,True,True
613312304,2026-08-17T13:54:33.217260+00:00,9,0,True,True
613312305,2026-08-17T13:54:33.217260+00:00,21,0,True,True
613312306,2026-08-17T13:54:33.217260+00:00,12,0,True,True
613312307,2026-08-17T13:54:33.217260+00:00,8,0,True,True
613312308,2026-08-17T13:54:33.217260+00:00,6,0,True,True
613312309,2026-08-17T13:54:33.217260+00:00,8,0,True,True
613312310,2026-08-17T13:54:33.217260+00:00,7,0,True,True
613312311,2026-08-17T13:54:33.217260+00:00,15,0,True,True
613312312,2026-08-17T13:54:33.217260+00:00,18,0,True,True
613312313,2026-08-17T13:54:33.217260+00:00,4,0,True,True
613312314,2026-08-17T13:54:33.217260+00:00,9,0,True,True
613312315,2026-08-17T13:54:33.217260+00:00,6,0,True,True
613510037,2026-08-17T13:54:33.217260+00:00,0,0,True,True
624056982,2026-08-17T13:54:33.217260+00:00,5,0,True,True
624057057,2026-08-17T13:54:33.217260+00:00,3,0,True,True
631244273,2026-08-17T13:54:33.217260+00:00,1,0,True,True
631244274,2026-08-17T13:54:33.217260+00:00,2,0,True,True
631244275,2026-08-17T13:54:33.217260+00:00,2,0,True,True
631244276,2026-08-17T13:54:33.217260+00:00,8,0,True,True
631244277,2026-08-17T13:54:33.217260+00:00,2,0,True,True
631244278,2026-08-17T13:54:33.217260+00:00,0,0,True,True
631244280,2026-08-17T13:54:33.217260+00:00,7,0,True,True
631244281,2026-08-17T13:54:33.217260+00:00,4,0,True,True
631244286,2026-08-17T13:54:33.217260+00:00,2,0,True,True
631244287,2026-08-17T13:54:33.217260+00:00,7,0,True,True
631244288,2026-08-17T13:54:33.217260+00:00,10,0,True,True
631244289,2026-08-17T13:54:33.217260+00:00,1,0,True,True
631244290,2026-08-17T13:54:33.217260+00:00,2,0,True,True
631244291,2026-08-17T13:54:33.217260+00:00,2,0,True,True
631244292,2026-08-17T13:54:33.217260+00:00,4,0,True,True
631244293,2026-08-17T13:54:33.217260+00:00,2,0,True,True
631244294,2026-08-17T13:54:33.217260+00:00,4,0,True,True
631244295,2026-08-17T13:54:33.217260+00:00,2,0,True,True
631244297,2026-08-17T13:54:33.217260+00:00,4,0,True,True
631244302,2026-08-17T13:54:33.217260+00:00,7,0,True,True
631244303,2026-08-17T13:54:33.217260+00:00,5,0,True,True
631244304,2026-08-17T13:54:33.217260+00:00,4,0,True,True
631244306,2026-08-17T13:54:33.217260+00:00,2,0,True,True
631244308,2026-08-17T13:54:33.217260+00:00,14,0,True,True
631244309,2026-08-17T13:54:33.217260+00:00,11,0,True,True
631244311,2026-08-17T13:54:33.217260+00:00,6,0,True,True
631244312,2026-08-17T13:54:33.217260+00:00,0,0,True,True
631244313,2026-08-17T13:54:33.217260+00:00,0,0,True,True
631244315,2026-08-17T13:54:33.217260+00:00,6,0,True,True
631244316,2026-08-17T13:54:33.217260+00:00,4,0,True,True
637793642,2026-08-17T13:54:33.217260+00:00,10,0,True,True
637794034,2026-08-17T13:54:33.217260+00:00,2,0,True,True
608535280,2026-08-17T14:32:26.067234+00:00,5,0,True,True
608535281,2026-08-17T14:32:26.067234+00:00,7,0,True,True
608535282,2026-08-17T14:32:26.067234+00:00,6,0,True,True
608535283,2026-08-17T14:32:26.067234+00:00,5,0,True,True
608535284,2026-08-17T14:32:26.067234+00:00,5,0,True,True
608535285,2026-08-17T14:32:26.067234+00:00,2,0,True,True
608535286,2026-08-17T14:32:26.067234+00:00,4,0,True,True
608535287,2026-08-17T14:32:26.067234+00:00,5,0,True,True
608535288,2026-08-17T14:32:26.067234+00:00,2,0,True,True
608535289,2026-08-17T14:32:26.067234+00:00,2,0,True,True
608535290,2026-08-17T14:32:26.067234+00:00,5,0,True,True
608535291,2026-08-17T14:32:26.067234+00:00,8,0,True,True
608535292,2026-08-17T14:32:26.067234+00:00,2,0,True,True
608535293,2026-08-17T14:32:26.067234+00:00,7,0,True,True
608535294,2026-08-17T14:32:26.067234+00:00,5,0,True,True
608535295,2026-08-17T14:32:26.067234+00:00,6,0,True,True
608535296,2026-08-17T14:32:26.067234+00:00,5,0,True,True
608535297,2026-08-17T14:32:26.067234+00:00,7,0,True,True
608535298,2026-08-17T14:32:26.067234+00:00,6,0,True,True
608535299,2026-08-17T14:32:26.067234+00:00,5,0,True,True
608535300,2026-08-17T14:32:26.067234+00:00,7,0,True,True
608535301,2026-08-17T14:32:26.067234+00:00,8,0,True,True
608535302,2026-08-17T14:32:26.067234+00:00,7,0,True,True
608535303,2026-08-17T14:32:26.067234+00:00,5,0,True,True
608535304,2026-08-17T14:32:26.067234+00:00,5,0,True,True
608535305,2026-08-17T14:32:26.067234+00:00,8,0,True,True
608535306,2026-08-17T14:32:26.067234+00:00,2,0,True,True
608535307,2026-08-17T14:32:26.067234+00:00,7,0,True,True
608535308,2026-08-17T14:32:26.067234+00:00,7,0,True,True
608535309,2026-08-17T14:32:26.067234+00:00,3,0,True,True
608535310,2026-08-17T14:32:26.067234+00:00,5,0,True,True
608535311,2026-08-17T14:32:26.067234+00:00,5,0,True,True
608535312,2026-08-17T14:32:26.067234+00:00,3,0,True,True
608535313,2026-08-17T14:32:26.067234+00:00,0,0,True,True
608535314,2026-08-17T14:32:26.067234+00:00,5,0,True,True
608535315,2026-08-17T14:32:26.067234+00:00,8,0,True,True
608535316,2026-08-17T14:32:26.067234+00:00,7,0,True,True
608535317,2026-08-17T14:32:26.067234+00:00,6,0,True,True
608535318,2026-08-17T14:32:26.067234+00:00,11,0,True,True
608535319,2026-08-17T14:32:26.067234+00:00,4,0,True,True
608535320,2026-08-17T14:32:26.067234+00:00,6,0,True,True
608535321,2026-08-17T14:32:26.067234+00:00,3,0,True,True
608535322,2026-08-17T14:32:26.067234+00:00,13,0,True,True
608535323,2026-08-17T14:32:26.067234+00:00,3,0,True,True
608535324,2026-08-17T14:32:26.067234+00:00,3,0,True,True
608535325,2026-08-17T14:32:26.067234+00:00,5,0,True,True
608535326,2026-08-17T14:32:26.067234+00:00,5,0,True,True
608535327,2026-08-17T14:32:26.067234+00:00,9,0,True,True
608535328,2026-08-17T14:32:26.067234+00:00,11,0,True,True
608535329,2026-08-17T14:32:26.067234+00:00,4,0,True,True
608535330,2026-08-17T14:32:26.067234+00:00,6,0,True,True
608535331,2026-08-17T14:32:26.067234+00:00,2,0,True,True
608535332,2026-08-17T14:32:26.067234+00:00,12,0,True,True
608535333,2026-08-17T14:32:26.067234+00:00,5,0,True,True
608535334,2026-08-17T14:32:26.067234+00:00,4,0,True,True
608535335,2026-08-17T14:32:26.067234+00:00,4,0,True,True
608535336,2026-08-17T14:32:26.067234+00:00,7,0,True,True
608535337,2026-08-17T14:32:26.067234+00:00,3,0,True,True
608535338,2026-08-17T14:32:26.067234+00:00,1,0,True,True
608535339,2026-08-17T14:32:26.067234+00:00,6,0,True,True
608535340,2026-08-17T14:32:26.067234+00:00,11,0,True,True
608535341,2026-08-17T14:32:26.067234+00:00,6,0,True,True
608535342,2026-08-17T14:32:26.067234+00:00,1,0,True,True
608535343,2026-08-17T14:32:26.067234+00:00,3,0,True,True
608535344,2026-08-17T14:32:26.067234+00:00,4,0,True,True
608535345,2026-08-17T14:32:26.067234+00:00,8,0,True,True
608535346,2026-08-17T14:32:26.067234+00:00,2,0,True,True
608535256,2026-08-17T14:32:26.067234+00:00,6,0,True,True
608535257,2026-08-17T14:32:26.067234+00:00,5,0,True,True
608535258,2026-08-17T14:32:26.067234+00:00,3,0,True,True
608535259,2026-08-17T14:32:26.067234+00:00,4,0,True,True
608535260,2026-08-17T14:32:26.067234+00:00,14,0,True,True
608535261,2026-08-17T14:32:26.067234+00:00,2,0,True,True
608535262,2026-08-17T14:32:26.067234+00:00,2,0,True,True
608535263,2026-08-17T14:32:26.067234+00:00,3,0,True,True
608535265,2026-08-17T14:32:26.067234+00:00,2,0,True,True
608535266,2026-08-17T14:32:26.067234+00:00,4,0,True,True
608535267,2026-08-17T14:32:26.067234+00:00,4,0,True,True
608535268,2026-08-17T14:32:26.067234+00:00,5,0,True,True
608535270,2026-08-17T14:32:26.067234+00:00,8,0,True,True
608535271,2026-08-17T14:32:26.067234+00:00,1,0,True,True
608535272,2026-08-17T14:32:26.067234+00:00,7,0,True,True
608535273,2026-08-17T14:32:26.067234+00:00,4,0,True,True
608535274,2026-08-17T14:32:26.067234+00:00,3,0,True,True
608535276,2026-08-17T14:32:26.067234+00:00,3,0,True,True
608535277,2026-08-17T14:32:26.067234+00:00,3,0,True,True
608535278,2026-08-17T14:32:26.067234+00:00,3,0,True,True
608535279,2026-08-17T14:32:26.067234+00:00,5,0,True,True
608535378,2026-08-17T14:32:26.067234+00:00,4,0,True,True
608535379,2026-08-17T14:32:26.067234+00:00,7,0,True,True
608535380,2026-08-17T14:32:26.067234+00:00,8,0,True,True
608535381,2026-08-17T14:32:26.067234+00:00,1,0,True,True
608535383,2026-08-17T14:32:26.067234+00:00,7,0,True,True
608535384,2026-08-17T14:32:26.067234+00:00,3,0,True,True
608535385,2026-08-17T14:32:26.067234+00:00,0,0,True,True
608535386,2026-08-17T14:32:26.067234+00:00,13,0,True,True
608535387,2026-08-17T14:32:26.067234+00:00,5,0,True,True
608535388,2026-08-17T14:32:26.067234+00:00,11,0,True,True
608535389,2026-08-17T14:32:26.067234+00:00,0,0,True,True
608535390,2026-08-17T14:32:26.067234+00:00,11,0,True,True
608535391,2026-08-17T14:32:26.067234+00:00,1,0,True,True
608535392,2026-08-17T14:32:26.067234+00:00,7,0,True,True
608535393,2026-08-17T14:32:26.067234+00:00,11,0,True,True
608535394,2026-08-17T14:32:26.067234+00:00,6,0,True,True
608535395,2026-08-17T14:32:26.067234+00:00,16,0,True,True
608535396,2026-08-17T14:32:26.067234+00:00,3,0,True,True
608535440,2026-08-17T14:32:26.067234+00:00,1,0,True,True
608535441,2026-08-17T14:32:26.067234+00:00,1,0,True,True
608535442,2026-08-17T14:32:26.067234+00:00,1,0,True,True
608535443,2026-08-17T14:32:26.067234+00:00,4,0,True,True
608535444,2026-08-17T14:32:26.067234+00:00,13,0,True,True
608535445,2026-08-17T14:32:26.067234+00:00,27,0,True,True
608535446,2026-08-17T14:32:26.067234+00:00,0,0,True,True
608535447,2026-08-17T14:32:26.067234+00:00,2,0,True,True
608535461,2026-08-17T14:32:26.067234+00:00,5,0,True,True
608535462,2026-08-17T14:32:26.067234+00:00,0,0,True,True
608535463,2026-08-17T14:32:26.067234+00:00,6,0,True,True
608535464,2026-08-17T14:32:26.067234+00:00,4,0,True,True
608535491,2026-08-17T14:32:26.067234+00:00,0,0,True,True
608535492,2026-08-17T14:32:26.067234+00:00,1,0,True,True
608535493,2026-08-17T14:32:26.067234+00:00,9,0,True,True
608535494,2026-08-17T14:32:26.067234+00:00,2,0,True,True
608535495,2026-08-17T14:32:26.067234+00:00,1,0,True,True
608535496,2026-08-17T14:32:26.067234+00:00,6,0,True,True
608535497,2026-08-17T14:32:26.067234+00:00,6,0,True,True
608535498,2026-08-17T14:32:26.067234+00:00,12,0,True,True
608535499,2026-08-17T14:32:26.067234+00:00,3,0,True,True
608535500,2026-08-17T14:32:26.067234+00:00,4,0,True,True
608535501,2026-08-17T14:32:26.067234+00:00,1,0,True,True
608535502,2026-08-17T14:32:26.067234+00:00,2,0,True,True
608535503,2026-08-17T14:32:26.067234+00:00,3,0,True,True
608535504,2026-08-17T14:32:26.067234+00:00,4,0,True,True
608535505,2026-08-17T14:32:26.067234+00:00,0,0,True,True
637793366,2026-08-17T14:32:26.067234+00:00,0,0,True,True
608535516,2026-08-17T14:32:26.067234+00:00,7,0,True,True
608535517,2026-08-17T14:32:26.067234+00:00,1,0,True,True
608535518,2026-08-17T14:32:26.067234+00:00,6,0,True,True
608535519,2026-08-17T14:32:26.067234+00:00,4,0,True,True
608535520,2026-08-17T14:32:26.067234+00:00,8,0,True,True
608535521,2026-08-17T14:32:26.067234+00:00,7,0,True,True
608535522,2026-08-17T14:32:26.067234+00:00,5,0,True,True
608535523,2026-08-17T14:32:26.067234+00:00,6,0,True,True
608535524,2026-08-17T14:32:26.067234+00:00,5,0,True,True
608535525,2026-08-17T14:32:26.067234+00:00,3,0,True,True
608535526,2026-08-17T14:32:26.067234+00:00,1,0,True,True
608535527,2026-08-17T14:32:26.067234+00:00,6,0,True,True
608535528,2026-08-17T14:32:26.067234+00:00,5,0,True,True
608535529,2026-08-17T14:32:26.067234+00:00,6,0,True,True
608535530,2026-08-17T14:32:26.067234+00:00,3,0,True,True
608535531,2026-08-17T14:32:26.067234+00:00,4,0,True,True
608535532,2026-08-17T14:32:26.067234+00:00,6,0,True,True
608535533,2026-08-17T14:32:26.067234+00:00,4,0,True,True
608535534,2026-08-17T14:32:26.067234+00:00,3,0,True,True
608535537,2026-08-17T14:32:26.067234+00:00,3,0,True,True
608535398,2026-08-17T14:32:26.067234+00:00,5,0,True,True
608535399,2026-08-17T14:32:26.067234+00:00,1,0,True,True
608535400,2026-08-17T14:32:26.067234+00:00,6,0,True,True
608535402,2026-08-17T14:32:26.067234+00:00,6,0,True,True
608535403,2026-08-17T14:32:26.067234+00:00,4,0,True,True
608535404,2026-08-17T14:32:26.067234+00:00,5,0,True,True
608535405,2026-08-17T14:32:26.067234+00:00,4,0,True,True
608535406,2026-08-17T14:32:26.067234+00:00,10,0,True,True
608535407,2026-08-17T14:32:26.067234+00:00,11,0,True,True
608535408,2026-08-17T14:32:26.067234+00:00,5,0,True,True
608535409,2026-08-17T14:32:26.067234+00:00,6,0,True,True
608535410,2026-08-17T14:32:26.067234+00:00,6,0,True,True
608535411,2026-08-17T14:32:26.067234+00:00,8,0,True,True
608535412,2026-08-17T14:32:26.067234+00:00,8,0,True,True
608535413,2026-08-17T14:32:26.067234+00:00,5,0,True,True
608535414,2026-08-17T14:32:26.067234+00:00,7,0,True,True
608535415,2026-08-17T14:32:26.067234+00:00,4,0,True,True
608535416,2026-08-17T14:32:26.067234+00:00,8,0,True,True
608535417,2026-08-17T14:32:26.067234+00:00,8,0,True,True
608535418,2026-08-17T14:32:26.067234+00:00,12,0,True,True
608535419,2026-08-17T14:32:26.067234+00:00,9,0,True,True
608535420,2026-08-17T14:32:26.067234+00:00,11,0,True,True
608535421,2026-08-17T14:32:26.067234+00:00,9,0,True,True
608535422,2026-08-17T14:32:26.067234+00:00,6,0,True,True
608535423,2026-08-17T14:32:26.067234+00:00,8,0,True,True
608535424,2026-08-17T14:32:26.067234+00:00,6,0,True,True
608535425,2026-08-17T14:32:26.067234+00:00,2,0,True,True
608535426,2026-08-17T14:32:26.067234+00:00,3,0,True,True
608535427,2026-08-17T14:32:26.067234+00:00,3,0,True,True
608535428,2026-08-17T14:32:26.067234+00:00,8,0,True,True
608535429,2026-08-17T14:32:26.067234+00:00,3,0,True,True
608535430,2026-08-17T14:32:26.067234+00:00,5,0,True,True
608535431,2026-08-17T14:32:26.067234+00:00,2,0,True,True
608535438,2026-08-17T14:32:26.067234+00:00,1,0,True,True
608535439,2026-08-17T14:32:26.067234+00:00,6,0,True,True
608535432,2026-08-17T14:32:26.067234+00:00,5,0,True,True
608535433,2026-08-17T14:32:26.067234+00:00,2,0,True,True
608535434,2026-08-17T14:32:26.067234+00:00,2,0,True,True
608535435,2026-08-17T14:32:26.067234+00:00,0,0,True,True
608535436,2026-08-17T14:32:26.067234+00:00,3,0,True,True
608535437,2026-08-17T14:32:26.067234+00:00,6,0,True,True
608535448,2026-08-17T14:32:26.067234+00:00,7,0,True,True
608535449,2026-08-17T14:32:26.067234+00:00,5,0,True,True
608535450,2026-08-17T14:32:26.067234+00:00,4,0,True,True
608535451,2026-08-17T14:32:26.067234+00:00,4,0,True,True
608535483,2026-08-17T14:32:26.067234+00:00,0,0,True,True
608535484,2026-08-17T14:32:26.067234+00:00,4,0,True,True
608535485,2026-08-17T14:32:26.067234+00:00,6,0,True,True
608535486,2026-08-17T14:32:26.067234+00:00,1,0,True,True
608535487,2026-08-17T14:32:26.067234+00:00,12,0,True,True
608535488,2026-08-17T14:32:26.067234+00:00,5,0,True,True
608535489,2026-08-17T14:32:26.067234+00:00,3,0,True,True
608535490,2026-08-17T14:32:26.067234+00:00,13,0,True,True
608535452,2026-08-17T14:32:26.067234+00:00,5,0,True,True
608535453,2026-08-17T14:32:26.067234+00:00,1,0,True,True
608535454,2026-08-17T14:32:26.067234+00:00,4,0,True,True
608535455,2026-08-17T14:32:26.067234+00:00,4,0,True,True
608535456,2026-08-17T14:32:26.067234+00:00,5,0,True,True
608535457,2026-08-17T14:32:26.067234+00:00,6,0,True,True
608535458,2026-08-17T14:32:26.067234+00:00,17,0,True,True
608535459,2026-08-17T14:32:26.067234+00:00,6,0,True,True
608535460,2026-08-17T14:32:26.067234+00:00,9,0,True,True
608535465,2026-08-17T14:32:26.067234+00:00,6,0,True,True
608535466,2026-08-17T14:32:26.067234+00:00,2,0,True,True
608535467,2026-08-17T14:32:26.067234+00:00,2,0,True,True
608535468,2026-08-17T14:32:26.067234+00:00,4,0,True,True
608535469,2026-08-17T14:32:26.067234+00:00,6,0,True,True
608535470,2026-08-17T14:32:26.067234+00:00,5,0,True,True
608535471,2026-08-17T14:32:26.067234+00:00,2,0,True,True
608535473,2026-08-17T14:32:26.067234+00:00,6,0,True,True
608535474,2026-08-17T14:32:26.067234+00:00,5,0,True,True
608535475,2026-08-17T14:32:26.067234+00:00,5,0,True,True
608535476,2026-08-17T14:32:26.067234+00:00,10,0,True,True
608535477,2026-08-17T14:32:26.067234+00:00,7,0,True,True
608535478,2026-08-17T14:32:26.067234+00:00,7,0,True,True
608535479,2026-08-17T14:32:26.067234+00:00,3,0,True,True
608535480,2026-08-17T14:32:26.067234+00:00,0,0,True,True
608535481,2026-08-17T14:32:26.067234+00:00,4,0,True,True
608535482,2026-08-17T14:32:26.067234+00:00,3,0,True,True
608535507,2026-08-17T14:32:26.067234+00:00,1,0,True,True
608535508,2026-08-17T14:32:26.067234+00:00,4,0,True,True
608535509,2026-08-17T14:32:26.067234+00:00,4,0,True,True
608535510,2026-08-17T14:32:26.067234+00:00,2,0,True,True
608535511,2026-08-17T14:32:26.067234+00:00,1,0,True,True
608535512,2026-08-17T14:32:26.067234+00:00,4,0,True,True
608535513,2026-08-17T14:32:26.067234+00:00,5,0,True,True
608535514,2026-08-17T14:32:26.067234+00:00,4,0,True,True
608535515,2026-08-17T14:32:26.067234+00:00,8,0,True,True
608535347,2026-08-17T14:32:26.067234+00:00,2,0,True,True
608535348,2026-08-17T14:32:26.067234+00:00,6,0,True,True
608535349,2026-08-17T14:32:26.067234+00:00,8,0,True,True
608535350,2026-08-17T14:32:26.067234+00:00,9,0,True,True
608535351,2026-08-17T14:32:26.067234+00:00,1,0,True,True
608535352,2026-08-17T14:32:26.067234+00:00,1,0,True,True
608535353,2026-08-17T14:32:26.067234+00:00,4,0,True,True
608535354,2026-08-17T14:32:26.067234+00:00,8,0,True,True
608535538,2026-08-17T14:32:26.067234+00:00,8,0,True,True
608535539,2026-08-17T14:32:26.067234+00:00,10,0,True,True
608535540,2026-08-17T14:32:26.067234+00:00,5,0,True,True
608535355,2026-08-17T14:32:26.067234+00:00,6,0,True,True
608535356,2026-08-17T14:32:26.067234+00:00,5,0,True,True
608535357,2026-08-17T14:32:26.067234+00:00,5,0,True,True
608535358,2026-08-17T14:32:26.067234+00:00,6,0,True,True
608535359,2026-08-17T14:32:26.067234+00:00,2,0,True,True
608535360,2026-08-17T14:32:26.067234+00:00,3,0,True,True
608535361,2026-08-17T14:32:26.067234+00:00,3,0,True,True
608535362,2026-08-17T14:32:26.067234+00:00,1,0,True,True
608535363,2026-08-17T14:32:26.067234+00:00,1,0,True,True
608535364,2026-08-17T14:32:26.067234+00:00,5,0,True,True
608535365,2026-08-17T14:32:26.067234+00:00,2,0,True,True
608535366,2026-08-17T14:32:26.067234+00:00,2,0,True,True
608535367,2026-08-17T14:32:26.067234+00:00,5,0,True,True
608535368,2026-08-17T14:32:26.067234+00:00,2,0,True,True
608535369,2026-08-17T14:32:26.067234+00:00,1,0,True,True
608535370,2026-08-17T14:32:26.067234+00:00,2,0,True,True
608535371,2026-08-17T14:32:26.067234+00:00,8,0,True,True
608535372,2026-08-17T14:32:26.067234+00:00,6,0,True,True
608535373,2026-08-17T14:32:26.067234+00:00,6,0,True,True
608535375,2026-08-17T14:32:26.067234+00:00,5,0,True,True
608535376,2026-08-17T14:32:26.067234+00:00,7,0,True,True
606857330,2026-08-17T14:32:26.067234+00:00,6,0,True,True
608534898,2026-08-17T14:32:26.067234+00:00,5,0,True,True
608534899,2026-08-17T14:32:26.067234+00:00,3,0,True,True
608534900,2026-08-17T14:32:26.067234+00:00,9,0,True,True
608534901,2026-08-17T14:32:26.067234+00:00,1,0,True,True
608534902,2026-08-17T14:32:26.067234+00:00,16,0,True,True
608534903,2026-08-17T14:32:26.067234+00:00,10,0,True,True
608534904,2026-08-17T14:32:26.067234+00:00,8,0,True,True
608534905,2026-08-17T14:32:26.067234+00:00,0,0,True,True
608534906,2026-08-17T14:32:26.067234+00:00,2,4,True,True
608534907,2026-08-17T14:32:26.067234+00:00,20,0,True,True
608534908,2026-08-17T14:32:26.067234+00:00,2,0,True,True
608534909,2026-08-17T14:32:26.067234+00:00,6,0,True,True
608534910,2026-08-17T14:32:26.067234+00:00,2,0,True,True
608534912,2026-08-17T14:32:26.067234+00:00,0,0,True,True
608534913,2026-08-17T14:32:26.067234+00:00,1,0,True,True
608534914,2026-08-17T14:32:26.067234+00:00,0,0,True,True
608534915,2026-08-17T14:32:26.067234+00:00,5,0,True,True
608534916,2026-08-17T14:32:26.067234+00:00,6,0,True,True
608534917,2026-08-17T14:32:26.067234+00:00,2,0,True,True
608534918,2026-08-17T14:32:26.067234+00:00,4,0,True,True
608534919,2026-08-17T14:32:26.067234+00:00,1,0,True,True
608534920,2026-08-17T14:32:26.067234+00:00,28,0,True,True
608534921,2026-08-17T14:32:26.067234+00:00,15,0,True,True
608534922,2026-08-17T14:32:26.067234+00:00,5,0,True,True
608534923,2026-08-17T14:32:26.067234+00:00,5,0,True,True
608534924,2026-08-17T14:32:26.067234+00:00,7,0,True,True
608534925,2026-08-17T14:32:26.067234+00:00,6,0,True,True
608534926,2026-08-17T14:32:26.067234+00:00,2,0,True,True
608534927,2026-08-17T14:32:26.067234+00:00,2,0,True,True
608534928,2026-08-17T14:32:26.067234+00:00,4,0,True,True
608534930,2026-08-17T14:32:26.067234+00:00,8,0,True,True
608534931,2026-08-17T14:32:26.067234+00:00,0,0,True,True
608534932,2026-08-17T14:32:26.067234+00:00,1,0,True,True
608534933,2026-08-17T14:32:26.067234+00:00,3,0,True,True
608534934,2026-08-17T14:32:26.067234+00:00,6,0,False,False
608534936,2026-08-17T14:32:26.067234+00:00,4,0,True,True
608534937,2026-08-17T14:32:26.067234+00:00,2,0,True,True
608534939,2026-08-17T14:32:26.067234+00:00,10,0,True,True
608534940,2026-08-17T14:32:26.067234+00:00,2,0,True,True
608534942,2026-08-17T14:32:26.067234+00:00,10,0,True,True
608534943,2026-08-17T14:32:26.067234+00:00,6,0,True,True
608534944,2026-08-17T14:32:26.067234+00:00,4,0,True,True
608534945,2026-08-17T14:32:26.067234+00:00,9,0,True,True
608534946,2026-08-17T14:32:26.067234+00:00,7,0,True,True
608534947,2026-08-17T14:32:26.067234+00:00,14,0,True,True
608534948,2026-08-17T14:32:26.067234+00:00,4,0,True,True
608534950,2026-08-17T14:32:26.067234+00:00,13,0,True,True
608534952,2026-08-17T14:32:26.067234+00:00,2,0,True,True
608534953,2026-08-17T14:32:26.067234+00:00,10,0,True,True
608534954,2026-08-17T14:32:26.067234+00:00,3,0,True,True
608534955,2026-08-17T14:32:26.067234+00:00,7,0,True,True
608534956,2026-08-17T14:32:26.067234+00:00,20,0,True,True
608534957,2026-08-17T14:32:26.067234+00:00,4,0,True,True
608534958,2026-08-17T14:32:26.067234+00:00,2,0,True,True
608534959,2026-08-17T14:32:26.067234+00:00,6,2,True,True
608534960,2026-08-17T14:32:26.067234+00:00,5,0,True,True
608534961,2026-08-17T14:32:26.067234+00:00,0,0,True,True
608534962,2026-08-17T14:32:26.067234+00:00,1,0,True,True
608534963,2026-08-17T14:32:26.067234+00:00,7,0,True,True
608534964,2026-08-17T14:32:26.067234+00:00,3,0,True,True
608534965,2026-08-17T14:32:26.067234+00:00,0,0,True,True
608534967,2026-08-17T14:32:26.067234+00:00,2,0,True,True
608534968,2026-08-17T14:32:26.067234+00:00,13,0,True,True
608534969,2026-08-17T14:32:26.067234+00:00,4,0,True,True
608534970,2026-08-17T14:32:26.067234+00:00,0,0,True,True
608534971,2026-08-17T14:32:26.067234+00:00,3,0,True,True
608534973,2026-08-17T14:32:26.067234+00:00,1,0,True,True
608534974,2026-08-17T14:32:26.067234+00:00,12,0,True,True
608534975,2026-08-17T14:32:26.067234+00:00,1,0,True,True
608534977,2026-08-17T14:32:26.067234+00:00,0,0,True,True
608534978,2026-08-17T14:32:26.067234+00:00,1,0,True,True
608534979,2026-08-17T14:32:26.067234+00:00,0,0,True,True
608534980,2026-08-17T14:32:26.067234+00:00,0,0,True,True
608534981,2026-08-17T14:32:26.067234+00:00,1,0,True,True
608534982,2026-08-17T14:32:26.067234+00:00,0,0,True,True
608534983,2026-08-17T14:32:26.067234+00:00,1,0,True,True
608534984,2026-08-17T14:32:26.067234+00:00,0,0,True,True
608534985,2026-08-17T14:32:26.067234+00:00,1,0,True,True
608534986,2026-08-17T14:32:26.067234+00:00,1,0,True,True
608534987,2026-08-17T14:32:26.067234+00:00,2,0,True,True
608534988,2026-08-17T14:32:26.067234+00:00,1,0,True,True
608534990,2026-08-17T14:32:26.067234+00:00,3,0,True,True
608534991,2026-08-17T14:32:26.067234+00:00,0,0,True,True
608534992,2026-08-17T14:32:26.067234+00:00,2,0,True,True
608534993,2026-08-17T14:32:26.067234+00:00,1,0,True,True
608534994,2026-08-17T14:32:26.067234+00:00,0,0,True,True
608534995,2026-08-17T14:32:26.067234+00:00,11,0,True,True
608534996,2026-08-17T14:32:26.067234+00:00,0,0,True,True
608534998,2026-08-17T14:32:26.067234+00:00,0,0,True,True
608534999,2026-08-17T14:32:26.067234+00:00,1,0,True,True
608535000,2026-08-17T14:32:26.067234+00:00,1,0,True,True
608535001,2026-08-17T14:32:26.067234+00:00,2,0,True,True
608535002,2026-08-17T14:32:26.067234+00:00,0,0,True,True
608535003,2026-08-17T14:32:26.067234+00:00,0,0,True,True
608535004,2026-08-17T14:32:26.067234+00:00,0,0,True,True
608535005,2026-08-17T14:32:26.067234+00:00,9,0,True,True
608535006,2026-08-17T14:32:26.067234+00:00,1,0,True,True
608535007,2026-08-17T14:32:26.067234+00:00,1,0,True,True
608535008,2026-08-17T14:32:26.067234+00:00,0,0,True,True
608535009,2026-08-17T14:32:26.067234+00:00,0,0,True,True
608535010,2026-08-17T14:32:26.067234+00:00,3,0,True,True
608535011,2026-08-17T14:32:26.067234+00:00,0,0,True,True
608535012,2026-08-17T14:32:26.067234+00:00,1,0,True,True
608535013,2026-08-17T14:32:26.067234+00:00,1,0,True,True
608535014,2026-08-17T14:32:26.067234+00:00,5,0,True,True
608535015,2026-08-17T14:32:26.067234+00:00,1,0,True,True
608535016,2026-08-17T14:32:26.067234+00:00,3,0,True,True
608535017,2026-08-17T14:32:26.067234+00:00,9,0,True,True
608535018,2026-08-17T14:32:26.067234+00:00,5,0,True,True
608535019,2026-08-17T14:32:26.067234+00:00,3,0,True,True
608535020,2026-08-17T14:32:26.067234+00:00,2,0,True,True
608535021,2026-08-17T14:32:26.067234+00:00,2,0,True,True
608535022,2026-08-17T14:32:26.067234+00:00,4,0,True,True
608535023,2026-08-17T14:32:26.067234+00:00,2,0,True,True
608535024,2026-08-17T14:32:26.067234+00:00,3,0,True,True
608535025,2026-08-17T14:32:26.067234+00:00,0,0,True,True
608535026,2026-08-17T14:32:26.067234+00:00,2,0,True,True
608535027,2026-08-17T14:32:26.067234+00:00,7,0,True,True
608535028,2026-08-17T14:32:26.067234+00:00,7,0,True,True
608535029,2026-08-17T14:32:26.067234+00:00,6,0,True,True
608535030,2026-08-17T14:32:26.067234+00:00,0,0,True,True
608535031,2026-08-17T14:32:26.067234+00:00,12,0,True,True
608535032,2026-08-17T14:32:26.067234+00:00,4,0,True,True
608535033,2026-08-17T14:32:26.067234+00:00,8,0,True,True
608535034,2026-08-17T14:32:26.067234+00:00,4,0,True,True
608535036,2026-08-17T14:32:26.067234+00:00,7,0,True,True
608535037,2026-08-17T14:32:26.067234+00:00,8,0,True,True
608535038,2026-08-17T14:32:26.067234+00:00,3,0,True,True
608535039,2026-08-17T14:32:26.067234+00:00,6,0,True,True
608535040,2026-08-17T14:32:26.067234+00:00,4,0,True,True
608535041,2026-08-17T14:32:26.067234+00:00,8,0,True,True
608535042,2026-08-17T14:32:26.067234+00:00,9,0,True,True
608535043,2026-08-17T14:32:26.067234+00:00,7,0,True,True
608535044,2026-08-17T14:32:26.067234+00:00,3,0,True,True
608535045,2026-08-17T14:32:26.067234+00:00,8,0,True,True
608535046,2026-08-17T14:32:26.067234+00:00,5,0,True,True
608535047,2026-08-17T14:32:26.067234+00:00,5,0,True,True
608535048,2026-08-17T14:32:26.067234+00:00,17,0,True,True
608535049,2026-08-17T14:32:26.067234+00:00,9,0,True,True
608535050,2026-08-17T14:32:26.067234+00:00,10,0,True,True
608535051,2026-08-17T14:32:26.067234+00:00,12,0,True,True
608535052,2026-08-17T14:32:26.067234+00:00,10,0,True,True
608535053,2026-08-17T14:32:26.067234+00:00,4,0,True,True
608535054,2026-08-17T14:32:26.067234+00:00,3,0,True,True
608535055,2026-08-17T14:32:26.067234+00:00,6,0,True,True
608535057,2026-08-17T14:32:26.067234+00:00,13,0,True,True
608535058,2026-08-17T14:32:26.067234+00:00,10,0,True,True
608535059,2026-08-17T14:32:26.067234+00:00,17,0,True,True
608535060,2026-08-17T14:32:26.067234+00:00,14,0,True,True
608535061,2026-08-17T14:32:26.067234+00:00,4,0,True,True
608535062,2026-08-17T14:32:26.067234+00:00,7,0,True,True
608535063,2026-08-17T14:32:26.067234+00:00,6,0,True,True
608535064,2026-08-17T14:32:26.067234+00:00,6,0,True,True
608535065,2026-08-17T14:32:26.067234+00:00,5,0,True,True
608535066,2026-08-17T14:32:26.067234+00:00,13,0,True,True
608535067,2026-08-17T14:32:26.067234+00:00,23,0,True,True
608535068,2026-08-17T14:32:26.067234+00:00,2,0,True,True
608535069,2026-08-17T14:32:26.067234+00:00,6,0,True,True
608535070,2026-08-17T14:32:26.067234+00:00,5,0,True,True
608535071,2026-08-17T14:32:26.067234+00:00,4,0,True,True
608535072,2026-08-17T14:32:26.067234+00:00,3,0,True,True
608535073,2026-08-17T14:32:26.067234+00:00,1,0,True,True
608535074,2026-08-17T14:32:26.067234+00:00,8,0,True,True
608535075,2026-08-17T14:32:26.067234+00:00,4,0,True,True
608535077,2026-08-17T14:32:26.067234+00:00,3,0,True,True
608535078,2026-08-17T14:32:26.067234+00:00,5,0,True,True
608535079,2026-08-17T14:32:26.067234+00:00,4,0,True,True
608535080,2026-08-17T14:32:26.067234+00:00,3,0,True,True
608535081,2026-08-17T14:32:26.067234+00:00,15,0,True,True
608535082,2026-08-17T14:32:26.067234+00:00,5,0,True,True
608535083,2026-08-17T14:32:26.067234+00:00,3,0,True,True
608535084,2026-08-17T14:32:26.067234+00:00,5,0,True,True
608535085,2026-08-17T14:32:26.067234+00:00,5,0,True,True
608535086,2026-08-17T14:32:26.067234+00:00,6,0,True,True
608535087,2026-08-17T14:32:26.067234+00:00,3,0,True,True
608535088,2026-08-17T14:32:26.067234+00:00,1,0,True,True
608535089,2026-08-17T14:32:26.067234+00:00,1,0,True,True
608535090,2026-08-17T14:32:26.067234+00:00,2,0,True,True
608535091,2026-08-17T14:32:26.067234+00:00,0,0,True,True
608535092,2026-08-17T14:32:26.067234+00:00,5,0,True,True
608535093,2026-08-17T14:32:26.067234+00:00,2,0,True,True
608535094,2026-08-17T14:32:26.067234+00:00,12,0,True,True
608535095,2026-08-17T14:32:26.067234+00:00,4,0,True,True
608535096,2026-08-17T14:32:26.067234+00:00,4,0,True,True
608535097,2026-08-17T14:32:26.067234+00:00,3,0,True,True
608535098,2026-08-17T14:32:26.067234+00:00,8,0,True,True
608535099,2026-08-17T14:32:26.067234+00:00,14,0,True,True
608535100,2026-08-17T14:32:26.067234+00:00,7,0,True,True
608535101,2026-08-17T14:32:26.067234+00:00,6,0,True,True
608535102,2026-08-17T14:32:26.067234+00:00,0,0,True,True
608535103,2026-08-17T14:32:26.067234+00:00,11,0,True,True
608535104,2026-08-17T14:32:26.067234+00:00,1,0,True,True
608535105,2026-08-17T14:32:26.067234+00:00,10,0,True,True
608535106,2026-08-17T14:32:26.067234+00:00,2,0,True,True
608535107,2026-08-17T14:32:26.067234+00:00,4,0,True,True
608535108,2026-08-17T14:32:26.067234+00:00,8,0,True,True
608535109,2026-08-17T14:32:26.067234+00:00,8,0,True,True
608535110,2026-08-17T14:32:26.067234+00:00,10,0,True,True
608535111,2026-08-17T14:32:26.067234+00:00,1,0,True,True
608535112,2026-08-17T14:32:26.067234+00:00,4,0,True,True
608535113,2026-08-17T14:32:26.067234+00:00,5,0,True,True
608535114,2026-08-17T14:32:26.067234+00:00,1,0,True,True
608535116,2026-08-17T14:32:26.067234+00:00,3,0,True,True
608535117,2026-08-17T14:32:26.067234+00:00,10,0,True,True
608535118,2026-08-17T14:32:26.067234+00:00,4,0,True,True
608535119,2026-08-17T14:32:26.067234+00:00,0,0,True,True
608535120,2026-08-17T14:32:26.067234+00:00,7,0,True,True
608535121,2026-08-17T14:32:26.067234+00:00,1,0,True,True
608535122,2026-08-17T14:32:26.067234+00:00,4,0,True,True
608535123,2026-08-17T14:32:26.067234+00:00,1,0,True,True
608535124,2026-08-17T14:32:26.067234+00:00,9,0,True,True
608535125,2026-08-17T14:32:26.067234+00:00,0,0,True,True
608535126,2026-08-17T14:32:26.067234+00:00,9,0,True,True
608535127,2026-08-17T14:32:26.067234+00:00,2,0,True,True
608535128,2026-08-17T14:32:26.067234+00:00,1,0,True,True
608535129,2026-08-17T14:32:26.067234+00:00,4,0,True,True
608535130,2026-08-17T14:32:26.067234+00:00,3,0,True,True
608535131,2026-08-17T14:32:26.067234+00:00,7,0,True,True
608535132,2026-08-17T14:32:26.067234+00:00,6,0,True,True
608535133,2026-08-17T14:32:26.067234+00:00,6,0,True,True
608535134,2026-08-17T14:32:26.067234+00:00,1,0,True,True
608535135,2026-08-17T14:32:26.067234+00:00,5,0,True,True
608535136,2026-08-17T14:32:26.067234+00:00,0,0,True,True
608535137,2026-08-17T14:32:26.067234+00:00,1,0,True,True
608535138,2026-08-17T14:32:26.067234+00:00,4,0,True,True
608535139,2026-08-17T14:32:26.067234+00:00,3,0,True,True
608535140,2026-08-17T14:32:26.067234+00:00,3,0,True,True
608535141,2026-08-17T14:32:26.067234+00:00,6,0,True,True
608535142,2026-08-17T14:32:26.067234+00:00,9,0,True,True
608535143,2026-08-17T14:32:26.067234+00:00,2,0,True,True
608535144,2026-08-17T14:32:26.067234+00:00,9,0,True,True
608535145,2026-08-17T14:32:26.067234+00:00,5,0,True,True
608535146,2026-08-17T14:32:26.067234+00:00,2,0,True,True
608535147,2026-08-17T14:32:26.067234+00:00,6,0,True,True
608535148,2026-08-17T14:32:26.067234+00:00,3,0,True,True
608535149,2026-08-17T14:32:26.067234+00:00,3,0,True,True
608535150,2026-08-17T14:32:26.067234+00:00,11,0,True,True
608535151,2026-08-17T14:32:26.067234+00:00,0,0,True,True
608535152,2026-08-17T14:32:26.067234+00:00,3,0,True,True
608535153,2026-08-17T14:32:26.067234+00:00,2,0,True,True
608535154,2026-08-17T14:32:26.067234+00:00,0,0,True,True
608535155,2026-08-17T14:32:26.067234+00:00,0,0,True,True
608535156,2026-08-17T14:32:26.067234+00:00,3,0,True,True
608535157,2026-08-17T14:32:26.067234+00:00,4,0,True,True
608535158,2026-08-17T14:32:26.067234+00:00,1,0,True,True
608535159,2026-08-17T14:32:26.067234+00:00,0,0,True,True
608535160,2026-08-17T14:32:26.067234+00:00,1,0,True,True
608535162,2026-08-17T14:32:26.067234+00:00,2,0,True,True
608535163,2026-08-17T14:32:26.067234+00:00,3,0,True,True
608535164,2026-08-17T14:32:26.067234+00:00,2,0,True,True
608535165,2026-08-17T14:32:26.067234+00:00,2,0,True,True
608535166,2026-08-17T14:32:26.067234+00:00,3,0,True,True
608535167,2026-08-17T14:32:26.067234+00:00,3,0,True,True
608535168,2026-08-17T14:32:26.067234+00:00,5,0,True,True
608535169,2026-08-17T14:32:26.067234+00:00,9,0,True,True
608535170,2026-08-17T14:32:26.067234+00:00,3,0,True,True
608535171,2026-08-17T14:32:26.067234+00:00,3,0,True,True
608535172,2026-08-17T14:32:26.067234+00:00,6,0,True,True
608535173,2026-08-17T14:32:26.067234+00:00,9,0,True,True
608535174,2026-08-17T14:32:26.067234+00:00,0,0,True,True
608535175,2026-08-17T14:32:26.067234+00:00,0,0,True,True
608535176,2026-08-17T14:32:26.067234+00:00,1,0,True,True
608535178,2026-08-17T14:32:26.067234+00:00,11,0,True,True
608535179,2026-08-17T14:32:26.067234+00:00,7,0,True,True
608535180,2026-08-17T14:32:26.067234+00:00,0,0,True,True
608535181,2026-08-17T14:32:26.067234+00:00,3,0,True,True
608535182,2026-08-17T14:32:26.067234+00:00,3,0,True,True
608535183,2026-08-17T14:32:26.067234+00:00,1,0,True,True
608535184,2026-08-17T14:32:26.067234+00:00,0,0,True,True
608535185,2026-08-17T14:32:26.067234+00:00,5,0,True,True
608535186,2026-08-17T14:32:26.067234+00:00,9,0,True,True
608535187,2026-08-17T14:32:26.067234+00:00,0,0,True,True
608535188,2026-08-17T14:32:26.067234+00:00,10,0,True,True
608535189,2026-08-17T14:32:26.067234+00:00,0,0,True,True
608535190,2026-08-17T14:32:26.067234+00:00,6,0,True,True
608535192,2026-08-17T14:32:26.067234+00:00,13,0,True,True
608535193,2026-08-17T14:32:26.067234+00:00,8,0,True,True
608535194,2026-08-17T14:32:26.067234+00:00,1,0,True,True
608535195,2026-08-17T14:32:26.067234+00:00,2,0,True,True
608535196,2026-08-17T14:32:26.067234+00:00,4,0,True,True
608535197,2026-08-17T14:32:26.067234+00:00,0,0,True,True
608535198,2026-08-17T14:32:26.067234+00:00,1,0,True,True
608535199,2026-08-17T14:32:26.067234+00:00,7,0,True,True
608535200,2026-08-17T14:32:26.067234+00:00,2,0,True,True
608535201,2026-08-17T14:32:26.067234+00:00,2,0,True,True
608535202,2026-08-17T14:32:26.067234+00:00,8,0,True,True
608535203,2026-08-17T14:32:26.067234+00:00,9,0,True,True
608535204,2026-08-17T14:32:26.067234+00:00,3,0,True,True
608535205,2026-08-17T14:32:26.067234+00:00,8,0,True,True
608535206,2026-08-17T14:32:26.067234+00:00,7,0,True,True
608535207,2026-08-17T14:32:26.067234+00:00,4,0,True,True
608535208,2026-08-17T14:32:26.067234+00:00,5,0,True,True
608535209,2026-08-17T14:32:26.067234+00:00,0,0,True,True
608535210,2026-08-17T14:32:26.067234+00:00,11,0,True,True
608535211,2026-08-17T14:32:26.067234+00:00,4,0,True,True
608535212,2026-08-17T14:32:26.067234+00:00,3,0,True,True
608535213,2026-08-17T14:32:26.067234+00:00,11,0,True,True
608535214,2026-08-17T14:32:26.067234+00:00,3,0,True,True
608535215,2026-08-17T14:32:26.067234+00:00,2,0,True,True
608535216,2026-08-17T14:32:26.067234+00:00,9,0,True,True
608535217,2026-08-17T14:32:26.067234+00:00,6,0,True,True
608535218,2026-08-17T14:32:26.067234+00:00,8,0,True,True
608535219,2026-08-17T14:32:26.067234+00:00,0,0,True,True
608535220,2026-08-17T14:32:26.067234+00:00,3,0,True,True
608535221,2026-08-17T14:32:26.067234+00:00,2,0,True,True
608535222,2026-08-17T14:32:26.067234+00:00,6,0,True,True
608535223,2026-08-17T14:32:26.067234+00:00,10,0,True,True
608535224,2026-08-17T14:32:26.067234+00:00,3,0,True,True
608535225,2026-08-17T14:32:26.067234+00:00,4,0,True,True
608535226,2026-08-17T14:32:26.067234+00:00,1,0,True,True
608535227,2026-08-17T14:32:26.067234+00:00,0,0,True,True
608535228,2026-08-17T14:32:26.067234+00:00,10,0,True,True
608535229,2026-08-17T14:32:26.067234+00:00,12,0,True,True
608535230,2026-08-17T14:32:26.067234+00:00,3,0,True,True
608535231,2026-08-17T14:32:26.067234+00:00,3,0,True,True
608535232,2026-08-17T14:32:26.067234+00:00,2,0,True,True
608535234,2026-08-17T14:32:26.067234+00:00,13,0,True,True
608535235,2026-08-17T14:32:26.067234+00:00,9,0,True,True
608535236,2026-08-17T14:32:26.067234+00:00,5,0,True,True
608535237,2026-08-17T14:32:26.067234+00:00,6,0,True,True
608535238,2026-08-17T14:32:26.067234+00:00,4,0,True,True
608535239,2026-08-17T14:32:26.067234+00:00,6,0,True,True
608535240,2026-08-17T14:32:26.067234+00:00,3,0,True,True
608535241,2026-08-17T14:32:26.067234+00:00,2,0,True,True
608535242,2026-08-17T14:32:26.067234+00:00,11,0,True,True
608535243,2026-08-17T14:32:26.067234+00:00,7,0,True,True
608535244,2026-08-17T14:32:26.067234+00:00,0,0,True,True
608535245,2026-08-17T14:32:26.067234+00:00,9,0,True,True
608535246,2026-08-17T14:32:26.067234+00:00,4,0,True,True
608535247,2026-08-17T14:32:26.067234+00:00,5,0,True,True
608535248,2026-08-17T14:32:26.067234+00:00,6,0,True,True
608535249,2026-08-17T14:32:26.067234+00:00,5,0,True,True
608535250,2026-08-17T14:32:26.067234+00:00,4,0,True,True
608535251,2026-08-17T14:32:26.067234+00:00,8,0,True,True
608535252,2026-08-17T14:32:26.067234+00:00,5,0,True,True
608535254,2026-08-17T14:32:26.067234+00:00,3,0,True,True
608535255,2026-08-17T14:32:26.067234+00:00,4,0,True,True
613312171,2026-08-17T14:32:26.067234+00:00,12,0,True,True
613312172,2026-08-17T14:32:26.067234+00:00,0,0,True,True
613312173,2026-08-17T14:32:26.067234+00:00,9,0,True,True
613312174,2026-08-17T14:32:26.067234+00:00,2,0,True,True
613312175,2026-08-17T14:32:26.067234+00:00,5,0,True,True
613312176,2026-08-17T14:32:26.067234+00:00,11,0,True,True
613312177,2026-08-17T14:32:26.067234+00:00,1,0,True,True
613312179,2026-08-17T14:32:26.067234+00:00,10,0,True,True
613312180,2026-08-17T14:32:26.067234+00:00,3,0,True,True
613312181,2026-08-17T14:32:26.067234+00:00,18,0,True,True
613312182,2026-08-17T14:32:26.067234+00:00,8,0,True,True
613312183,2026-08-17T14:32:26.067234+00:00,11,0,True,True
613312184,2026-08-17T14:32:26.067234+00:00,2,0,True,True
613312185,2026-08-17T14:32:26.067234+00:00,1,0,True,True
613312186,2026-08-17T14:32:26.067234+00:00,1,0,True,True
613312187,2026-08-17T14:32:26.067234+00:00,0,0,True,True
613312188,2026-08-17T14:32:26.067234+00:00,0,0,True,True
613312189,2026-08-17T14:32:26.067234+00:00,1,0,True,True
613312190,2026-08-17T14:32:26.067234+00:00,1,0,True,True
613312191,2026-08-17T14:32:26.067234+00:00,5,0,True,True
613312192,2026-08-17T14:32:26.067234+00:00,0,0,True,True
613312193,2026-08-17T14:32:26.067234+00:00,0,0,True,True
613312194,2026-08-17T14:32:26.067234+00:00,1,0,True,True
613312195,2026-08-17T14:32:26.067234+00:00,3,0,True,True
613312196,2026-08-17T14:32:26.067234+00:00,5,0,True,True
613312197,2026-08-17T14:32:26.067234+00:00,2,0,True,True
613312198,2026-08-17T14:32:26.067234+00:00,8,0,True,True
613312199,2026-08-17T14:32:26.067234+00:00,4,0,True,True
613312200,2026-08-17T14:32:26.067234+00:00,7,0,True,True
613312201,2026-08-17T14:32:26.067234+00:00,1,0,True,True
613312202,2026-08-17T14:32:26.067234+00:00,10,0,True,True
613312203,2026-08-17T14:32:26.067234+00:00,1,0,True,True
613312204,2026-08-17T14:32:26.067234+00:00,2,0,True,True
613312205,2026-08-17T14:32:26.067234+00:00,10,0,True,True
613312206,2026-08-17T14:32:26.067234+00:00,3,0,True,True
613312207,2026-08-17T14:32:26.067234+00:00,4,0,True,True
613312208,2026-08-17T14:32:26.067234+00:00,8,0,True,True
613312209,2026-08-17T14:32:26.067234+00:00,6,0,True,True
613312210,2026-08-17T14:32:26.067234+00:00,2,0,True,True
613312211,2026-08-17T14:32:26.067234+00:00,3,0,True,True
613312212,2026-08-17T14:32:26.067234+00:00,5,0,True,True
613312213,2026-08-17T14:32:26.067234+00:00,3,0,True,True
613312214,2026-08-17T14:32:26.067234+00:00,4,0,True,True
613312215,2026-08-17T14:32:26.067234+00:00,6,0,True,True
613312216,2026-08-17T14:32:26.067234+00:00,4,0,True,True
613312217,2026-08-17T14:32:26.067234+00:00,1,0,True,True
613312218,2026-08-17T14:32:26.067234+00:00,6,0,True,True
613312219,2026-08-17T14:32:26.067234+00:00,2,0,True,True
613312220,2026-08-17T14:32:26.067234+00:00,1,0,True,True
613312221,2026-08-17T14:32:26.067234+00:00,11,0,True,True
613312222,2026-08-17T14:32:26.067234+00:00,10,0,True,True
613312223,2026-08-17T14:32:26.067234+00:00,1,0,True,True
613312224,2026-08-17T14:32:26.067234+00:00,6,0,True,True
613312225,2026-08-17T14:32:26.067234+00:00,11,0,True,True
613312226,2026-08-17T14:32:26.067234+00:00,4,0,True,True
613312227,2026-08-17T14:32:26.067234+00:00,5,0,True,True
613312228,2026-08-17T14:32:26.067234+00:00,4,0,True,True
613312229,2026-08-17T14:32:26.067234+00:00,9,0,True,True
613312230,2026-08-17T14:32:26.067234+00:00,1,0,True,True
613312231,2026-08-17T14:32:26.067234+00:00,5,0,True,True
613312233,2026-08-17T14:32:26.067234+00:00,1,0,True,True
613312234,2026-08-17T14:32:26.067234+00:00,3,0,True,True
613312236,2026-08-17T14:32:26.067234+00:00,6,0,True,True
613312237,2026-08-17T14:32:26.067234+00:00,10,0,True,True
613312238,2026-08-17T14:32:26.067234+00:00,1,0,True,True
613312239,2026-08-17T14:32:26.067234+00:00,1,0,True,True
613312240,2026-08-17T14:32:26.067234+00:00,3,0,True,True
613312241,2026-08-17T14:32:26.067234+00:00,3,0,True,True
613312242,2026-08-17T14:32:26.067234+00:00,4,0,True,True
613312243,2026-08-17T14:32:26.067234+00:00,2,0,True,True
613312244,2026-08-17T14:32:26.067234+00:00,8,0,True,True
613312245,2026-08-17T14:32:26.067234+00:00,1,0,True,True
613312246,2026-08-17T14:32:26.067234+00:00,5,0,True,True
613312247,2026-08-17T14:32:26.067234+00:00,2,0,True,True
613312248,2026-08-17T14:32:26.067234+00:00,5,0,True,True
613312249,2026-08-17T14:32:26.067234+00:00,8,0,True,True
613312250,2026-08-17T14:32:26.067234+00:00,10,0,True,True
613312251,2026-08-17T14:32:26.067234+00:00,7,0,True,True
613312252,2026-08-17T14:32:26.067234+00:00,4,0,True,True
613312253,2026-08-17T14:32:26.067234+00:00,2,0,True,True
613312254,2026-08-17T14:32:26.067234+00:00,7,0,True,True
613312255,2026-08-17T14:32:26.067234+00:00,2,0,True,True
613312256,2026-08-17T14:32:26.067234+00:00,10,0,True,True
613312257,2026-08-17T14:32:26.067234+00:00,6,0,True,True
613312258,2026-08-17T14:32:26.067234+00:00,7,0,True,True
613312259,2026-08-17T14:32:26.067234+00:00,7,0,True,True
613312260,2026-08-17T14:32:26.067234+00:00,0,0,True,True
613312261,2026-08-17T14:32:26.067234+00:00,0,0,True,True
613312262,2026-08-17T14:32:26.067234+00:00,0,0,True,True
613312263,2026-08-17T14:32:26.067234+00:00,3,0,True,True
613312264,2026-08-17T14:32:26.067234+00:00,3,0,True,True
613312265,2026-08-17T14:32:26.067234+00:00,8,0,True,True
613312266,2026-08-17T14:32:26.067234+00:00,4,0,True,True
613312267,2026-08-17T14:32:26.067234+00:00,5,0,True,True
613312268,2026-08-17T14:32:26.067234+00:00,9,0,True,True
613312269,2026-08-17T14:32:26.067234+00:00,11,0,True,True
613312270,2026-08-17T14:32:26.067234+00:00,11,0,True,True
613312271,2026-08-17T14:32:26.067234+00:00,0,0,True,True
613312272,2026-08-17T14:32:26.067234+00:00,5,0,True,True
613312273,2026-08-17T14:32:26.067234+00:00,8,0,True,True
613312274,2026-08-17T14:32:26.067234+00:00,9,0,True,True
613312275,2026-08-17T14:32:26.067234+00:00,16,0,True,True
613312276,2026-08-17T14:32:26.067234+00:00,0,0,True,True
613312277,2026-08-17T14:32:26.067234+00:00,1,0,True,True
613312278,2026-08-17T14:32:26.067234+00:00,3,0,True,True
613312279,2026-08-17T14:32:26.067234+00:00,12,0,True,True
613312281,2026-08-17T14:32:26.067234+00:00,0,0,True,True
613312282,2026-08-17T14:32:26.067234+00:00,2,0,True,True
613312283,2026-08-17T14:32:26.067234+00:00,3,0,True,True
613312284,2026-08-17T14:32:26.067234+00:00,7,0,True,True
613312285,2026-08-17T14:32:26.067234+00:00,3,0,True,True
613312286,2026-08-17T14:32:26.067234+00:00,0,0,True,True
613312287,2026-08-17T14:32:26.067234+00:00,5,0,True,True
613312288,2026-08-17T14:32:26.067234+00:00,5,0,True,True
613312289,2026-08-17T14:32:26.067234+00:00,7,0,True,True
613312290,2026-08-17T14:32:26.067234+00:00,10,0,True,True
613312291,2026-08-17T14:32:26.067234+00:00,5,0,True,True
613312292,2026-08-17T14:32:26.067234+00:00,2,0,True,True
613312293,2026-08-17T14:32:26.067234+00:00,11,0,True,True
613312294,2026-08-17T14:32:26.067234+00:00,11,0,True,True
613312295,2026-08-17T14:32:26.067234+00:00,13,0,True,True
613312296,2026-08-17T14:32:26.067234+00:00,6,0,True,True
613312297,2026-08-17T14:32:26.067234+00:00,5,0,True,True
613312298,2026-08-17T14:32:26.067234+00:00,4,0,True,True
613312299,2026-08-17T14:32:26.067234+00:00,5,0,True,True
613312300,2026-08-17T14:32:26.067234+00:00,15,0,True,True
613312301,2026-08-17T14:32:26.067234+00:00,9,0,True,True
613312302,2026-08-17T14:32:26.067234+00:00,4,0,True,True
613312303,2026-08-17T14:32:26.067234+00:00,9,0,True,True
613312304,2026-08-17T14:32:26.067234+00:00,9,0,True,True
613312305,2026-08-17T14:32:26.067234+00:00,19,0,True,True
613312306,2026-08-17T14:32:26.067234+00:00,12,0,True,True
613312307,2026-08-17T14:32:26.067234+00:00,8,0,True,True
613312308,2026-08-17T14:32:26.067234+00:00,6,0,True,True
613312309,2026-08-17T14:32:26.067234+00:00,8,0,True,True
613312310,2026-08-17T14:32:26.067234+00:00,7,0,True,True
613312311,2026-08-17T14:32:26.067234+00:00,15,0,True,True
613312312,2026-08-17T14:32:26.067234+00:00,18,0,True,True
613312313,2026-08-17T14:32:26.067234+00:00,4,0,True,True
613312314,2026-08-17T14:32:26.067234+00:00,9,0,True,True
613312315,2026-08-17T14:32:26.067234+00:00,6,0,True,True
613510037,2026-08-17T14:32:26.067234+00:00,0,0,True,True
624056982,2026-08-17T14:32:26.067234+00:00,5,0,True,True
624057057,2026-08-17T14:32:26.067234+00:00,3,0,True,True
631244273,2026-08-17T14:32:26.067234+00:00,1,0,True,True
631244274,2026-08-17T14:32:26.067234+00:00,2,0,True,True
631244275,2026-08-17T14:32:26.067234+00:00,2,0,True,True
631244276,2026-08-17T14:32:26.067234+00:00,10,0,True,True
631244277,2026-08-17T14:32:26.067234+00:00,2,0,True,True
631244278,2026-08-17T14:32:26.067234+00:00,1,0,True,True
631244280,2026-08-17T14:32:26.067234+00:00,7,0,True,True
631244281,2026-08-17T14:32:26.067234+00:00,5,0,True,True
631244286,2026-08-17T14:32:26.067234+00:00,2,0,True,True
631244287,2026-08-17T14:32:26.067234+00:00,7,0,True,True
631244288,2026-08-17T14:32:26.067234+00:00,10,0,True,True
631244289,2026-08-17T14:32:26.067234+00:00,1,0,True,True
631244290,2026-08-17T14:32:26.067234+00:00,2,0,True,True
631244291,2026-08-17T14:32:26.067234+00:00,2,0,True,True
631244292,2026-08-17T14:32:26.067234+00:00,4,0,True,True
631244293,2026-08-17T14:32:26.067234+00:00,2,0,True,True
631244294,2026-08-17T14:32:26.067234+00:00,4,0,True,True
631244295,2026-08-17T14:32:26.067234+00:00,2,0,True,True
631244297,2026-08-17T14:32:26.067234+00:00,4,0,True,True
631244302,2026-08-17T14:32:26.067234+00:00,7,0,True,True
631244303,2026-08-17T14:32:26.067234+00:00,5,0,True,True
631244304,2026-08-17T14:32:26.067234+00:00,4,0,True,True
631244306,2026-08-17T14:32:26.067234+00:00,2,0,True,True
631244308,2026-08-17T14:32:26.067234+00:00,16,0,True,True
631244309,2026-08-17T14:32:26.067234+00:00,11,0,True,True
631244311,2026-08-17T14:32:26.067234+00:00,6,0,True,True
631244312,2026-08-17T14:32:26.067234+00:00,0,0,True,True
631244313,2026-08-17T14:32:26.067234+00:00,1,0,True,True
631244315,2026-08-17T14:32:26.067234+00:00,6,0,True,True
631244316,2026-08-17T14:32:26.067234+00:00,4,0,True,True
637793642,2026-08-17T14:32:26.067234+00:00,9,0,True,True
637794034,2026-08-17T14:32:26.067234+00:00,2,0,True,True
608535280,2026-08-17T15:03:08.951724+00:00,4,0,True,True
608535281,2026-08-17T15:03:08.951724+00:00,7,0,True,True
608535282,2026-08-17T15:03:08.951724+00:00,6,0,True,True
608535283,2026-08-17T15:03:08.951724+00:00,5,0,True,True
608535284,2026-08-17T15:03:08.951724+00:00,5,0,True,True
608535285,2026-08-17T15:03:08.951724+00:00,2,0,True,True
608535286,2026-08-17T15:03:08.951724+00:00,4,0,True,True
608535287,2026-08-17T15:03:08.951724+00:00,5,0,True,True
608535288,2026-08-17T15:03:08.951724+00:00,2,0,True,True
608535289,2026-08-17T15:03:08.951724+00:00,2,0,True,True
608535290,2026-08-17T15:03:08.951724+00:00,5,0,True,True
608535291,2026-08-17T15:03:08.951724+00:00,8,0,True,True
608535292,2026-08-17T15:03:08.951724+00:00,2,0,True,True
608535293,2026-08-17T15:03:08.951724+00:00,7,0,True,True
608535294,2026-08-17T15:03:08.951724+00:00,5,0,True,True
608535295,2026-08-17T15:03:08.951724+00:00,6,0,True,True
608535296,2026-08-17T15:03:08.951724+00:00,4,0,True,True
608535297,2026-08-17T15:03:08.951724+00:00,7,0,True,True
608535298,2026-08-17T15:03:08.951724+00:00,6,0,True,True
608535299,2026-08-17T15:03:08.951724+00:00,5,0,True,True
608535300,2026-08-17T15:03:08.951724+00:00,7,0,True,True
608535301,2026-08-17T15:03:08.951724+00:00,8,0,True,True
608535302,2026-08-17T15:03:08.951724+00:00,7,0,True,True
608535303,2026-08-17T15:03:08.951724+00:00,6,0,True,True
608535304,2026-08-17T15:03:08.951724+00:00,6,0,True,True
608535305,2026-08-17T15:03:08.951724+00:00,7,0,True,True
608535306,2026-08-17T15:03:08.951724+00:00,2,0,True,True
608535307,2026-08-17T15:03:08.951724+00:00,7,0,True,True
608535308,2026-08-17T15:03:08.951724+00:00,7,0,True,True
608535309,2026-08-17T15:03:08.951724+00:00,3,0,True,True
608535310,2026-08-17T15:03:08.951724+00:00,4,0,True,True
608535311,2026-08-17T15:03:08.951724+00:00,5,0,True,True
608535312,2026-08-17T15:03:08.951724+00:00,4,0,True,True
608535313,2026-08-17T15:03:08.951724+00:00,0,0,True,True
608535314,2026-08-17T15:03:08.951724+00:00,5,0,True,True
608535315,2026-08-17T15:03:08.951724+00:00,8,0,True,True
608535316,2026-08-17T15:03:08.951724+00:00,7,0,True,True
608535317,2026-08-17T15:03:08.951724+00:00,6,0,True,True
608535318,2026-08-17T15:03:08.951724+00:00,11,0,True,True
608535319,2026-08-17T15:03:08.951724+00:00,4,0,True,True
608535320,2026-08-17T15:03:08.951724+00:00,6,0,True,True
608535321,2026-08-17T15:03:08.951724+00:00,3,0,True,True
608535322,2026-08-17T15:03:08.951724+00:00,13,0,True,True
608535323,2026-08-17T15:03:08.951724+00:00,3,0,True,True
608535324,2026-08-17T15:03:08.951724+00:00,3,0,True,True
608535325,2026-08-17T15:03:08.951724+00:00,5,0,True,True
608535326,2026-08-17T15:03:08.951724+00:00,5,0,True,True
608535327,2026-08-17T15:03:08.951724+00:00,8,0,True,True
608535328,2026-08-17T15:03:08.951724+00:00,11,0,True,True
608535329,2026-08-17T15:03:08.951724+00:00,4,0,True,True
608535330,2026-08-17T15:03:08.951724+00:00,6,0,True,True
608535331,2026-08-17T15:03:08.951724+00:00,2,0,True,True
608535332,2026-08-17T15:03:08.951724+00:00,12,0,True,True
608535333,2026-08-17T15:03:08.951724+00:00,5,0,True,True
608535334,2026-08-17T15:03:08.951724+00:00,4,0,True,True
608535335,2026-08-17T15:03:08.951724+00:00,4,0,True,True
608535336,2026-08-17T15:03:08.951724+00:00,7,0,True,True
608535337,2026-08-17T15:03:08.951724+00:00,3,0,True,True
608535338,2026-08-17T15:03:08.951724+00:00,1,0,True,True
608535339,2026-08-17T15:03:08.951724+00:00,6,0,True,True
608535340,2026-08-17T15:03:08.951724+00:00,11,0,True,True
608535341,2026-08-17T15:03:08.951724+00:00,6,0,True,True
608535342,2026-08-17T15:03:08.951724+00:00,1,0,True,True
608535343,2026-08-17T15:03:08.951724+00:00,3,0,True,True
608535344,2026-08-17T15:03:08.951724+00:00,4,0,True,True
608535345,2026-08-17T15:03:08.951724+00:00,8,0,True,True
608535346,2026-08-17T15:03:08.951724+00:00,2,0,True,True
608535256,2026-08-17T15:03:08.951724+00:00,8,0,True,True
608535257,2026-08-17T15:03:08.951724+00:00,5,0,True,True
608535258,2026-08-17T15:03:08.951724+00:00,3,0,True,True
608535259,2026-08-17T15:03:08.951724+00:00,4,0,True,True
608535260,2026-08-17T15:03:08.951724+00:00,15,0,True,True
608535261,2026-08-17T15:03:08.951724+00:00,2,0,True,True
608535262,2026-08-17T15:03:08.951724+00:00,0,0,True,True
608535263,2026-08-17T15:03:08.951724+00:00,3,0,True,True
608535265,2026-08-17T15:03:08.951724+00:00,2,0,True,True
608535266,2026-08-17T15:03:08.951724+00:00,4,0,True,True
608535267,2026-08-17T15:03:08.951724+00:00,4,0,True,True
608535268,2026-08-17T15:03:08.951724+00:00,5,0,True,True
608535270,2026-08-17T15:03:08.951724+00:00,8,0,True,True
608535271,2026-08-17T15:03:08.951724+00:00,5,0,True,True
608535272,2026-08-17T15:03:08.951724+00:00,7,0,True,True
608535273,2026-08-17T15:03:08.951724+00:00,4,0,True,True
608535274,2026-08-17T15:03:08.951724+00:00,3,0,True,True
608535276,2026-08-17T15:03:08.951724+00:00,2,0,True,True
608535277,2026-08-17T15:03:08.951724+00:00,3,0,True,True
608535278,2026-08-17T15:03:08.951724+00:00,3,0,True,True
608535279,2026-08-17T15:03:08.951724+00:00,5,0,True,True
608535378,2026-08-17T15:03:08.951724+00:00,4,0,True,True
608535379,2026-08-17T15:03:08.951724+00:00,7,0,True,True
608535380,2026-08-17T15:03:08.951724+00:00,5,0,True,True
608535381,2026-08-17T15:03:08.951724+00:00,1,0,True,True
608535383,2026-08-17T15:03:08.951724+00:00,7,0,True,True
608535384,2026-08-17T15:03:08.951724+00:00,2,0,True,True
608535385,2026-08-17T15:03:08.951724+00:00,0,0,True,True
608535386,2026-08-17T15:03:08.951724+00:00,13,0,True,True
608535387,2026-08-17T15:03:08.951724+00:00,5,0,True,True
608535388,2026-08-17T15:03:08.951724+00:00,11,0,True,True
608535389,2026-08-17T15:03:08.951724+00:00,0,0,True,True
608535390,2026-08-17T15:03:08.951724+00:00,11,0,True,True
608535391,2026-08-17T15:03:08.951724+00:00,0,0,True,True
608535392,2026-08-17T15:03:08.951724+00:00,3,0,True,True
608535393,2026-08-17T15:03:08.951724+00:00,11,0,True,True
608535394,2026-08-17T15:03:08.951724+00:00,8,0,True,True
608535395,2026-08-17T15:03:08.951724+00:00,19,0,True,True
608535396,2026-08-17T15:03:08.951724+00:00,3,0,True,True
608535440,2026-08-17T15:03:08.951724+00:00,1,0,True,True
608535441,2026-08-17T15:03:08.951724+00:00,1,0,True,True
608535442,2026-08-17T15:03:08.951724+00:00,1,0,True,True
608535443,2026-08-17T15:03:08.951724+00:00,4,0,True,True
608535444,2026-08-17T15:03:08.951724+00:00,13,0,True,True
608535445,2026-08-17T15:03:08.951724+00:00,27,0,True,True
608535446,2026-08-17T15:03:08.951724+00:00,0,0,True,True
608535447,2026-08-17T15:03:08.951724+00:00,2,0,True,True
608535461,2026-08-17T15:03:08.951724+00:00,5,0,True,True
608535462,2026-08-17T15:03:08.951724+00:00,0,0,True,True
608535463,2026-08-17T15:03:08.951724+00:00,6,0,True,True
608535464,2026-08-17T15:03:08.951724+00:00,4,0,True,True
608535491,2026-08-17T15:03:08.951724+00:00,0,0,True,True
608535492,2026-08-17T15:03:08.951724+00:00,1,0,True,True
608535493,2026-08-17T15:03:08.951724+00:00,9,0,True,True
608535494,2026-08-17T15:03:08.951724+00:00,2,0,True,True
608535495,2026-08-17T15:03:08.951724+00:00,1,0,True,True
608535496,2026-08-17T15:03:08.951724+00:00,5,0,True,True
608535497,2026-08-17T15:03:08.951724+00:00,6,0,True,True
608535498,2026-08-17T15:03:08.951724+00:00,12,0,True,True
608535499,2026-08-17T15:03:08.951724+00:00,3,0,True,True
608535500,2026-08-17T15:03:08.951724+00:00,4,0,True,True
608535501,2026-08-17T15:03:08.951724+00:00,1,0,True,True
608535502,2026-08-17T15:03:08.951724+00:00,2,0,True,True
608535503,2026-08-17T15:03:08.951724+00:00,2,0,True,True
608535504,2026-08-17T15:03:08.951724+00:00,4,0,True,True
608535505,2026-08-17T15:03:08.951724+00:00,0,0,True,True
637793366,2026-08-17T15:03:08.951724+00:00,0,0,True,True
608535516,2026-08-17T15:03:08.951724+00:00,7,0,True,True
608535517,2026-08-17T15:03:08.951724+00:00,7,0,True,True
608535518,2026-08-17T15:03:08.951724+00:00,6,0,True,True
608535519,2026-08-17T15:03:08.951724+00:00,4,0,True,True
608535520,2026-08-17T15:03:08.951724+00:00,8,0,True,True
608535521,2026-08-17T15:03:08.951724+00:00,7,0,True,True
608535522,2026-08-17T15:03:08.951724+00:00,5,0,True,True
608535523,2026-08-17T15:03:08.951724+00:00,6,0,True,True
608535524,2026-08-17T15:03:08.951724+00:00,5,0,True,True
608535525,2026-08-17T15:03:08.951724+00:00,3,0,True,True
608535526,2026-08-17T15:03:08.951724+00:00,1,0,True,True
608535527,2026-08-17T15:03:08.951724+00:00,6,0,True,True
608535528,2026-08-17T15:03:08.951724+00:00,5,0,True,True
608535529,2026-08-17T15:03:08.951724+00:00,6,0,True,True
608535530,2026-08-17T15:03:08.951724+00:00,5,0,True,True
608535531,2026-08-17T15:03:08.951724+00:00,4,0,True,True
608535532,2026-08-17T15:03:08.951724+00:00,6,0,True,True
608535533,2026-08-17T15:03:08.951724+00:00,4,0,True,True
608535534,2026-08-17T15:03:08.951724+00:00,3,0,True,True
608535537,2026-08-17T15:03:08.951724+00:00,2,0,True,True
608535398,2026-08-17T15:03:08.951724+00:00,5,0,True,True
608535399,2026-08-17T15:03:08.951724+00:00,1,0,True,True
608535400,2026-08-17T15:03:08.951724+00:00,6,0,True,True
608535402,2026-08-17T15:03:08.951724+00:00,6,0,True,True
608535403,2026-08-17T15:03:08.951724+00:00,4,0,True,True
608535404,2026-08-17T15:03:08.951724+00:00,5,0,True,True
608535405,2026-08-17T15:03:08.951724+00:00,4,0,True,True
608535406,2026-08-17T15:03:08.951724+00:00,10,0,True,True
608535407,2026-08-17T15:03:08.951724+00:00,11,0,True,True
608535408,2026-08-17T15:03:08.951724+00:00,5,0,True,True
608535409,2026-08-17T15:03:08.951724+00:00,6,0,True,True
608535410,2026-08-17T15:03:08.951724+00:00,6,0,True,True
608535411,2026-08-17T15:03:08.951724+00:00,8,0,True,True
608535412,2026-08-17T15:03:08.951724+00:00,8,0,True,True
608535413,2026-08-17T15:03:08.951724+00:00,5,0,True,True
608535414,2026-08-17T15:03:08.951724+00:00,7,0,True,True
608535415,2026-08-17T15:03:08.951724+00:00,4,0,True,True
608535416,2026-08-17T15:03:08.951724+00:00,8,0,True,True
608535417,2026-08-17T15:03:08.951724+00:00,8,0,True,True
608535418,2026-08-17T15:03:08.951724+00:00,12,0,True,True
608535419,2026-08-17T15:03:08.951724+00:00,9,0,True,True
608535420,2026-08-17T15:03:08.951724+00:00,10,0,True,True
608535421,2026-08-17T15:03:08.951724+00:00,10,0,True,True
608535422,2026-08-17T15:03:08.951724+00:00,6,0,True,True
608535423,2026-08-17T15:03:08.951724+00:00,8,0,True,True
608535424,2026-08-17T15:03:08.951724+00:00,6,0,True,True
608535425,2026-08-17T15:03:08.951724+00:00,2,0,True,True
608535426,2026-08-17T15:03:08.951724+00:00,3,0,True,True
608535427,2026-08-17T15:03:08.951724+00:00,3,0,True,True
608535428,2026-08-17T15:03:08.951724+00:00,8,0,True,True
608535429,2026-08-17T15:03:08.951724+00:00,3,0,True,True
608535430,2026-08-17T15:03:08.951724+00:00,5,0,True,True
608535431,2026-08-17T15:03:08.951724+00:00,1,0,True,True
608535438,2026-08-17T15:03:08.951724+00:00,1,0,True,True
608535439,2026-08-17T15:03:08.951724+00:00,6,0,True,True
608535432,2026-08-17T15:03:08.951724+00:00,5,0,True,True
608535433,2026-08-17T15:03:08.951724+00:00,2,0,True,True
608535434,2026-08-17T15:03:08.951724+00:00,2,0,True,True
608535435,2026-08-17T15:03:08.951724+00:00,0,0,True,True
608535436,2026-08-17T15:03:08.951724+00:00,3,0,True,True
608535437,2026-08-17T15:03:08.951724+00:00,6,0,True,True
608535448,2026-08-17T15:03:08.951724+00:00,7,0,True,True
608535449,2026-08-17T15:03:08.951724+00:00,5,0,True,True
608535450,2026-08-17T15:03:08.951724+00:00,4,0,True,True
608535451,2026-08-17T15:03:08.951724+00:00,4,0,True,True
608535483,2026-08-17T15:03:08.951724+00:00,1,0,True,True
608535484,2026-08-17T15:03:08.951724+00:00,4,0,True,True
608535485,2026-08-17T15:03:08.951724+00:00,5,0,True,True
608535486,2026-08-17T15:03:08.951724+00:00,1,0,True,True
608535487,2026-08-17T15:03:08.951724+00:00,12,0,True,True
608535488,2026-08-17T15:03:08.951724+00:00,5,0,True,True
608535489,2026-08-17T15:03:08.951724+00:00,3,0,True,True
608535490,2026-08-17T15:03:08.951724+00:00,13,0,True,True
608535452,2026-08-17T15:03:08.951724+00:00,5,0,True,True
608535453,2026-08-17T15:03:08.951724+00:00,1,0,True,True
608535454,2026-08-17T15:03:08.951724+00:00,4,0,True,True
608535455,2026-08-17T15:03:08.951724+00:00,4,0,True,True
608535456,2026-08-17T15:03:08.951724+00:00,5,0,True,True
608535457,2026-08-17T15:03:08.951724+00:00,6,0,True,True
608535458,2026-08-17T15:03:08.951724+00:00,17,0,True,True
608535459,2026-08-17T15:03:08.951724+00:00,8,0,True,True
608535460,2026-08-17T15:03:08.951724+00:00,7,0,True,True
608535465,2026-08-17T15:03:08.951724+00:00,6,0,True,True
608535466,2026-08-17T15:03:08.951724+00:00,2,0,True,True
608535467,2026-08-17T15:03:08.951724+00:00,2,0,True,True
608535468,2026-08-17T15:03:08.951724+00:00,4,0,True,True
608535469,2026-08-17T15:03:08.951724+00:00,4,0,True,True
608535470,2026-08-17T15:03:08.951724+00:00,5,0,True,True
608535471,2026-08-17T15:03:08.951724+00:00,1,0,True,True
608535473,2026-08-17T15:03:08.951724+00:00,5,0,True,True
608535474,2026-08-17T15:03:08.951724+00:00,5,0,True,True
608535475,2026-08-17T15:03:08.951724+00:00,5,0,True,True
608535476,2026-08-17T15:03:08.951724+00:00,10,0,True,True
608535477,2026-08-17T15:03:08.951724+00:00,7,0,True,True
608535478,2026-08-17T15:03:08.951724+00:00,7,0,True,True
608535479,2026-08-17T15:03:08.951724+00:00,3,0,True,True
608535480,2026-08-17T15:03:08.951724+00:00,0,0,True,True
608535481,2026-08-17T15:03:08.951724+00:00,4,0,True,True
608535482,2026-08-17T15:03:08.951724+00:00,3,0,True,True
608535507,2026-08-17T15:03:08.951724+00:00,1,0,True,True
608535508,2026-08-17T15:03:08.951724+00:00,3,0,True,True
608535509,2026-08-17T15:03:08.951724+00:00,4,0,True,True
608535510,2026-08-17T15:03:08.951724+00:00,2,0,True,True
608535511,2026-08-17T15:03:08.951724+00:00,1,0,True,True
608535512,2026-08-17T15:03:08.951724+00:00,4,0,True,True
608535513,2026-08-17T15:03:08.951724+00:00,4,0,True,True
608535514,2026-08-17T15:03:08.951724+00:00,4,0,True,True
608535515,2026-08-17T15:03:08.951724+00:00,8,0,True,True
608535347,2026-08-17T15:03:08.951724+00:00,2,0,True,True
608535348,2026-08-17T15:03:08.951724+00:00,7,0,True,True
608535349,2026-08-17T15:03:08.951724+00:00,8,0,True,True
608535350,2026-08-17T15:03:08.951724+00:00,8,0,True,True
608535351,2026-08-17T15:03:08.951724+00:00,1,0,True,True
608535352,2026-08-17T15:03:08.951724+00:00,1,0,True,True
608535353,2026-08-17T15:03:08.951724+00:00,4,0,True,True
608535354,2026-08-17T15:03:08.951724+00:00,8,0,True,True
608535538,2026-08-17T15:03:08.951724+00:00,5,0,True,True
608535539,2026-08-17T15:03:08.951724+00:00,13,0,True,True
608535540,2026-08-17T15:03:08.951724+00:00,5,0,True,True
608535355,2026-08-17T15:03:08.951724+00:00,6,0,True,True
608535356,2026-08-17T15:03:08.951724+00:00,4,0,True,True
608535357,2026-08-17T15:03:08.951724+00:00,5,0,True,True
608535358,2026-08-17T15:03:08.951724+00:00,6,0,True,True
608535359,2026-08-17T15:03:08.951724+00:00,2,0,True,True
608535360,2026-08-17T15:03:08.951724+00:00,3,0,True,True
608535361,2026-08-17T15:03:08.951724+00:00,3,0,True,True
608535362,2026-08-17T15:03:08.951724+00:00,1,0,True,True
608535363,2026-08-17T15:03:08.951724+00:00,1,0,True,True
608535364,2026-08-17T15:03:08.951724+00:00,5,0,True,True
608535365,2026-08-17T15:03:08.951724+00:00,2,0,True,True
608535366,2026-08-17T15:03:08.951724+00:00,2,0,True,True
608535367,2026-08-17T15:03:08.951724+00:00,5,0,True,True
608535368,2026-08-17T15:03:08.951724+00:00,2,0,True,True
608535369,2026-08-17T15:03:08.951724+00:00,1,0,True,True
608535370,2026-08-17T15:03:08.951724+00:00,2,0,True,True
608535371,2026-08-17T15:03:08.951724+00:00,8,0,True,True
608535372,2026-08-17T15:03:08.951724+00:00,5,0,True,True
608535373,2026-08-17T15:03:08.951724+00:00,6,0,True,True
608535375,2026-08-17T15:03:08.951724+00:00,5,0,True,True
608535376,2026-08-17T15:03:08.951724+00:00,7,0,True,True
606857330,2026-08-17T15:03:08.951724+00:00,8,0,True,True
608534898,2026-08-17T15:03:08.951724+00:00,7,0,True,True
608534899,2026-08-17T15:03:08.951724+00:00,2,0,True,True
608534900,2026-08-17T15:03:08.951724+00:00,10,0,True,True
608534901,2026-08-17T15:03:08.951724+00:00,1,0,True,True
608534902,2026-08-17T15:03:08.951724+00:00,16,0,True,True
608534903,2026-08-17T15:03:08.951724+00:00,10,0,True,True
608534904,2026-08-17T15:03:08.951724+00:00,8,0,True,True
608534905,2026-08-17T15:03:08.951724+00:00,0,0,True,True
608534906,2026-08-17T15:03:08.951724+00:00,2,4,True,True
608534907,2026-08-17T15:03:08.951724+00:00,18,0,True,True
608534908,2026-08-17T15:03:08.951724+00:00,3,0,True,True
608534909,2026-08-17T15:03:08.951724+00:00,6,0,True,True
608534910,2026-08-17T15:03:08.951724+00:00,3,0,True,True
608534912,2026-08-17T15:03:08.951724+00:00,0,0,True,True
608534913,2026-08-17T15:03:08.951724+00:00,1,0,True,True
608534914,2026-08-17T15:03:08.951724+00:00,0,0,True,True
608534915,2026-08-17T15:03:08.951724+00:00,5,0,True,True
608534916,2026-08-17T15:03:08.951724+00:00,6,0,True,True
608534917,2026-08-17T15:03:08.951724+00:00,3,0,True,True
608534918,2026-08-17T15:03:08.951724+00:00,5,0,True,True
608534919,2026-08-17T15:03:08.951724+00:00,0,0,True,True
608534920,2026-08-17T15:03:08.951724+00:00,13,0,True,True
608534921,2026-08-17T15:03:08.951724+00:00,15,0,True,True
608534922,2026-08-17T15:03:08.951724+00:00,6,0,True,True
608534923,2026-08-17T15:03:08.951724+00:00,5,0,True,True
608534924,2026-08-17T15:03:08.951724+00:00,7,0,True,True
608534925,2026-08-17T15:03:08.951724+00:00,6,0,True,True
608534926,2026-08-17T15:03:08.951724+00:00,2,0,True,True
608534927,2026-08-17T15:03:08.951724+00:00,3,0,True,True
608534928,2026-08-17T15:03:08.951724+00:00,4,0,True,True
608534930,2026-08-17T15:03:08.951724+00:00,8,0,True,True
608534931,2026-08-17T15:03:08.951724+00:00,0,0,True,True
608534932,2026-08-17T15:03:08.951724+00:00,1,0,True,True
608534933,2026-08-17T15:03:08.951724+00:00,3,0,True,True
608534934,2026-08-17T15:03:08.951724+00:00,6,0,False,False
608534936,2026-08-17T15:03:08.951724+00:00,3,0,True,True
608534937,2026-08-17T15:03:08.951724+00:00,3,0,True,True
608534939,2026-08-17T15:03:08.951724+00:00,10,0,True,True
608534940,2026-08-17T15:03:08.951724+00:00,1,0,True,True
608534942,2026-08-17T15:03:08.951724+00:00,11,0,True,True
608534943,2026-08-17T15:03:08.951724+00:00,6,0,True,True
608534944,2026-08-17T15:03:08.951724+00:00,1,0,True,True
608534945,2026-08-17T15:03:08.951724+00:00,9,0,True,True
608534946,2026-08-17T15:03:08.951724+00:00,8,0,True,True
608534947,2026-08-17T15:03:08.951724+00:00,16,0,True,True
608534948,2026-08-17T15:03:08.951724+00:00,4,0,True,True
608534950,2026-08-17T15:03:08.951724+00:00,14,0,True,True
608534952,2026-08-17T15:03:08.951724+00:00,4,0,True,True
608534953,2026-08-17T15:03:08.951724+00:00,8,0,True,True
608534954,2026-08-17T15:03:08.951724+00:00,4,0,True,True
608534955,2026-08-17T15:03:08.951724+00:00,7,0,True,True
608534956,2026-08-17T15:03:08.951724+00:00,15,0,True,True
608534957,2026-08-17T15:03:08.951724+00:00,3,0,True,True
608534958,2026-08-17T15:03:08.951724+00:00,2,0,True,True
608534959,2026-08-17T15:03:08.951724+00:00,4,4,True,True
608534960,2026-08-17T15:03:08.951724+00:00,5,0,True,True
608534961,2026-08-17T15:03:08.951724+00:00,0,0,True,True
608534962,2026-08-17T15:03:08.951724+00:00,2,0,True,True
608534963,2026-08-17T15:03:08.951724+00:00,8,0,True,True
608534964,2026-08-17T15:03:08.951724+00:00,5,0,True,True
608534965,2026-08-17T15:03:08.951724+00:00,0,0,True,True
608534967,2026-08-17T15:03:08.951724+00:00,2,0,True,True
608534968,2026-08-17T15:03:08.951724+00:00,13,0,True,True
608534969,2026-08-17T15:03:08.951724+00:00,4,0,True,True
608534970,2026-08-17T15:03:08.951724+00:00,1,0,True,True
608534971,2026-08-17T15:03:08.951724+00:00,3,0,True,True
608534973,2026-08-17T15:03:08.951724+00:00,1,0,True,True
608534974,2026-08-17T15:03:08.951724+00:00,12,0,True,True
608534975,2026-08-17T15:03:08.951724+00:00,1,0,True,True
608534977,2026-08-17T15:03:08.951724+00:00,0,0,True,True
608534978,2026-08-17T15:03:08.951724+00:00,1,0,True,True
608534979,2026-08-17T15:03:08.951724+00:00,0,0,True,True
608534980,2026-08-17T15:03:08.951724+00:00,0,0,True,True
608534981,2026-08-17T15:03:08.951724+00:00,1,0,True,True
608534982,2026-08-17T15:03:08.951724+00:00,0,0,True,True
608534983,2026-08-17T15:03:08.951724+00:00,1,0,True,True
608534984,2026-08-17T15:03:08.951724+00:00,0,0,True,True
608534985,2026-08-17T15:03:08.951724+00:00,1,0,True,True
608534986,2026-08-17T15:03:08.951724+00:00,1,0,True,True
608534987,2026-08-17T15:03:08.951724+00:00,2,0,True,True
608534988,2026-08-17T15:03:08.951724+00:00,1,0,True,True
608534990,2026-08-17T15:03:08.951724+00:00,3,0,True,True
608534991,2026-08-17T15:03:08.951724+00:00,0,0,True,True
608534992,2026-08-17T15:03:08.951724+00:00,2,0,True,True
608534993,2026-08-17T15:03:08.951724+00:00,1,0,True,True
608534994,2026-08-17T15:03:08.951724+00:00,0,0,True,True
608534995,2026-08-17T15:03:08.951724+00:00,11,0,True,True
608534996,2026-08-17T15:03:08.951724+00:00,0,0,True,True
608534998,2026-08-17T15:03:08.951724+00:00,0,0,True,True
608534999,2026-08-17T15:03:08.951724+00:00,0,0,True,True
608535000,2026-08-17T15:03:08.951724+00:00,2,0,True,True
608535001,2026-08-17T15:03:08.951724+00:00,2,0,True,True
608535002,2026-08-17T15:03:08.951724+00:00,0,0,True,True
608535003,2026-08-17T15:03:08.951724+00:00,0,0,True,True
608535004,2026-08-17T15:03:08.951724+00:00,0,0,True,True
608535005,2026-08-17T15:03:08.951724+00:00,6,0,True,True
608535006,2026-08-17T15:03:08.951724+00:00,1,0,True,True
608535007,2026-08-17T15:03:08.951724+00:00,0,0,True,True
608535008,2026-08-17T15:03:08.951724+00:00,0,0,True,True
608535009,2026-08-17T15:03:08.951724+00:00,0,0,True,True
608535010,2026-08-17T15:03:08.951724+00:00,3,0,True,True
608535011,2026-08-17T15:03:08.951724+00:00,0,0,True,True
608535012,2026-08-17T15:03:08.951724+00:00,0,0,True,True
608535013,2026-08-17T15:03:08.951724+00:00,0,0,True,True
608535014,2026-08-17T15:03:08.951724+00:00,6,0,True,True
608535015,2026-08-17T15:03:08.951724+00:00,1,0,True,True
608535016,2026-08-17T15:03:08.951724+00:00,3,0,True,True
608535017,2026-08-17T15:03:08.951724+00:00,9,0,True,True
608535018,2026-08-17T15:03:08.951724+00:00,5,0,True,True
608535019,2026-08-17T15:03:08.951724+00:00,2,0,True,True
608535020,2026-08-17T15:03:08.951724+00:00,2,0,True,True
608535021,2026-08-17T15:03:08.951724+00:00,2,0,True,True
608535022,2026-08-17T15:03:08.951724+00:00,3,0,True,True
608535023,2026-08-17T15:03:08.951724+00:00,1,0,True,True
608535024,2026-08-17T15:03:08.951724+00:00,2,0,True,True
608535025,2026-08-17T15:03:08.951724+00:00,0,0,True,True
608535026,2026-08-17T15:03:08.951724+00:00,2,0,True,True
608535027,2026-08-17T15:03:08.951724+00:00,6,0,True,True
608535028,2026-08-17T15:03:08.951724+00:00,7,0,True,True
608535029,2026-08-17T15:03:08.951724+00:00,8,0,True,True
608535030,2026-08-17T15:03:08.951724+00:00,0,0,True,True
608535031,2026-08-17T15:03:08.951724+00:00,12,0,True,True
608535032,2026-08-17T15:03:08.951724+00:00,4,0,True,True
608535033,2026-08-17T15:03:08.951724+00:00,8,0,True,True
608535034,2026-08-17T15:03:08.951724+00:00,4,0,True,True
608535036,2026-08-17T15:03:08.951724+00:00,7,0,True,True
608535037,2026-08-17T15:03:08.951724+00:00,8,0,True,True
608535038,2026-08-17T15:03:08.951724+00:00,3,0,True,True
608535039,2026-08-17T15:03:08.951724+00:00,6,0,True,True
608535040,2026-08-17T15:03:08.951724+00:00,4,0,True,True
608535041,2026-08-17T15:03:08.951724+00:00,7,0,True,True
608535042,2026-08-17T15:03:08.951724+00:00,9,0,True,True
608535043,2026-08-17T15:03:08.951724+00:00,6,0,True,True
608535044,2026-08-17T15:03:08.951724+00:00,4,0,True,True
608535045,2026-08-17T15:03:08.951724+00:00,7,0,True,True
608535046,2026-08-17T15:03:08.951724+00:00,8,0,True,True
608535047,2026-08-17T15:03:08.951724+00:00,5,0,True,True
608535048,2026-08-17T15:03:08.951724+00:00,16,0,True,True
608535049,2026-08-17T15:03:08.951724+00:00,9,0,True,True
608535050,2026-08-17T15:03:08.951724+00:00,9,0,True,True
608535051,2026-08-17T15:03:08.951724+00:00,12,0,True,True
608535052,2026-08-17T15:03:08.951724+00:00,10,0,True,True
608535053,2026-08-17T15:03:08.951724+00:00,4,0,True,True
608535054,2026-08-17T15:03:08.951724+00:00,4,0,True,True
608535055,2026-08-17T15:03:08.951724+00:00,6,0,True,True
608535057,2026-08-17T15:03:08.951724+00:00,13,0,True,True
608535058,2026-08-17T15:03:08.951724+00:00,10,0,True,True
608535059,2026-08-17T15:03:08.951724+00:00,17,0,True,True
608535060,2026-08-17T15:03:08.951724+00:00,14,0,True,True
608535061,2026-08-17T15:03:08.951724+00:00,4,0,True,True
608535062,2026-08-17T15:03:08.951724+00:00,7,0,True,True
608535063,2026-08-17T15:03:08.951724+00:00,5,0,True,True
608535064,2026-08-17T15:03:08.951724+00:00,6,0,True,True
608535065,2026-08-17T15:03:08.951724+00:00,5,0,True,True
608535066,2026-08-17T15:03:08.951724+00:00,12,0,True,True
608535067,2026-08-17T15:03:08.951724+00:00,21,0,True,True
608535068,2026-08-17T15:03:08.951724+00:00,2,0,True,True
608535069,2026-08-17T15:03:08.951724+00:00,6,0,True,True
608535070,2026-08-17T15:03:08.951724+00:00,5,0,True,True
608535071,2026-08-17T15:03:08.951724+00:00,4,0,True,True
608535072,2026-08-17T15:03:08.951724+00:00,3,0,True,True
608535073,2026-08-17T15:03:08.951724+00:00,1,0,True,True
608535074,2026-08-17T15:03:08.951724+00:00,8,0,True,True
608535075,2026-08-17T15:03:08.951724+00:00,6,0,True,True
608535077,2026-08-17T15:03:08.951724+00:00,2,0,True,True
608535078,2026-08-17T15:03:08.951724+00:00,5,0,True,True
608535079,2026-08-17T15:03:08.951724+00:00,4,0,True,True
608535080,2026-08-17T15:03:08.951724+00:00,3,0,True,True
608535081,2026-08-17T15:03:08.951724+00:00,16,0,True,True
608535082,2026-08-17T15:03:08.951724+00:00,5,0,True,True
608535083,2026-08-17T15:03:08.951724+00:00,3,0,True,True
608535084,2026-08-17T15:03:08.951724+00:00,2,0,True,True
608535085,2026-08-17T15:03:08.951724+00:00,5,0,True,True
608535086,2026-08-17T15:03:08.951724+00:00,6,0,True,True
608535087,2026-08-17T15:03:08.951724+00:00,3,0,True,True
608535088,2026-08-17T15:03:08.951724+00:00,1,0,True,True
608535089,2026-08-17T15:03:08.951724+00:00,1,0,True,True
608535090,2026-08-17T15:03:08.951724+00:00,1,0,True,True
608535091,2026-08-17T15:03:08.951724+00:00,0,0,True,True
608535092,2026-08-17T15:03:08.951724+00:00,5,0,True,True
608535093,2026-08-17T15:03:08.951724+00:00,2,0,True,True
608535094,2026-08-17T15:03:08.951724+00:00,12,0,True,True
608535095,2026-08-17T15:03:08.951724+00:00,4,0,True,True
608535096,2026-08-17T15:03:08.951724+00:00,4,0,True,True
608535097,2026-08-17T15:03:08.951724+00:00,3,0,True,True
608535098,2026-08-17T15:03:08.951724+00:00,8,0,True,True
608535099,2026-08-17T15:03:08.951724+00:00,14,0,True,True
608535100,2026-08-17T15:03:08.951724+00:00,7,0,True,True
608535101,2026-08-17T15:03:08.951724+00:00,6,0,True,True
608535102,2026-08-17T15:03:08.951724+00:00,0,0,True,True
608535103,2026-08-17T15:03:08.951724+00:00,11,0,True,True
608535104,2026-08-17T15:03:08.951724+00:00,1,0,True,True
608535105,2026-08-17T15:03:08.951724+00:00,10,0,True,True
608535106,2026-08-17T15:03:08.951724+00:00,2,0,True,True
608535107,2026-08-17T15:03:08.951724+00:00,4,0,True,True
608535108,2026-08-17T15:03:08.951724+00:00,8,0,True,True
608535109,2026-08-17T15:03:08.951724+00:00,8,0,True,True
608535110,2026-08-17T15:03:08.951724+00:00,10,0,True,True
608535111,2026-08-17T15:03:08.951724+00:00,1,0,True,True
608535112,2026-08-17T15:03:08.951724+00:00,4,0,True,True
608535113,2026-08-17T15:03:08.951724+00:00,7,0,True,True
608535114,2026-08-17T15:03:08.951724+00:00,1,0,True,True
608535116,2026-08-17T15:03:08.951724+00:00,2,0,True,True
608535117,2026-08-17T15:03:08.951724+00:00,10,0,True,True
608535118,2026-08-17T15:03:08.951724+00:00,4,0,True,True
608535119,2026-08-17T15:03:08.951724+00:00,0,0,True,True
608535120,2026-08-17T15:03:08.951724+00:00,8,0,True,True
608535121,2026-08-17T15:03:08.951724+00:00,0,0,True,True
608535122,2026-08-17T15:03:08.951724+00:00,4,0,True,True
608535123,2026-08-17T15:03:08.951724+00:00,1,0,True,True
608535124,2026-08-17T15:03:08.951724+00:00,9,0,True,True
608535125,2026-08-17T15:03:08.951724+00:00,0,0,True,True
608535126,2026-08-17T15:03:08.951724+00:00,8,0,True,True
608535127,2026-08-17T15:03:08.951724+00:00,3,0,True,True
608535128,2026-08-17T15:03:08.951724+00:00,1,0,True,True
608535129,2026-08-17T15:03:08.951724+00:00,4,0,True,True
608535130,2026-08-17T15:03:08.951724+00:00,4,0,True,True
608535131,2026-08-17T15:03:08.951724+00:00,7,0,True,True
608535132,2026-08-17T15:03:08.951724+00:00,6,0,True,True
608535133,2026-08-17T15:03:08.951724+00:00,5,0,True,True
608535134,2026-08-17T15:03:08.951724+00:00,1,0,True,True
608535135,2026-08-17T15:03:08.951724+00:00,3,0,True,True
608535136,2026-08-17T15:03:08.951724+00:00,0,0,True,True
608535137,2026-08-17T15:03:08.951724+00:00,1,0,True,True
608535138,2026-08-17T15:03:08.951724+00:00,4,0,True,True
608535139,2026-08-17T15:03:08.951724+00:00,3,0,True,True
608535140,2026-08-17T15:03:08.951724+00:00,3,0,True,True
608535141,2026-08-17T15:03:08.951724+00:00,6,0,True,True
608535142,2026-08-17T15:03:08.951724+00:00,8,0,True,True
608535143,2026-08-17T15:03:08.951724+00:00,2,0,True,True
608535144,2026-08-17T15:03:08.951724+00:00,9,0,True,True
608535145,2026-08-17T15:03:08.951724+00:00,5,0,True,True
608535146,2026-08-17T15:03:08.951724+00:00,2,0,True,True
608535147,2026-08-17T15:03:08.951724+00:00,5,0,True,True
608535148,2026-08-17T15:03:08.951724+00:00,3,0,True,True
608535149,2026-08-17T15:03:08.951724+00:00,3,0,True,True
608535150,2026-08-17T15:03:08.951724+00:00,11,0,True,True
608535151,2026-08-17T15:03:08.951724+00:00,0,0,True,True
608535152,2026-08-17T15:03:08.951724+00:00,3,0,True,True
608535153,2026-08-17T15:03:08.951724+00:00,2,0,True,True
608535154,2026-08-17T15:03:08.951724+00:00,0,0,True,True
608535155,2026-08-17T15:03:08.951724+00:00,1,0,True,True
608535156,2026-08-17T15:03:08.951724+00:00,3,0,True,True
608535157,2026-08-17T15:03:08.951724+00:00,3,0,True,True
608535158,2026-08-17T15:03:08.951724+00:00,3,0,True,True
608535159,2026-08-17T15:03:08.951724+00:00,0,0,True,True
608535160,2026-08-17T15:03:08.951724+00:00,0,0,True,True
608535162,2026-08-17T15:03:08.951724+00:00,3,0,True,True
608535163,2026-08-17T15:03:08.951724+00:00,3,0,True,True
608535164,2026-08-17T15:03:08.951724+00:00,2,0,True,True
608535165,2026-08-17T15:03:08.951724+00:00,2,0,True,True
608535166,2026-08-17T15:03:08.951724+00:00,3,0,True,True
608535167,2026-08-17T15:03:08.951724+00:00,3,0,True,True
608535168,2026-08-17T15:03:08.951724+00:00,5,0,True,True
608535169,2026-08-17T15:03:08.951724+00:00,9,0,True,True
608535170,2026-08-17T15:03:08.951724+00:00,3,0,True,True
608535171,2026-08-17T15:03:08.951724+00:00,3,0,True,True
608535172,2026-08-17T15:03:08.951724+00:00,6,0,True,True
608535173,2026-08-17T15:03:08.951724+00:00,9,0,True,True
608535174,2026-08-17T15:03:08.951724+00:00,0,0,True,True
608535175,2026-08-17T15:03:08.951724+00:00,0,0,True,True
608535176,2026-08-17T15:03:08.951724+00:00,1,0,True,True
608535178,2026-08-17T15:03:08.951724+00:00,11,0,True,True
608535179,2026-08-17T15:03:08.951724+00:00,7,0,True,True
608535180,2026-08-17T15:03:08.951724+00:00,0,0,True,True
608535181,2026-08-17T15:03:08.951724+00:00,3,0,True,True
608535182,2026-08-17T15:03:08.951724+00:00,3,0,True,True
608535183,2026-08-17T15:03:08.951724+00:00,0,0,True,True
608535184,2026-08-17T15:03:08.951724+00:00,0,0,True,True
608535185,2026-08-17T15:03:08.951724+00:00,5,0,True,True
608535186,2026-08-17T15:03:08.951724+00:00,9,0,True,True
608535187,2026-08-17T15:03:08.951724+00:00,0,0,True,True
608535188,2026-08-17T15:03:08.951724+00:00,10,0,True,True
608535189,2026-08-17T15:03:08.951724+00:00,0,0,True,True
608535190,2026-08-17T15:03:08.951724+00:00,6,0,True,True
608535192,2026-08-17T15:03:08.951724+00:00,13,0,True,True
608535193,2026-08-17T15:03:08.951724+00:00,8,0,True,True
608535194,2026-08-17T15:03:08.951724+00:00,1,0,True,True
608535195,2026-08-17T15:03:08.951724+00:00,2,0,True,True
608535196,2026-08-17T15:03:08.951724+00:00,4,0,True,True
608535197,2026-08-17T15:03:08.951724+00:00,0,0,True,True
608535198,2026-08-17T15:03:08.951724+00:00,0,0,True,True
608535199,2026-08-17T15:03:08.951724+00:00,7,0,True,True
608535200,2026-08-17T15:03:08.951724+00:00,2,0,True,True
608535201,2026-08-17T15:03:08.951724+00:00,2,0,True,True
608535202,2026-08-17T15:03:08.951724+00:00,8,0,True,True
608535203,2026-08-17T15:03:08.951724+00:00,9,0,True,True
608535204,2026-08-17T15:03:08.951724+00:00,3,0,True,True
608535205,2026-08-17T15:03:08.951724+00:00,8,0,True,True
608535206,2026-08-17T15:03:08.951724+00:00,7,0,True,True
608535207,2026-08-17T15:03:08.951724+00:00,4,0,True,True
608535208,2026-08-17T15:03:08.951724+00:00,5,0,True,True
608535209,2026-08-17T15:03:08.951724+00:00,0,0,True,True
608535210,2026-08-17T15:03:08.951724+00:00,9,0,True,True
608535211,2026-08-17T15:03:08.951724+00:00,4,0,True,True
608535212,2026-08-17T15:03:08.951724+00:00,3,0,True,True
608535213,2026-08-17T15:03:08.951724+00:00,11,0,True,True
608535214,2026-08-17T15:03:08.951724+00:00,3,0,True,True
608535215,2026-08-17T15:03:08.951724+00:00,2,0,True,True
608535216,2026-08-17T15:03:08.951724+00:00,8,0,True,True
608535217,2026-08-17T15:03:08.951724+00:00,6,0,True,True
608535218,2026-08-17T15:03:08.951724+00:00,9,0,True,True
608535219,2026-08-17T15:03:08.951724+00:00,0,0,True,True
608535220,2026-08-17T15:03:08.951724+00:00,3,0,True,True
608535221,2026-08-17T15:03:08.951724+00:00,2,0,True,True
608535222,2026-08-17T15:03:08.951724+00:00,6,0,True,True
608535223,2026-08-17T15:03:08.951724+00:00,10,0,True,True
608535224,2026-08-17T15:03:08.951724+00:00,3,0,True,True
608535225,2026-08-17T15:03:08.951724+00:00,4,0,True,True
608535226,2026-08-17T15:03:08.951724+00:00,1,0,True,True
608535227,2026-08-17T15:03:08.951724+00:00,0,0,True,True
608535228,2026-08-17T15:03:08.951724+00:00,10,0,True,True
608535229,2026-08-17T15:03:08.951724+00:00,13,0,True,True
608535230,2026-08-17T15:03:08.951724+00:00,3,0,True,True
608535231,2026-08-17T15:03:08.951724+00:00,3,0,True,True
608535232,2026-08-17T15:03:08.951724+00:00,5,0,True,True
608535234,2026-08-17T15:03:08.951724+00:00,13,0,True,True
608535235,2026-08-17T15:03:08.951724+00:00,9,0,True,True
608535236,2026-08-17T15:03:08.951724+00:00,5,0,True,True
608535237,2026-08-17T15:03:08.951724+00:00,5,0,True,True
608535238,2026-08-17T15:03:08.951724+00:00,4,0,True,True
608535239,2026-08-17T15:03:08.951724+00:00,6,0,True,True
608535240,2026-08-17T15:03:08.951724+00:00,3,0,True,True
608535241,2026-08-17T15:03:08.951724+00:00,2,0,True,True
608535242,2026-08-17T15:03:08.951724+00:00,11,0,True,True
608535243,2026-08-17T15:03:08.951724+00:00,7,0,True,True
608535244,2026-08-17T15:03:08.951724+00:00,1,0,True,True
608535245,2026-08-17T15:03:08.951724+00:00,9,0,True,True
608535246,2026-08-17T15:03:08.951724+00:00,4,0,True,True
608535247,2026-08-17T15:03:08.951724+00:00,4,0,True,True
608535248,2026-08-17T15:03:08.951724+00:00,6,0,True,True
608535249,2026-08-17T15:03:08.951724+00:00,6,0,True,True
608535250,2026-08-17T15:03:08.951724+00:00,4,0,True,True
608535251,2026-08-17T15:03:08.951724+00:00,8,0,True,True
608535252,2026-08-17T15:03:08.951724+00:00,5,0,True,True
608535254,2026-08-17T15:03:08.951724+00:00,3,0,True,True
608535255,2026-08-17T15:03:08.951724+00:00,4,0,True,True
613312171,2026-08-17T15:03:08.951724+00:00,11,0,True,True
613312172,2026-08-17T15:03:08.951724+00:00,1,0,True,True
613312173,2026-08-17T15:03:08.951724+00:00,8,0,True,True
613312174,2026-08-17T15:03:08.951724+00:00,2,0,True,True
613312175,2026-08-17T15:03:08.951724+00:00,5,0,True,True
613312176,2026-08-17T15:03:08.951724+00:00,11,0,True,True
613312177,2026-08-17T15:03:08.951724+00:00,1,0,True,True
613312179,2026-08-17T15:03:08.951724+00:00,11,0,True,True
613312180,2026-08-17T15:03:08.951724+00:00,3,0,True,True
613312181,2026-08-17T15:03:08.951724+00:00,17,0,True,True
613312182,2026-08-17T15:03:08.951724+00:00,7,0,True,True
613312183,2026-08-17T15:03:08.951724+00:00,11,0,True,True
613312184,2026-08-17T15:03:08.951724+00:00,1,0,True,True
613312185,2026-08-17T15:03:08.951724+00:00,3,0,True,True
613312186,2026-08-17T15:03:08.951724+00:00,1,0,True,True
613312187,2026-08-17T15:03:08.951724+00:00,0,0,True,True
613312188,2026-08-17T15:03:08.951724+00:00,0,0,True,True
613312189,2026-08-17T15:03:08.951724+00:00,0,0,True,True
613312190,2026-08-17T15:03:08.951724+00:00,1,0,True,True
613312191,2026-08-17T15:03:08.951724+00:00,5,0,True,True
613312192,2026-08-17T15:03:08.951724+00:00,0,0,True,True
613312193,2026-08-17T15:03:08.951724+00:00,0,0,True,True
613312194,2026-08-17T15:03:08.951724+00:00,1,0,True,True
613312195,2026-08-17T15:03:08.951724+00:00,2,0,True,True
613312196,2026-08-17T15:03:08.951724+00:00,5,0,True,True
613312197,2026-08-17T15:03:08.951724+00:00,2,0,True,True
613312198,2026-08-17T15:03:08.951724+00:00,8,0,True,True
613312199,2026-08-17T15:03:08.951724+00:00,4,0,True,True
613312200,2026-08-17T15:03:08.951724+00:00,7,0,True,True
613312201,2026-08-17T15:03:08.951724+00:00,1,0,True,True
613312202,2026-08-17T15:03:08.951724+00:00,10,0,True,True
613312203,2026-08-17T15:03:08.951724+00:00,1,0,True,True
613312204,2026-08-17T15:03:08.951724+00:00,2,0,True,True
613312205,2026-08-17T15:03:08.951724+00:00,10,0,True,True
613312206,2026-08-17T15:03:08.951724+00:00,4,0,True,True
613312207,2026-08-17T15:03:08.951724+00:00,3,0,True,True
613312208,2026-08-17T15:03:08.951724+00:00,9,0,True,True
613312209,2026-08-17T15:03:08.951724+00:00,6,0,True,True
613312210,2026-08-17T15:03:08.951724+00:00,2,0,True,True
613312211,2026-08-17T15:03:08.951724+00:00,3,0,True,True
613312212,2026-08-17T15:03:08.951724+00:00,5,0,True,True
613312213,2026-08-17T15:03:08.951724+00:00,2,0,True,True
613312214,2026-08-17T15:03:08.951724+00:00,4,0,True,True
613312215,2026-08-17T15:03:08.951724+00:00,6,0,True,True
613312216,2026-08-17T15:03:08.951724+00:00,4,0,True,True
613312217,2026-08-17T15:03:08.951724+00:00,1,0,True,True
613312218,2026-08-17T15:03:08.951724+00:00,6,0,True,True
613312219,2026-08-17T15:03:08.951724+00:00,2,0,True,True
613312220,2026-08-17T15:03:08.951724+00:00,1,0,True,True
613312221,2026-08-17T15:03:08.951724+00:00,10,0,True,True
613312222,2026-08-17T15:03:08.951724+00:00,10,0,True,True
613312223,2026-08-17T15:03:08.951724+00:00,1,0,True,True
613312224,2026-08-17T15:03:08.951724+00:00,6,0,True,True
613312225,2026-08-17T15:03:08.951724+00:00,11,0,True,True
613312226,2026-08-17T15:03:08.951724+00:00,4,0,True,True
613312227,2026-08-17T15:03:08.951724+00:00,5,0,True,True
613312228,2026-08-17T15:03:08.951724+00:00,4,0,True,True
613312229,2026-08-17T15:03:08.951724+00:00,9,0,True,True
613312230,2026-08-17T15:03:08.951724+00:00,1,0,True,True
613312231,2026-08-17T15:03:08.951724+00:00,5,0,True,True
613312233,2026-08-17T15:03:08.951724+00:00,1,0,True,True
613312234,2026-08-17T15:03:08.951724+00:00,2,0,True,True
613312236,2026-08-17T15:03:08.951724+00:00,6,0,True,True
613312237,2026-08-17T15:03:08.951724+00:00,10,0,True,True
613312238,2026-08-17T15:03:08.951724+00:00,1,0,True,True
613312239,2026-08-17T15:03:08.951724+00:00,1,0,True,True
613312240,2026-08-17T15:03:08.951724+00:00,3,0,True,True
613312241,2026-08-17T15:03:08.951724+00:00,2,0,True,True
613312242,2026-08-17T15:03:08.951724+00:00,5,0,True,True
613312243,2026-08-17T15:03:08.951724+00:00,2,0,True,True
613312244,2026-08-17T15:03:08.951724+00:00,7,0,True,True
613312245,2026-08-17T15:03:08.951724+00:00,1,0,True,True
613312246,2026-08-17T15:03:08.951724+00:00,6,0,True,True
613312247,2026-08-17T15:03:08.951724+00:00,2,0,True,True
613312248,2026-08-17T15:03:08.951724+00:00,5,0,True,True
613312249,2026-08-17T15:03:08.951724+00:00,8,0,True,True
613312250,2026-08-17T15:03:08.951724+00:00,10,0,True,True
613312251,2026-08-17T15:03:08.951724+00:00,7,0,True,True
613312252,2026-08-17T15:03:08.951724+00:00,4,0,True,True
613312253,2026-08-17T15:03:08.951724+00:00,2,0,True,True
613312254,2026-08-17T15:03:08.951724+00:00,7,0,True,True
613312255,2026-08-17T15:03:08.951724+00:00,2,0,True,True
613312256,2026-08-17T15:03:08.951724+00:00,10,0,True,True
613312257,2026-08-17T15:03:08.951724+00:00,6,0,True,True
613312258,2026-08-17T15:03:08.951724+00:00,8,0,True,True
613312259,2026-08-17T15:03:08.951724+00:00,7,0,True,True
613312260,2026-08-17T15:03:08.951724+00:00,0,0,True,True
613312261,2026-08-17T15:03:08.951724+00:00,0,0,True,True
613312262,2026-08-17T15:03:08.951724+00:00,0,0,True,True
613312263,2026-08-17T15:03:08.951724+00:00,4,0,True,True
613312264,2026-08-17T15:03:08.951724+00:00,3,0,True,True
613312265,2026-08-17T15:03:08.951724+00:00,8,0,True,True
613312266,2026-08-17T15:03:08.951724+00:00,4,0,True,True
613312267,2026-08-17T15:03:08.951724+00:00,5,0,True,True
613312268,2026-08-17T15:03:08.951724+00:00,9,0,True,True
613312269,2026-08-17T15:03:08.951724+00:00,12,0,True,True
613312270,2026-08-17T15:03:08.951724+00:00,10,0,True,True
613312271,2026-08-17T15:03:08.951724+00:00,0,0,True,True
613312272,2026-08-17T15:03:08.951724+00:00,5,0,True,True
613312273,2026-08-17T15:03:08.951724+00:00,8,0,True,True
613312274,2026-08-17T15:03:08.951724+00:00,9,0,True,True
613312275,2026-08-17T15:03:08.951724+00:00,16,0,True,True
613312276,2026-08-17T15:03:08.951724+00:00,0,0,True,True
613312277,2026-08-17T15:03:08.951724+00:00,1,0,True,True
613312278,2026-08-17T15:03:08.951724+00:00,3,0,True,True
613312279,2026-08-17T15:03:08.951724+00:00,12,0,True,True
613312281,2026-08-17T15:03:08.951724+00:00,0,0,True,True
613312282,2026-08-17T15:03:08.951724+00:00,2,0,True,True
613312283,2026-08-17T15:03:08.951724+00:00,3,0,True,True
613312284,2026-08-17T15:03:08.951724+00:00,7,0,True,True
613312285,2026-08-17T15:03:08.951724+00:00,3,0,True,True
613312286,2026-08-17T15:03:08.951724+00:00,0,0,True,True
613312287,2026-08-17T15:03:08.951724+00:00,5,0,True,True
613312288,2026-08-17T15:03:08.951724+00:00,4,0,True,True
613312289,2026-08-17T15:03:08.951724+00:00,7,0,True,True
613312290,2026-08-17T15:03:08.951724+00:00,10,0,True,True
613312291,2026-08-17T15:03:08.951724+00:00,5,0,True,True
613312292,2026-08-17T15:03:08.951724+00:00,2,0,True,True
613312293,2026-08-17T15:03:08.951724+00:00,11,0,True,True
613312294,2026-08-17T15:03:08.951724+00:00,11,0,True,True
613312295,2026-08-17T15:03:08.951724+00:00,13,0,True,True
613312296,2026-08-17T15:03:08.951724+00:00,6,0,True,True
613312297,2026-08-17T15:03:08.951724+00:00,5,0,True,True
613312298,2026-08-17T15:03:08.951724+00:00,4,0,True,True
613312299,2026-08-17T15:03:08.951724+00:00,5,0,True,True
613312300,2026-08-17T15:03:08.951724+00:00,15,0,True,True
613312301,2026-08-17T15:03:08.951724+00:00,9,0,True,True
613312302,2026-08-17T15:03:08.951724+00:00,4,0,True,True
613312303,2026-08-17T15:03:08.951724+00:00,9,0,True,True
613312304,2026-08-17T15:03:08.951724+00:00,9,0,True,True
613312305,2026-08-17T15:03:08.951724+00:00,19,0,True,True
613312306,2026-08-17T15:03:08.951724+00:00,12,0,True,True
613312307,2026-08-17T15:03:08.951724+00:00,8,0,True,True
613312308,2026-08-17T15:03:08.951724+00:00,5,0,True,True
613312309,2026-08-17T15:03:08.951724+00:00,8,0,True,True
613312310,2026-08-17T15:03:08.951724+00:00,6,0,True,True
613312311,2026-08-17T15:03:08.951724+00:00,16,0,True,True
613312312,2026-08-17T15:03:08.951724+00:00,18,0,True,True
613312313,2026-08-17T15:03:08.951724+00:00,5,0,True,True
613312314,2026-08-17T15:03:08.951724+00:00,9,0,True,True
613312315,2026-08-17T15:03:08.951724+00:00,7,0,True,True
613510037,2026-08-17T15:03:08.951724+00:00,0,0,True,True
624056982,2026-08-17T15:03:08.951724+00:00,5,0,True,True
624057057,2026-08-17T15:03:08.951724+00:00,3,0,True,True
631244273,2026-08-17T15:03:08.951724+00:00,1,0,True,True
631244274,2026-08-17T15:03:08.951724+00:00,2,0,True,True
631244275,2026-08-17T15:03:08.951724+00:00,2,0,True,True
631244276,2026-08-17T15:03:08.951724+00:00,9,0,True,True
631244277,2026-08-17T15:03:08.951724+00:00,2,0,True,True
631244278,2026-08-17T15:03:08.951724+00:00,0,0,True,True
631244280,2026-08-17T15:03:08.951724+00:00,7,0,True,True
631244281,2026-08-17T15:03:08.951724+00:00,5,0,True,True
631244286,2026-08-17T15:03:08.951724+00:00,3,0,True,True
631244287,2026-08-17T15:03:08.951724+00:00,7,0,True,True
631244288,2026-08-17T15:03:08.951724+00:00,10,0,True,True
631244289,2026-08-17T15:03:08.951724+00:00,1,0,True,True
631244290,2026-08-17T15:03:08.951724+00:00,2,0,True,True
631244291,2026-08-17T15:03:08.951724+00:00,1,0,True,True
631244292,2026-08-17T15:03:08.951724+00:00,4,0,True,True
631244293,2026-08-17T15:03:08.951724+00:00,2,0,True,True
631244294,2026-08-17T15:03:08.951724+00:00,4,0,True,True
631244295,2026-08-17T15:03:08.951724+00:00,2,0,True,True
631244297,2026-08-17T15:03:08.951724+00:00,4,0,True,True
631244302,2026-08-17T15:03:08.951724+00:00,8,0,True,True
631244303,2026-08-17T15:03:08.951724+00:00,5,0,True,True
631244304,2026-08-17T15:03:08.951724+00:00,4,0,True,True
631244306,2026-08-17T15:03:08.951724+00:00,2,0,True,True
631244308,2026-08-17T15:03:08.951724+00:00,16,0,True,True
631244309,2026-08-17T15:03:08.951724+00:00,11,0,True,True
631244311,2026-08-17T15:03:08.951724+00:00,6,0,True,True
631244312,2026-08-17T15:03:08.951724+00:00,0,0,True,True
631244313,2026-08-17T15:03:08.951724+00:00,1,0,True,True
631244315,2026-08-17T15:03:08.951724+00:00,6,0,True,True
631244316,2026-08-17T15:03:08.951724+00:00,2,0,True,True
637793642,2026-08-17T15:03:08.951724+00:00,9,0,True,True
637794034,2026-08-17T15:03:08.951724+00:00,2,0,True,True
608535280,2026-08-17T15:41:59.569448+00:00,5,0,True,True
608535281,2026-08-17T15:41:59.569448+00:00,6,0,True,True
608535282,2026-08-17T15:41:59.569448+00:00,6,0,True,True
608535283,2026-08-17T15:41:59.569448+00:00,4,0,True,True
608535284,2026-08-17T15:41:59.569448+00:00,6,0,True,True
608535285,2026-08-17T15:41:59.569448+00:00,2,0,True,True
608535286,2026-08-17T15:41:59.569448+00:00,4,0,True,True
608535287,2026-08-17T15:41:59.569448+00:00,5,0,True,True
608535288,2026-08-17T15:41:59.569448+00:00,2,0,True,True
608535289,2026-08-17T15:41:59.569448+00:00,2,0,True,True
608535290,2026-08-17T15:41:59.569448+00:00,5,0,True,True
608535291,2026-08-17T15:41:59.569448+00:00,7,0,True,True
608535292,2026-08-17T15:41:59.569448+00:00,2,0,True,True
608535293,2026-08-17T15:41:59.569448+00:00,7,0,True,True
608535294,2026-08-17T15:41:59.569448+00:00,5,0,True,True
608535295,2026-08-17T15:41:59.569448+00:00,6,0,True,True
608535296,2026-08-17T15:41:59.569448+00:00,4,0,True,True
608535297,2026-08-17T15:41:59.569448+00:00,7,0,True,True
608535298,2026-08-17T15:41:59.569448+00:00,6,0,True,True
608535299,2026-08-17T15:41:59.569448+00:00,5,0,True,True
608535300,2026-08-17T15:41:59.569448+00:00,7,0,True,True
608535301,2026-08-17T15:41:59.569448+00:00,8,0,True,True
608535302,2026-08-17T15:41:59.569448+00:00,7,0,True,True
608535303,2026-08-17T15:41:59.569448+00:00,6,0,True,True
608535304,2026-08-17T15:41:59.569448+00:00,6,0,True,True
608535305,2026-08-17T15:41:59.569448+00:00,7,0,True,True
608535306,2026-08-17T15:41:59.569448+00:00,2,0,True,True
608535307,2026-08-17T15:41:59.569448+00:00,7,0,True,True
608535308,2026-08-17T15:41:59.569448+00:00,7,0,True,True
608535309,2026-08-17T15:41:59.569448+00:00,3,0,True,True
608535310,2026-08-17T15:41:59.569448+00:00,4,0,True,True
608535311,2026-08-17T15:41:59.569448+00:00,5,0,True,True
608535312,2026-08-17T15:41:59.569448+00:00,4,0,True,True
608535313,2026-08-17T15:41:59.569448+00:00,0,0,True,True
608535314,2026-08-17T15:41:59.569448+00:00,5,0,True,True
608535315,2026-08-17T15:41:59.569448+00:00,8,0,True,True
608535316,2026-08-17T15:41:59.569448+00:00,7,0,True,True
608535317,2026-08-17T15:41:59.569448+00:00,6,0,True,True
608535318,2026-08-17T15:41:59.569448+00:00,12,0,True,True
608535319,2026-08-17T15:41:59.569448+00:00,3,0,True,True
608535320,2026-08-17T15:41:59.569448+00:00,6,0,True,True
608535321,2026-08-17T15:41:59.569448+00:00,3,0,True,True
608535322,2026-08-17T15:41:59.569448+00:00,13,0,True,True
608535323,2026-08-17T15:41:59.569448+00:00,3,0,True,True
608535324,2026-08-17T15:41:59.569448+00:00,3,0,True,True
608535325,2026-08-17T15:41:59.569448+00:00,5,0,True,True
608535326,2026-08-17T15:41:59.569448+00:00,6,0,True,True
608535327,2026-08-17T15:41:59.569448+00:00,8,0,True,True
608535328,2026-08-17T15:41:59.569448+00:00,11,0,True,True
608535329,2026-08-17T15:41:59.569448+00:00,4,0,True,True
608535330,2026-08-17T15:41:59.569448+00:00,6,0,True,True
608535331,2026-08-17T15:41:59.569448+00:00,1,0,True,True
608535332,2026-08-17T15:41:59.569448+00:00,12,0,True,True
608535333,2026-08-17T15:41:59.569448+00:00,5,0,True,True
608535334,2026-08-17T15:41:59.569448+00:00,3,0,True,True
608535335,2026-08-17T15:41:59.569448+00:00,4,0,True,True
608535336,2026-08-17T15:41:59.569448+00:00,7,0,True,True
608535337,2026-08-17T15:41:59.569448+00:00,3,0,True,True
608535338,2026-08-17T15:41:59.569448+00:00,1,0,True,True
608535339,2026-08-17T15:41:59.569448+00:00,6,0,True,True
608535340,2026-08-17T15:41:59.569448+00:00,8,0,True,True
608535341,2026-08-17T15:41:59.569448+00:00,6,0,True,True
608535342,2026-08-17T15:41:59.569448+00:00,3,0,True,True
608535343,2026-08-17T15:41:59.569448+00:00,5,0,True,True
608535344,2026-08-17T15:41:59.569448+00:00,4,0,True,True
608535345,2026-08-17T15:41:59.569448+00:00,8,0,True,True
608535346,2026-08-17T15:41:59.569448+00:00,2,0,True,True
608535256,2026-08-17T15:41:59.569448+00:00,8,0,True,True
608535257,2026-08-17T15:41:59.569448+00:00,5,0,True,True
608535258,2026-08-17T15:41:59.569448+00:00,3,0,True,True
608535259,2026-08-17T15:41:59.569448+00:00,4,0,True,True
608535260,2026-08-17T15:41:59.569448+00:00,16,0,True,True
608535261,2026-08-17T15:41:59.569448+00:00,2,0,True,True
608535262,2026-08-17T15:41:59.569448+00:00,0,0,True,True
608535263,2026-08-17T15:41:59.569448+00:00,3,0,True,True
608535265,2026-08-17T15:41:59.569448+00:00,2,0,True,True
608535266,2026-08-17T15:41:59.569448+00:00,4,0,True,True
608535267,2026-08-17T15:41:59.569448+00:00,4,0,True,True
608535268,2026-08-17T15:41:59.569448+00:00,5,0,True,True
608535270,2026-08-17T15:41:59.569448+00:00,8,0,True,True
608535271,2026-08-17T15:41:59.569448+00:00,5,0,True,True
608535272,2026-08-17T15:41:59.569448+00:00,7,0,True,True
608535273,2026-08-17T15:41:59.569448+00:00,4,0,True,True
608535274,2026-08-17T15:41:59.569448+00:00,3,0,True,True
608535276,2026-08-17T15:41:59.569448+00:00,3,0,True,True
608535277,2026-08-17T15:41:59.569448+00:00,3,0,True,True
608535278,2026-08-17T15:41:59.569448+00:00,3,0,True,True
608535279,2026-08-17T15:41:59.569448+00:00,5,0,True,True
608535378,2026-08-17T15:41:59.569448+00:00,4,0,True,True
608535379,2026-08-17T15:41:59.569448+00:00,7,0,True,True
608535380,2026-08-17T15:41:59.569448+00:00,5,0,True,True
608535381,2026-08-17T15:41:59.569448+00:00,1,0,True,True
608535383,2026-08-17T15:41:59.569448+00:00,7,0,True,True
608535384,2026-08-17T15:41:59.569448+00:00,2,0,True,True
608535385,2026-08-17T15:41:59.569448+00:00,0,0,True,True
608535386,2026-08-17T15:41:59.569448+00:00,13,0,True,True
608535387,2026-08-17T15:41:59.569448+00:00,5,0,True,True
608535388,2026-08-17T15:41:59.569448+00:00,9,0,True,True
608535389,2026-08-17T15:41:59.569448+00:00,8,0,True,True
608535390,2026-08-17T15:41:59.569448+00:00,9,0,True,True
608535391,2026-08-17T15:41:59.569448+00:00,1,0,True,True
608535392,2026-08-17T15:41:59.569448+00:00,5,0,True,True
608535393,2026-08-17T15:41:59.569448+00:00,7,0,True,True
608535394,2026-08-17T15:41:59.569448+00:00,11,0,True,True
608535395,2026-08-17T15:41:59.569448+00:00,22,0,True,True
608535396,2026-08-17T15:41:59.569448+00:00,3,0,True,True
608535440,2026-08-17T15:41:59.569448+00:00,0,0,True,True
608535441,2026-08-17T15:41:59.569448+00:00,1,0,True,True
608535442,2026-08-17T15:41:59.569448+00:00,1,0,True,True
608535443,2026-08-17T15:41:59.569448+00:00,4,0,True,True
608535444,2026-08-17T15:41:59.569448+00:00,13,0,True,True
608535445,2026-08-17T15:41:59.569448+00:00,28,0,True,True
608535446,2026-08-17T15:41:59.569448+00:00,0,0,True,True
608535447,2026-08-17T15:41:59.569448+00:00,2,0,True,True
608535461,2026-08-17T15:41:59.569448+00:00,5,0,True,True
608535462,2026-08-17T15:41:59.569448+00:00,7,0,True,True
608535463,2026-08-17T15:41:59.569448+00:00,6,0,True,True
608535464,2026-08-17T15:41:59.569448+00:00,3,0,True,True
608535491,2026-08-17T15:41:59.569448+00:00,0,0,True,True
608535492,2026-08-17T15:41:59.569448+00:00,1,0,True,True
608535493,2026-08-17T15:41:59.569448+00:00,8,0,True,True
608535494,2026-08-17T15:41:59.569448+00:00,2,0,True,True
608535495,2026-08-17T15:41:59.569448+00:00,1,0,True,True
608535496,2026-08-17T15:41:59.569448+00:00,5,0,True,True
608535497,2026-08-17T15:41:59.569448+00:00,5,0,True,True
608535498,2026-08-17T15:41:59.569448+00:00,12,0,True,True
608535499,2026-08-17T15:41:59.569448+00:00,3,0,True,True
608535500,2026-08-17T15:41:59.569448+00:00,4,0,True,True
608535501,2026-08-17T15:41:59.569448+00:00,1,0,True,True
608535502,2026-08-17T15:41:59.569448+00:00,4,0,True,True
608535503,2026-08-17T15:41:59.569448+00:00,1,0,True,True
608535504,2026-08-17T15:41:59.569448+00:00,4,0,True,True
608535505,2026-08-17T15:41:59.569448+00:00,0,0,True,True
637793366,2026-08-17T15:41:59.569448+00:00,0,0,True,True
608535516,2026-08-17T15:41:59.569448+00:00,7,0,True,True
608535517,2026-08-17T15:41:59.569448+00:00,8,0,True,True
608535518,2026-08-17T15:41:59.569448+00:00,6,0,True,True
608535519,2026-08-17T15:41:59.569448+00:00,5,0,True,True
608535520,2026-08-17T15:41:59.569448+00:00,8,0,True,True
608535521,2026-08-17T15:41:59.569448+00:00,8,0,True,True
608535522,2026-08-17T15:41:59.569448+00:00,5,0,True,True
608535523,2026-08-17T15:41:59.569448+00:00,5,0,True,True
608535524,2026-08-17T15:41:59.569448+00:00,5,0,True,True
608535525,2026-08-17T15:41:59.569448+00:00,3,0,True,True
608535526,2026-08-17T15:41:59.569448+00:00,1,0,True,True
608535527,2026-08-17T15:41:59.569448+00:00,6,0,True,True
608535528,2026-08-17T15:41:59.569448+00:00,5,0,True,True
608535529,2026-08-17T15:41:59.569448+00:00,6,0,True,True
608535530,2026-08-17T15:41:59.569448+00:00,5,0,True,True
608535531,2026-08-17T15:41:59.569448+00:00,4,0,True,True
608535532,2026-08-17T15:41:59.569448+00:00,5,0,True,True
608535533,2026-08-17T15:41:59.569448+00:00,3,0,True,True
608535534,2026-08-17T15:41:59.569448+00:00,3,0,True,True
608535537,2026-08-17T15:41:59.569448+00:00,1,0,True,True
608535398,2026-08-17T15:41:59.569448+00:00,5,0,True,True
608535399,2026-08-17T15:41:59.569448+00:00,1,0,True,True
608535400,2026-08-17T15:41:59.569448+00:00,2,0,True,True
608535402,2026-08-17T15:41:59.569448+00:00,6,0,True,True
608535403,2026-08-17T15:41:59.569448+00:00,4,0,True,True
608535404,2026-08-17T15:41:59.569448+00:00,5,0,True,True
608535405,2026-08-17T15:41:59.569448+00:00,4,0,True,True
608535406,2026-08-17T15:41:59.569448+00:00,9,0,True,True
608535407,2026-08-17T15:41:59.569448+00:00,11,0,True,True
608535408,2026-08-17T15:41:59.569448+00:00,5,0,True,True
608535409,2026-08-17T15:41:59.569448+00:00,6,0,True,True
608535410,2026-08-17T15:41:59.569448+00:00,6,0,True,True
608535411,2026-08-17T15:41:59.569448+00:00,8,0,True,True
608535412,2026-08-17T15:41:59.569448+00:00,8,0,True,True
608535413,2026-08-17T15:41:59.569448+00:00,5,0,True,True
608535414,2026-08-17T15:41:59.569448+00:00,7,0,True,True
608535415,2026-08-17T15:41:59.569448+00:00,4,0,True,True
608535416,2026-08-17T15:41:59.569448+00:00,8,0,True,True
608535417,2026-08-17T15:41:59.569448+00:00,9,0,True,True
608535418,2026-08-17T15:41:59.569448+00:00,12,0,True,True
608535419,2026-08-17T15:41:59.569448+00:00,9,0,True,True
608535420,2026-08-17T15:41:59.569448+00:00,10,0,True,True
608535421,2026-08-17T15:41:59.569448+00:00,9,0,True,True
608535422,2026-08-17T15:41:59.569448+00:00,6,0,True,True
608535423,2026-08-17T15:41:59.569448+00:00,6,0,True,True
608535424,2026-08-17T15:41:59.569448+00:00,6,0,True,True
608535425,2026-08-17T15:41:59.569448+00:00,3,0,True,True
608535426,2026-08-17T15:41:59.569448+00:00,3,0,True,True
608535427,2026-08-17T15:41:59.569448+00:00,3,0,True,True
608535428,2026-08-17T15:41:59.569448+00:00,8,0,True,True
608535429,2026-08-17T15:41:59.569448+00:00,3,0,True,True
608535430,2026-08-17T15:41:59.569448+00:00,5,0,True,True
608535431,2026-08-17T15:41:59.569448+00:00,1,0,True,True
608535438,2026-08-17T15:41:59.569448+00:00,1,0,True,True
608535439,2026-08-17T15:41:59.569448+00:00,6,0,True,True
608535432,2026-08-17T15:41:59.569448+00:00,5,0,True,True
608535433,2026-08-17T15:41:59.569448+00:00,2,0,True,True
608535434,2026-08-17T15:41:59.569448+00:00,2,0,True,True
608535435,2026-08-17T15:41:59.569448+00:00,0,0,True,True
608535436,2026-08-17T15:41:59.569448+00:00,3,0,True,True
608535437,2026-08-17T15:41:59.569448+00:00,6,0,True,True
608535448,2026-08-17T15:41:59.569448+00:00,7,0,True,True
608535449,2026-08-17T15:41:59.569448+00:00,5,0,True,True
608535450,2026-08-17T15:41:59.569448+00:00,4,0,True,True
608535451,2026-08-17T15:41:59.569448+00:00,4,0,True,True
608535483,2026-08-17T15:41:59.569448+00:00,0,0,True,True
608535484,2026-08-17T15:41:59.569448+00:00,4,0,True,True
608535485,2026-08-17T15:41:59.569448+00:00,4,0,True,True
608535486,2026-08-17T15:41:59.569448+00:00,1,0,True,True
608535487,2026-08-17T15:41:59.569448+00:00,12,0,True,True
608535488,2026-08-17T15:41:59.569448+00:00,5,0,True,True
608535489,2026-08-17T15:41:59.569448+00:00,3,0,True,True
608535490,2026-08-17T15:41:59.569448+00:00,13,0,True,True
608535452,2026-08-17T15:41:59.569448+00:00,5,0,True,True
608535453,2026-08-17T15:41:59.569448+00:00,1,0,True,True
608535454,2026-08-17T15:41:59.569448+00:00,4,0,True,True
608535455,2026-08-17T15:41:59.569448+00:00,4,0,True,True
608535456,2026-08-17T15:41:59.569448+00:00,5,0,True,True
608535457,2026-08-17T15:41:59.569448+00:00,6,0,True,True
608535458,2026-08-17T15:41:59.569448+00:00,18,0,True,True
608535459,2026-08-17T15:41:59.569448+00:00,9,0,True,True
608535460,2026-08-17T15:41:59.569448+00:00,4,0,True,True
608535465,2026-08-17T15:41:59.569448+00:00,6,0,True,True
608535466,2026-08-17T15:41:59.569448+00:00,2,0,True,True
608535467,2026-08-17T15:41:59.569448+00:00,2,0,True,True
608535468,2026-08-17T15:41:59.569448+00:00,4,0,True,True
608535469,2026-08-17T15:41:59.569448+00:00,4,0,True,True
608535470,2026-08-17T15:41:59.569448+00:00,4,0,True,True
608535471,2026-08-17T15:41:59.569448+00:00,1,0,True,True
608535473,2026-08-17T15:41:59.569448+00:00,4,0,True,True
608535474,2026-08-17T15:41:59.569448+00:00,5,0,True,True
608535475,2026-08-17T15:41:59.569448+00:00,5,0,True,True
608535476,2026-08-17T15:41:59.569448+00:00,10,0,True,True
608535477,2026-08-17T15:41:59.569448+00:00,7,0,True,True
608535478,2026-08-17T15:41:59.569448+00:00,7,0,True,True
608535479,2026-08-17T15:41:59.569448+00:00,3,0,True,True
608535480,2026-08-17T15:41:59.569448+00:00,0,0,True,True
608535481,2026-08-17T15:41:59.569448+00:00,4,0,True,True
608535482,2026-08-17T15:41:59.569448+00:00,3,0,True,True
608535507,2026-08-17T15:41:59.569448+00:00,1,0,True,True
608535508,2026-08-17T15:41:59.569448+00:00,3,0,True,True
608535509,2026-08-17T15:41:59.569448+00:00,3,0,True,True
608535510,2026-08-17T15:41:59.569448+00:00,2,0,True,True
608535511,2026-08-17T15:41:59.569448+00:00,1,0,True,True
608535512,2026-08-17T15:41:59.569448+00:00,4,0,True,True
608535513,2026-08-17T15:41:59.569448+00:00,4,0,True,True
608535514,2026-08-17T15:41:59.569448+00:00,4,0,True,True
608535515,2026-08-17T15:41:59.569448+00:00,9,0,True,True
608535347,2026-08-17T15:41:59.569448+00:00,3,0,True,True
608535348,2026-08-17T15:41:59.569448+00:00,7,0,True,True
608535349,2026-08-17T15:41:59.569448+00:00,8,0,True,True
608535350,2026-08-17T15:41:59.569448+00:00,7,0,True,True
608535351,2026-08-17T15:41:59.569448+00:00,1,0,True,True
608535352,2026-08-17T15:41:59.569448+00:00,1,0,True,True
608535353,2026-08-17T15:41:59.569448+00:00,4,0,True,True
608535354,2026-08-17T15:41:59.569448+00:00,8,0,True,True
608535538,2026-08-17T15:41:59.569448+00:00,5,0,True,True
608535539,2026-08-17T15:41:59.569448+00:00,13,0,True,True
608535540,2026-08-17T15:41:59.569448+00:00,5,0,True,True
608535355,2026-08-17T15:41:59.569448+00:00,6,0,True,True
608535356,2026-08-17T15:41:59.569448+00:00,4,0,True,True
608535357,2026-08-17T15:41:59.569448+00:00,5,0,True,True
608535358,2026-08-17T15:41:59.569448+00:00,8,0,True,True
608535359,2026-08-17T15:41:59.569448+00:00,2,0,True,True
608535360,2026-08-17T15:41:59.569448+00:00,3,0,True,True
608535361,2026-08-17T15:41:59.569448+00:00,3,0,True,True
608535362,2026-08-17T15:41:59.569448+00:00,1,0,True,True
608535363,2026-08-17T15:41:59.569448+00:00,1,0,True,True
608535364,2026-08-17T15:41:59.569448+00:00,5,0,True,True
608535365,2026-08-17T15:41:59.569448+00:00,2,0,True,True
608535366,2026-08-17T15:41:59.569448+00:00,2,0,True,True
608535367,2026-08-17T15:41:59.569448+00:00,5,0,True,True
608535368,2026-08-17T15:41:59.569448+00:00,2,0,True,True
608535369,2026-08-17T15:41:59.569448+00:00,1,0,True,True
608535370,2026-08-17T15:41:59.569448+00:00,2,0,True,True
608535371,2026-08-17T15:41:59.569448+00:00,7,0,True,True
608535372,2026-08-17T15:41:59.569448+00:00,4,0,True,True
608535373,2026-08-17T15:41:59.569448+00:00,6,0,True,True
608535375,2026-08-17T15:41:59.569448+00:00,4,0,True,True
608535376,2026-08-17T15:41:59.569448+00:00,7,0,True,True
606857330,2026-08-17T15:41:59.569448+00:00,7,0,True,True
608534898,2026-08-17T15:41:59.569448+00:00,8,0,True,True
608534899,2026-08-17T15:41:59.569448+00:00,1,0,True,True
608534900,2026-08-17T15:41:59.569448+00:00,9,0,True,True
608534901,2026-08-17T15:41:59.569448+00:00,1,0,True,True
608534902,2026-08-17T15:41:59.569448+00:00,16,0,True,True
608534903,2026-08-17T15:41:59.569448+00:00,9,0,True,True
608534904,2026-08-17T15:41:59.569448+00:00,7,0,True,True
608534905,2026-08-17T15:41:59.569448+00:00,0,0,True,True
608534906,2026-08-17T15:41:59.569448+00:00,2,4,True,True
608534907,2026-08-17T15:41:59.569448+00:00,19,0,True,True
608534908,2026-08-17T15:41:59.569448+00:00,3,0,True,True
608534909,2026-08-17T15:41:59.569448+00:00,6,0,True,True
608534910,2026-08-17T15:41:59.569448+00:00,5,0,True,True
608534912,2026-08-17T15:41:59.569448+00:00,1,0,True,True
608534913,2026-08-17T15:41:59.569448+00:00,1,0,True,True
608534914,2026-08-17T15:41:59.569448+00:00,6,0,True,True
608534915,2026-08-17T15:41:59.569448+00:00,5,0,True,True
608534916,2026-08-17T15:41:59.569448+00:00,6,0,True,True
608534917,2026-08-17T15:41:59.569448+00:00,3,0,True,True
608534918,2026-08-17T15:41:59.569448+00:00,5,0,True,True
608534919,2026-08-17T15:41:59.569448+00:00,0,0,True,True
608534920,2026-08-17T15:41:59.569448+00:00,9,0,True,True
608534921,2026-08-17T15:41:59.569448+00:00,15,0,True,True
608534922,2026-08-17T15:41:59.569448+00:00,5,0,True,True
608534923,2026-08-17T15:41:59.569448+00:00,7,0,True,True
608534924,2026-08-17T15:41:59.569448+00:00,8,0,True,True
608534925,2026-08-17T15:41:59.569448+00:00,4,0,True,True
608534926,2026-08-17T15:41:59.569448+00:00,4,0,True,True
608534927,2026-08-17T15:41:59.569448+00:00,2,0,True,True
608534928,2026-08-17T15:41:59.569448+00:00,3,0,True,True
608534930,2026-08-17T15:41:59.569448+00:00,7,0,True,True
608534931,2026-08-17T15:41:59.569448+00:00,5,0,True,True
608534932,2026-08-17T15:41:59.569448+00:00,1,0,True,True
608534933,2026-08-17T15:41:59.569448+00:00,3,0,True,True
608534934,2026-08-17T15:41:59.569448+00:00,5,0,False,False
608534936,2026-08-17T15:41:59.569448+00:00,3,0,True,True
608534937,2026-08-17T15:41:59.569448+00:00,3,0,True,True
608534939,2026-08-17T15:41:59.569448+00:00,7,0,True,True
608534940,2026-08-17T15:41:59.569448+00:00,1,0,True,True
608534942,2026-08-17T15:41:59.569448+00:00,14,0,True,True
608534943,2026-08-17T15:41:59.569448+00:00,5,0,True,True
608534944,2026-08-17T15:41:59.569448+00:00,1,0,True,True
608534945,2026-08-17T15:41:59.569448+00:00,6,0,True,True
608534946,2026-08-17T15:41:59.569448+00:00,8,0,True,True
608534947,2026-08-17T15:41:59.569448+00:00,15,0,True,True
608534948,2026-08-17T15:41:59.569448+00:00,4,0,True,True
608534950,2026-08-17T15:41:59.569448+00:00,15,0,True,True
608534952,2026-08-17T15:41:59.569448+00:00,4,0,True,True
608534953,2026-08-17T15:41:59.569448+00:00,5,0,True,True
608534954,2026-08-17T15:41:59.569448+00:00,3,0,True,True
608534955,2026-08-17T15:41:59.569448+00:00,8,0,True,True
608534956,2026-08-17T15:41:59.569448+00:00,6,0,True,True
608534957,2026-08-17T15:41:59.569448+00:00,3,0,True,True
608534958,2026-08-17T15:41:59.569448+00:00,2,0,True,True
608534959,2026-08-17T15:41:59.569448+00:00,4,4,True,True
608534960,2026-08-17T15:41:59.569448+00:00,5,0,True,True
608534961,2026-08-17T15:41:59.569448+00:00,1,0,True,True
608534962,2026-08-17T15:41:59.569448+00:00,2,0,True,True
608534963,2026-08-17T15:41:59.569448+00:00,8,0,True,True
608534964,2026-08-17T15:41:59.569448+00:00,6,0,True,True
608534965,2026-08-17T15:41:59.569448+00:00,0,0,True,True
608534967,2026-08-17T15:41:59.569448+00:00,2,0,True,True
608534968,2026-08-17T15:41:59.569448+00:00,12,0,True,True
608534969,2026-08-17T15:41:59.569448+00:00,4,0,True,True
608534970,2026-08-17T15:41:59.569448+00:00,1,0,True,True
608534971,2026-08-17T15:41:59.569448+00:00,3,0,True,True
608534973,2026-08-17T15:41:59.569448+00:00,0,0,True,True
608534974,2026-08-17T15:41:59.569448+00:00,11,0,True,True
608534975,2026-08-17T15:41:59.569448+00:00,2,0,True,True
608534977,2026-08-17T15:41:59.569448+00:00,0,0,True,True
608534978,2026-08-17T15:41:59.569448+00:00,2,0,True,True
608534979,2026-08-17T15:41:59.569448+00:00,0,0,True,True
608534980,2026-08-17T15:41:59.569448+00:00,0,0,True,True
608534981,2026-08-17T15:41:59.569448+00:00,0,0,True,True
608534982,2026-08-17T15:41:59.569448+00:00,0,0,True,True
608534983,2026-08-17T15:41:59.569448+00:00,1,0,True,True
608534984,2026-08-17T15:41:59.569448+00:00,0,0,True,True
608534985,2026-08-17T15:41:59.569448+00:00,2,0,True,True
608534986,2026-08-17T15:41:59.569448+00:00,0,0,True,True
608534987,2026-08-17T15:41:59.569448+00:00,2,0,True,True
608534988,2026-08-17T15:41:59.569448+00:00,1,0,True,True
608534990,2026-08-17T15:41:59.569448+00:00,2,0,True,True
608534991,2026-08-17T15:41:59.569448+00:00,0,0,True,True
608534992,2026-08-17T15:41:59.569448+00:00,2,0,True,True
608534993,2026-08-17T15:41:59.569448+00:00,1,0,True,True
608534994,2026-08-17T15:41:59.569448+00:00,1,0,True,True
608534995,2026-08-17T15:41:59.569448+00:00,12,0,True,True
608534996,2026-08-17T15:41:59.569448+00:00,0,0,True,True
608534998,2026-08-17T15:41:59.569448+00:00,0,0,True,True
608534999,2026-08-17T15:41:59.569448+00:00,0,0,True,True
608535000,2026-08-17T15:41:59.569448+00:00,4,0,True,True
608535001,2026-08-17T15:41:59.569448+00:00,1,0,True,True
608535002,2026-08-17T15:41:59.569448+00:00,0,0,True,True
608535003,2026-08-17T15:41:59.569448+00:00,1,0,True,True
608535004,2026-08-17T15:41:59.569448+00:00,0,0,True,True
608535005,2026-08-17T15:41:59.569448+00:00,5,0,True,True
608535006,2026-08-17T15:41:59.569448+00:00,0,0,True,True
608535007,2026-08-17T15:41:59.569448+00:00,0,0,True,True
608535008,2026-08-17T15:41:59.569448+00:00,0,0,True,True
608535009,2026-08-17T15:41:59.569448+00:00,0,0,True,True
608535010,2026-08-17T15:41:59.569448+00:00,2,0,True,True
608535011,2026-08-17T15:41:59.569448+00:00,0,0,True,True
608535012,2026-08-17T15:41:59.569448+00:00,1,0,True,True
608535013,2026-08-17T15:41:59.569448+00:00,0,0,True,True
608535014,2026-08-17T15:41:59.569448+00:00,7,0,True,True
608535015,2026-08-17T15:41:59.569448+00:00,2,0,True,True
608535016,2026-08-17T15:41:59.569448+00:00,3,0,True,True
608535017,2026-08-17T15:41:59.569448+00:00,9,0,True,True
608535018,2026-08-17T15:41:59.569448+00:00,4,0,True,True
608535019,2026-08-17T15:41:59.569448+00:00,3,0,True,True
608535020,2026-08-17T15:41:59.569448+00:00,2,0,True,True
608535021,2026-08-17T15:41:59.569448+00:00,2,0,True,True
608535022,2026-08-17T15:41:59.569448+00:00,3,0,True,True
608535023,2026-08-17T15:41:59.569448+00:00,1,0,True,True
608535024,2026-08-17T15:41:59.569448+00:00,1,0,True,True
608535025,2026-08-17T15:41:59.569448+00:00,2,0,True,True
608535026,2026-08-17T15:41:59.569448+00:00,2,0,True,True
608535027,2026-08-17T15:41:59.569448+00:00,5,0,True,True
608535028,2026-08-17T15:41:59.569448+00:00,7,0,True,True
608535029,2026-08-17T15:41:59.569448+00:00,6,0,True,True
608535030,2026-08-17T15:41:59.569448+00:00,0,0,True,True
608535031,2026-08-17T15:41:59.569448+00:00,12,0,True,True
608535032,2026-08-17T15:41:59.569448+00:00,4,0,True,True
608535033,2026-08-17T15:41:59.569448+00:00,7,0,True,True
608535034,2026-08-17T15:41:59.569448+00:00,4,0,True,True
608535036,2026-08-17T15:41:59.569448+00:00,7,0,True,True
608535037,2026-08-17T15:41:59.569448+00:00,8,0,True,True
608535038,2026-08-17T15:41:59.569448+00:00,3,0,True,True
608535039,2026-08-17T15:41:59.569448+00:00,6,0,True,True
608535040,2026-08-17T15:41:59.569448+00:00,4,0,True,True
608535041,2026-08-17T15:41:59.569448+00:00,7,0,True,True
608535042,2026-08-17T15:41:59.569448+00:00,9,0,True,True
608535043,2026-08-17T15:41:59.569448+00:00,4,0,True,True
608535044,2026-08-17T15:41:59.569448+00:00,4,0,True,True
608535045,2026-08-17T15:41:59.569448+00:00,7,0,True,True
608535046,2026-08-17T15:41:59.569448+00:00,8,0,True,True
608535047,2026-08-17T15:41:59.569448+00:00,6,0,True,True
608535048,2026-08-17T15:41:59.569448+00:00,16,0,True,True
608535049,2026-08-17T15:41:59.569448+00:00,9,0,True,True
608535050,2026-08-17T15:41:59.569448+00:00,7,0,True,True
608535051,2026-08-17T15:41:59.569448+00:00,11,0,True,True
608535052,2026-08-17T15:41:59.569448+00:00,10,0,True,True
608535053,2026-08-17T15:41:59.569448+00:00,4,0,True,True
608535054,2026-08-17T15:41:59.569448+00:00,4,0,True,True
608535055,2026-08-17T15:41:59.569448+00:00,6,0,True,True
608535057,2026-08-17T15:41:59.569448+00:00,10,0,True,True
608535058,2026-08-17T15:41:59.569448+00:00,10,0,True,True
608535059,2026-08-17T15:41:59.569448+00:00,17,0,True,True
608535060,2026-08-17T15:41:59.569448+00:00,16,0,True,True
608535061,2026-08-17T15:41:59.569448+00:00,3,0,True,True
608535062,2026-08-17T15:41:59.569448+00:00,10,0,True,True
608535063,2026-08-17T15:41:59.569448+00:00,4,0,True,True
608535064,2026-08-17T15:41:59.569448+00:00,6,0,True,True
608535065,2026-08-17T15:41:59.569448+00:00,5,0,True,True
608535066,2026-08-17T15:41:59.569448+00:00,11,0,True,True
608535067,2026-08-17T15:41:59.569448+00:00,20,0,True,True
608535068,2026-08-17T15:41:59.569448+00:00,2,0,True,True
608535069,2026-08-17T15:41:59.569448+00:00,5,0,True,True
608535070,2026-08-17T15:41:59.569448+00:00,3,0,True,True
608535071,2026-08-17T15:41:59.569448+00:00,4,0,True,True
608535072,2026-08-17T15:41:59.569448+00:00,4,0,True,True
608535073,2026-08-17T15:41:59.569448+00:00,3,0,True,True
608535074,2026-08-17T15:41:59.569448+00:00,8,0,True,True
608535075,2026-08-17T15:41:59.569448+00:00,5,0,True,True
608535077,2026-08-17T15:41:59.569448+00:00,2,0,True,True
608535078,2026-08-17T15:41:59.569448+00:00,5,0,True,True
608535079,2026-08-17T15:41:59.569448+00:00,3,0,True,True
608535080,2026-08-17T15:41:59.569448+00:00,3,0,True,True
608535081,2026-08-17T15:41:59.569448+00:00,16,0,True,True
608535082,2026-08-17T15:41:59.569448+00:00,5,0,True,True
608535083,2026-08-17T15:41:59.569448+00:00,3,0,True,True
608535084,2026-08-17T15:41:59.569448+00:00,1,0,True,True
608535085,2026-08-17T15:41:59.569448+00:00,5,0,True,True
608535086,2026-08-17T15:41:59.569448+00:00,5,0,True,True
608535087,2026-08-17T15:41:59.569448+00:00,3,0,True,True
608535088,2026-08-17T15:41:59.569448+00:00,1,0,True,True
608535089,2026-08-17T15:41:59.569448+00:00,1,0,True,True
608535090,2026-08-17T15:41:59.569448+00:00,1,0,True,True
608535091,2026-08-17T15:41:59.569448+00:00,0,0,True,True
608535092,2026-08-17T15:41:59.569448+00:00,5,0,True,True
608535093,2026-08-17T15:41:59.569448+00:00,2,0,True,True
608535094,2026-08-17T15:41:59.569448+00:00,12,0,True,True
608535095,2026-08-17T15:41:59.569448+00:00,2,0,True,True
608535096,2026-08-17T15:41:59.569448+00:00,4,0,True,True
608535097,2026-08-17T15:41:59.569448+00:00,2,0,True,True
608535098,2026-08-17T15:41:59.569448+00:00,8,0,True,True
608535099,2026-08-17T15:41:59.569448+00:00,14,0,True,True
608535100,2026-08-17T15:41:59.569448+00:00,7,0,True,True
608535101,2026-08-17T15:41:59.569448+00:00,6,0,True,True
608535102,2026-08-17T15:41:59.569448+00:00,0,0,True,True
608535103,2026-08-17T15:41:59.569448+00:00,11,0,True,True
608535104,2026-08-17T15:41:59.569448+00:00,1,0,True,True
608535105,2026-08-17T15:41:59.569448+00:00,10,0,True,True
608535106,2026-08-17T15:41:59.569448+00:00,2,0,True,True
608535107,2026-08-17T15:41:59.569448+00:00,4,0,True,True
608535108,2026-08-17T15:41:59.569448+00:00,8,0,True,True
608535109,2026-08-17T15:41:59.569448+00:00,8,0,True,True
608535110,2026-08-17T15:41:59.569448+00:00,10,0,True,True
608535111,2026-08-17T15:41:59.569448+00:00,3,0,True,True
608535112,2026-08-17T15:41:59.569448+00:00,4,0,True,True
608535113,2026-08-17T15:41:59.569448+00:00,7,0,True,True
608535114,2026-08-17T15:41:59.569448+00:00,2,0,True,True
608535116,2026-08-17T15:41:59.569448+00:00,2,0,True,True
608535117,2026-08-17T15:41:59.569448+00:00,10,0,True,True
608535118,2026-08-17T15:41:59.569448+00:00,4,0,True,True
608535119,2026-08-17T15:41:59.569448+00:00,0,0,True,True
608535120,2026-08-17T15:41:59.569448+00:00,8,0,True,True
608535121,2026-08-17T15:41:59.569448+00:00,0,0,True,True
608535122,2026-08-17T15:41:59.569448+00:00,3,0,True,True
608535123,2026-08-17T15:41:59.569448+00:00,2,0,True,True
608535124,2026-08-17T15:41:59.569448+00:00,7,0,True,True
608535125,2026-08-17T15:41:59.569448+00:00,0,0,True,True
608535126,2026-08-17T15:41:59.569448+00:00,8,0,True,True
608535127,2026-08-17T15:41:59.569448+00:00,4,0,True,True
608535128,2026-08-17T15:41:59.569448+00:00,1,0,True,True
608535129,2026-08-17T15:41:59.569448+00:00,4,0,True,True
608535130,2026-08-17T15:41:59.569448+00:00,2,0,True,True
608535131,2026-08-17T15:41:59.569448+00:00,7,0,True,True
608535132,2026-08-17T15:41:59.569448+00:00,5,0,True,True
608535133,2026-08-17T15:41:59.569448+00:00,2,0,True,True
608535134,2026-08-17T15:41:59.569448+00:00,3,0,True,True
608535135,2026-08-17T15:41:59.569448+00:00,3,0,True,True
608535136,2026-08-17T15:41:59.569448+00:00,0,0,True,True
608535137,2026-08-17T15:41:59.569448+00:00,1,0,True,True
608535138,2026-08-17T15:41:59.569448+00:00,4,0,True,True
608535139,2026-08-17T15:41:59.569448+00:00,3,0,True,True
608535140,2026-08-17T15:41:59.569448+00:00,3,0,True,True
608535141,2026-08-17T15:41:59.569448+00:00,5,0,True,True
608535142,2026-08-17T15:41:59.569448+00:00,8,0,True,True
608535143,2026-08-17T15:41:59.569448+00:00,1,0,True,True
608535144,2026-08-17T15:41:59.569448+00:00,9,0,True,True
608535145,2026-08-17T15:41:59.569448+00:00,5,0,True,True
608535146,2026-08-17T15:41:59.569448+00:00,3,0,True,True
608535147,2026-08-17T15:41:59.569448+00:00,5,0,True,True
608535148,2026-08-17T15:41:59.569448+00:00,3,0,True,True
608535149,2026-08-17T15:41:59.569448+00:00,3,0,True,True
608535150,2026-08-17T15:41:59.569448+00:00,10,0,True,True
608535151,2026-08-17T15:41:59.569448+00:00,0,0,True,True
608535152,2026-08-17T15:41:59.569448+00:00,3,0,True,True
608535153,2026-08-17T15:41:59.569448+00:00,2,0,True,True
608535154,2026-08-17T15:41:59.569448+00:00,1,0,True,True
608535155,2026-08-17T15:41:59.569448+00:00,1,0,True,True
608535156,2026-08-17T15:41:59.569448+00:00,3,0,True,True
608535157,2026-08-17T15:41:59.569448+00:00,2,0,True,True
608535158,2026-08-17T15:41:59.569448+00:00,3,0,True,True
608535159,2026-08-17T15:41:59.569448+00:00,0,0,True,True
608535160,2026-08-17T15:41:59.569448+00:00,0,0,True,True
608535162,2026-08-17T15:41:59.569448+00:00,3,0,True,True
608535163,2026-08-17T15:41:59.569448+00:00,3,0,True,True
608535164,2026-08-17T15:41:59.569448+00:00,2,0,True,True
608535165,2026-08-17T15:41:59.569448+00:00,2,0,True,True
608535166,2026-08-17T15:41:59.569448+00:00,3,0,True,True
608535167,2026-08-17T15:41:59.569448+00:00,3,0,True,True
608535168,2026-08-17T15:41:59.569448+00:00,4,0,True,True
608535169,2026-08-17T15:41:59.569448+00:00,9,0,True,True
608535170,2026-08-17T15:41:59.569448+00:00,3,0,True,True
608535171,2026-08-17T15:41:59.569448+00:00,3,0,True,True
608535172,2026-08-17T15:41:59.569448+00:00,6,0,True,True
608535173,2026-08-17T15:41:59.569448+00:00,10,0,True,True
608535174,2026-08-17T15:41:59.569448+00:00,0,0,True,True
608535175,2026-08-17T15:41:59.569448+00:00,0,0,True,True
608535176,2026-08-17T15:41:59.569448+00:00,1,0,True,True
608535178,2026-08-17T15:41:59.569448+00:00,10,0,True,True
608535179,2026-08-17T15:41:59.569448+00:00,6,0,True,True
608535180,2026-08-17T15:41:59.569448+00:00,1,0,True,True
608535181,2026-08-17T15:41:59.569448+00:00,3,0,True,True
608535182,2026-08-17T15:41:59.569448+00:00,4,0,True,True
608535183,2026-08-17T15:41:59.569448+00:00,0,0,True,True
608535184,2026-08-17T15:41:59.569448+00:00,0,0,True,True
608535185,2026-08-17T15:41:59.569448+00:00,5,0,True,True
608535186,2026-08-17T15:41:59.569448+00:00,9,0,True,True
608535187,2026-08-17T15:41:59.569448+00:00,2,0,True,True
608535188,2026-08-17T15:41:59.569448+00:00,9,0,True,True
608535189,2026-08-17T15:41:59.569448+00:00,0,0,True,True
608535190,2026-08-17T15:41:59.569448+00:00,6,0,True,True
608535192,2026-08-17T15:41:59.569448+00:00,14,0,True,True
608535193,2026-08-17T15:41:59.569448+00:00,7,0,True,True
608535194,2026-08-17T15:41:59.569448+00:00,2,0,True,True
608535195,2026-08-17T15:41:59.569448+00:00,2,0,True,True
608535196,2026-08-17T15:41:59.569448+00:00,4,0,True,True
608535197,2026-08-17T15:41:59.569448+00:00,0,0,True,True
608535198,2026-08-17T15:41:59.569448+00:00,0,0,True,True
608535199,2026-08-17T15:41:59.569448+00:00,7,0,True,True
608535200,2026-08-17T15:41:59.569448+00:00,0,0,True,True
608535201,2026-08-17T15:41:59.569448+00:00,2,0,True,True
608535202,2026-08-17T15:41:59.569448+00:00,8,0,True,True
608535203,2026-08-17T15:41:59.569448+00:00,9,0,True,True
608535204,2026-08-17T15:41:59.569448+00:00,3,0,True,True
608535205,2026-08-17T15:41:59.569448+00:00,7,0,True,True
608535206,2026-08-17T15:41:59.569448+00:00,7,0,True,True
608535207,2026-08-17T15:41:59.569448+00:00,4,0,True,True
608535208,2026-08-17T15:41:59.569448+00:00,5,0,True,True
608535209,2026-08-17T15:41:59.569448+00:00,0,0,True,True
608535210,2026-08-17T15:41:59.569448+00:00,5,0,True,True
608535211,2026-08-17T15:41:59.569448+00:00,4,0,True,True
608535212,2026-08-17T15:41:59.569448+00:00,3,0,True,True
608535213,2026-08-17T15:41:59.569448+00:00,11,0,True,True
608535214,2026-08-17T15:41:59.569448+00:00,3,0,True,True
608535215,2026-08-17T15:41:59.569448+00:00,2,0,True,True
608535216,2026-08-17T15:41:59.569448+00:00,8,0,True,True
608535217,2026-08-17T15:41:59.569448+00:00,6,0,True,True
608535218,2026-08-17T15:41:59.569448+00:00,9,0,True,True
608535219,2026-08-17T15:41:59.569448+00:00,0,0,True,True
608535220,2026-08-17T15:41:59.569448+00:00,4,0,True,True
608535221,2026-08-17T15:41:59.569448+00:00,2,0,True,True
608535222,2026-08-17T15:41:59.569448+00:00,6,0,True,True
608535223,2026-08-17T15:41:59.569448+00:00,10,0,True,True
608535224,2026-08-17T15:41:59.569448+00:00,3,0,True,True
608535225,2026-08-17T15:41:59.569448+00:00,5,0,True,True
608535226,2026-08-17T15:41:59.569448+00:00,2,0,True,True
608535227,2026-08-17T15:41:59.569448+00:00,1,0,True,True
608535228,2026-08-17T15:41:59.569448+00:00,11,0,True,True
608535229,2026-08-17T15:41:59.569448+00:00,13,0,True,True
608535230,2026-08-17T15:41:59.569448+00:00,3,0,True,True
608535231,2026-08-17T15:41:59.569448+00:00,3,0,True,True
608535232,2026-08-17T15:41:59.569448+00:00,5,0,True,True
608535234,2026-08-17T15:41:59.569448+00:00,12,0,True,True
608535235,2026-08-17T15:41:59.569448+00:00,8,0,True,True
608535236,2026-08-17T15:41:59.569448+00:00,5,0,True,True
608535237,2026-08-17T15:41:59.569448+00:00,5,0,True,True
608535238,2026-08-17T15:41:59.569448+00:00,4,0,True,True
608535239,2026-08-17T15:41:59.569448+00:00,5,0,True,True
608535240,2026-08-17T15:41:59.569448+00:00,3,0,True,True
608535241,2026-08-17T15:41:59.569448+00:00,2,0,True,True
608535242,2026-08-17T15:41:59.569448+00:00,11,0,True,True
608535243,2026-08-17T15:41:59.569448+00:00,7,0,True,True
608535244,2026-08-17T15:41:59.569448+00:00,1,0,True,True
608535245,2026-08-17T15:41:59.569448+00:00,9,0,True,True
608535246,2026-08-17T15:41:59.569448+00:00,4,0,True,True
608535247,2026-08-17T15:41:59.569448+00:00,2,0,True,True
608535248,2026-08-17T15:41:59.569448+00:00,6,0,True,True
608535249,2026-08-17T15:41:59.569448+00:00,6,0,True,True
608535250,2026-08-17T15:41:59.569448+00:00,4,0,True,True
608535251,2026-08-17T15:41:59.569448+00:00,7,0,True,True
608535252,2026-08-17T15:41:59.569448+00:00,5,0,True,True
608535254,2026-08-17T15:41:59.569448+00:00,2,0,True,True
608535255,2026-08-17T15:41:59.569448+00:00,1,0,True,True
613312171,2026-08-17T15:41:59.569448+00:00,10,0,True,True
613312172,2026-08-17T15:41:59.569448+00:00,3,0,True,True
613312173,2026-08-17T15:41:59.569448+00:00,5,0,True,True
613312174,2026-08-17T15:41:59.569448+00:00,2,0,True,True
613312175,2026-08-17T15:41:59.569448+00:00,4,0,True,True
613312176,2026-08-17T15:41:59.569448+00:00,10,0,True,True
613312177,2026-08-17T15:41:59.569448+00:00,3,0,True,True
613312179,2026-08-17T15:41:59.569448+00:00,10,0,True,True
613312180,2026-08-17T15:41:59.569448+00:00,4,0,True,True
613312181,2026-08-17T15:41:59.569448+00:00,16,0,True,True
613312182,2026-08-17T15:41:59.569448+00:00,7,0,True,True
613312183,2026-08-17T15:41:59.569448+00:00,10,0,True,True
613312184,2026-08-17T15:41:59.569448+00:00,1,0,True,True
613312185,2026-08-17T15:41:59.569448+00:00,2,0,True,True
613312186,2026-08-17T15:41:59.569448+00:00,0,0,True,True
613312187,2026-08-17T15:41:59.569448+00:00,0,0,True,True
613312188,2026-08-17T15:41:59.569448+00:00,0,0,True,True
613312189,2026-08-17T15:41:59.569448+00:00,2,0,True,True
613312190,2026-08-17T15:41:59.569448+00:00,1,0,True,True
613312191,2026-08-17T15:41:59.569448+00:00,2,0,True,True
613312192,2026-08-17T15:41:59.569448+00:00,1,0,True,True
613312193,2026-08-17T15:41:59.569448+00:00,0,0,True,True
613312194,2026-08-17T15:41:59.569448+00:00,1,0,True,True
613312195,2026-08-17T15:41:59.569448+00:00,1,0,True,True
613312196,2026-08-17T15:41:59.569448+00:00,5,0,True,True
613312197,2026-08-17T15:41:59.569448+00:00,2,0,True,True
613312198,2026-08-17T15:41:59.569448+00:00,7,0,True,True
613312199,2026-08-17T15:41:59.569448+00:00,5,0,True,True
613312200,2026-08-17T15:41:59.569448+00:00,7,0,True,True
613312201,2026-08-17T15:41:59.569448+00:00,0,0,True,True
613312202,2026-08-17T15:41:59.569448+00:00,10,0,True,True
613312203,2026-08-17T15:41:59.569448+00:00,0,0,True,True
613312204,2026-08-17T15:41:59.569448+00:00,3,0,True,True
613312205,2026-08-17T15:41:59.569448+00:00,9,0,True,True
613312206,2026-08-17T15:41:59.569448+00:00,3,0,True,True
613312207,2026-08-17T15:41:59.569448+00:00,2,0,True,True
613312208,2026-08-17T15:41:59.569448+00:00,8,0,True,True
613312209,2026-08-17T15:41:59.569448+00:00,4,0,True,True
613312210,2026-08-17T15:41:59.569448+00:00,2,0,True,True
613312211,2026-08-17T15:41:59.569448+00:00,4,0,True,True
613312212,2026-08-17T15:41:59.569448+00:00,5,0,True,True
613312213,2026-08-17T15:41:59.569448+00:00,1,0,True,True
613312214,2026-08-17T15:41:59.569448+00:00,4,0,True,True
613312215,2026-08-17T15:41:59.569448+00:00,6,0,True,True
613312216,2026-08-17T15:41:59.569448+00:00,3,0,True,True
613312217,2026-08-17T15:41:59.569448+00:00,1,0,True,True
613312218,2026-08-17T15:41:59.569448+00:00,6,0,True,True
613312219,2026-08-17T15:41:59.569448+00:00,2,0,True,True
613312220,2026-08-17T15:41:59.569448+00:00,3,0,True,True
613312221,2026-08-17T15:41:59.569448+00:00,11,0,True,True
613312222,2026-08-17T15:41:59.569448+00:00,11,0,True,True
613312223,2026-08-17T15:41:59.569448+00:00,1,0,True,True
613312224,2026-08-17T15:41:59.569448+00:00,6,0,True,True
613312225,2026-08-17T15:41:59.569448+00:00,12,0,True,True
613312226,2026-08-17T15:41:59.569448+00:00,2,0,True,True
613312227,2026-08-17T15:41:59.569448+00:00,4,0,True,True
613312228,2026-08-17T15:41:59.569448+00:00,4,0,True,True
613312229,2026-08-17T15:41:59.569448+00:00,9,0,True,True
613312230,2026-08-17T15:41:59.569448+00:00,1,0,True,True
613312231,2026-08-17T15:41:59.569448+00:00,7,0,True,True
613312233,2026-08-17T15:41:59.569448+00:00,1,0,True,True
613312234,2026-08-17T15:41:59.569448+00:00,1,0,True,True
613312236,2026-08-17T15:41:59.569448+00:00,6,0,True,True
613312237,2026-08-17T15:41:59.569448+00:00,11,0,True,True
613312238,2026-08-17T15:41:59.569448+00:00,1,0,True,True
613312239,2026-08-17T15:41:59.569448+00:00,0,0,True,True
613312240,2026-08-17T15:41:59.569448+00:00,2,0,True,True
613312241,2026-08-17T15:41:59.569448+00:00,1,0,True,True
613312242,2026-08-17T15:41:59.569448+00:00,6,0,True,True
613312243,2026-08-17T15:41:59.569448+00:00,2,0,True,True
613312244,2026-08-17T15:41:59.569448+00:00,7,0,True,True
613312245,2026-08-17T15:41:59.569448+00:00,1,0,True,True
613312246,2026-08-17T15:41:59.569448+00:00,6,0,True,True
613312247,2026-08-17T15:41:59.569448+00:00,2,0,True,True
613312248,2026-08-17T15:41:59.569448+00:00,5,0,True,True
613312249,2026-08-17T15:41:59.569448+00:00,8,0,True,True
613312250,2026-08-17T15:41:59.569448+00:00,10,0,True,True
613312251,2026-08-17T15:41:59.569448+00:00,7,0,True,True
613312252,2026-08-17T15:41:59.569448+00:00,4,0,True,True
613312253,2026-08-17T15:41:59.569448+00:00,3,0,True,True
613312254,2026-08-17T15:41:59.569448+00:00,7,0,True,True
613312255,2026-08-17T15:41:59.569448+00:00,2,0,True,True
613312256,2026-08-17T15:41:59.569448+00:00,10,0,True,True
613312257,2026-08-17T15:41:59.569448+00:00,6,0,True,True
613312258,2026-08-17T15:41:59.569448+00:00,8,0,True,True
613312259,2026-08-17T15:41:59.569448+00:00,7,0,True,True
613312260,2026-08-17T15:41:59.569448+00:00,0,0,True,True
613312261,2026-08-17T15:41:59.569448+00:00,1,0,True,True
613312262,2026-08-17T15:41:59.569448+00:00,0,0,True,True
613312263,2026-08-17T15:41:59.569448+00:00,5,0,True,True
613312264,2026-08-17T15:41:59.569448+00:00,2,0,True,True
613312265,2026-08-17T15:41:59.569448+00:00,8,0,True,True
613312266,2026-08-17T15:41:59.569448+00:00,4,0,True,True
613312267,2026-08-17T15:41:59.569448+00:00,5,0,True,True
613312268,2026-08-17T15:41:59.569448+00:00,9,0,True,True
613312269,2026-08-17T15:41:59.569448+00:00,12,0,True,True
613312270,2026-08-17T15:41:59.569448+00:00,9,0,True,True
613312271,2026-08-17T15:41:59.569448+00:00,2,0,True,True
613312272,2026-08-17T15:41:59.569448+00:00,4,0,True,True
613312273,2026-08-17T15:41:59.569448+00:00,8,0,True,True
613312274,2026-08-17T15:41:59.569448+00:00,8,0,True,True
613312275,2026-08-17T15:41:59.569448+00:00,16,0,True,True
613312276,2026-08-17T15:41:59.569448+00:00,2,0,True,True
613312277,2026-08-17T15:41:59.569448+00:00,2,0,True,True
613312278,2026-08-17T15:41:59.569448+00:00,2,0,True,True
613312279,2026-08-17T15:41:59.569448+00:00,12,0,True,True
613312281,2026-08-17T15:41:59.569448+00:00,2,0,True,True
613312282,2026-08-17T15:41:59.569448+00:00,0,0,True,True
613312283,2026-08-17T15:41:59.569448+00:00,3,0,True,True
613312284,2026-08-17T15:41:59.569448+00:00,6,0,True,True
613312285,2026-08-17T15:41:59.569448+00:00,2,0,True,True
613312286,2026-08-17T15:41:59.569448+00:00,0,0,True,True
613312287,2026-08-17T15:41:59.569448+00:00,3,0,True,True
613312288,2026-08-17T15:41:59.569448+00:00,4,0,True,True
613312289,2026-08-17T15:41:59.569448+00:00,6,0,True,True
613312290,2026-08-17T15:41:59.569448+00:00,11,0,True,True
613312291,2026-08-17T15:41:59.569448+00:00,9,0,True,True
613312292,2026-08-17T15:41:59.569448+00:00,2,0,True,True
613312293,2026-08-17T15:41:59.569448+00:00,11,0,True,True
613312294,2026-08-17T15:41:59.569448+00:00,11,0,True,True
613312295,2026-08-17T15:41:59.569448+00:00,13,0,True,True
613312296,2026-08-17T15:41:59.569448+00:00,5,0,True,True
613312297,2026-08-17T15:41:59.569448+00:00,5,0,True,True
613312298,2026-08-17T15:41:59.569448+00:00,5,0,True,True
613312299,2026-08-17T15:41:59.569448+00:00,5,0,True,True
613312300,2026-08-17T15:41:59.569448+00:00,15,0,True,True
613312301,2026-08-17T15:41:59.569448+00:00,9,0,True,True
613312302,2026-08-17T15:41:59.569448+00:00,4,0,True,True
613312303,2026-08-17T15:41:59.569448+00:00,9,0,True,True
613312304,2026-08-17T15:41:59.569448+00:00,9,0,True,True
613312305,2026-08-17T15:41:59.569448+00:00,19,0,True,True
613312306,2026-08-17T15:41:59.569448+00:00,12,0,True,True
613312307,2026-08-17T15:41:59.569448+00:00,8,0,True,True
613312308,2026-08-17T15:41:59.569448+00:00,5,0,True,True
613312309,2026-08-17T15:41:59.569448+00:00,8,0,True,True
613312310,2026-08-17T15:41:59.569448+00:00,6,0,True,True
613312311,2026-08-17T15:41:59.569448+00:00,16,0,True,True
613312312,2026-08-17T15:41:59.569448+00:00,18,0,True,True
613312313,2026-08-17T15:41:59.569448+00:00,5,0,True,True
613312314,2026-08-17T15:41:59.569448+00:00,9,0,True,True
613312315,2026-08-17T15:41:59.569448+00:00,8,0,True,True
613510037,2026-08-17T15:41:59.569448+00:00,0,0,True,True
624056982,2026-08-17T15:41:59.569448+00:00,4,0,True,True
624057057,2026-08-17T15:41:59.569448+00:00,3,0,True,True
631244273,2026-08-17T15:41:59.569448+00:00,1,0,True,True
631244274,2026-08-17T15:41:59.569448+00:00,2,0,True,True
631244275,2026-08-17T15:41:59.569448+00:00,2,0,True,True
631244276,2026-08-17T15:41:59.569448+00:00,10,0,True,True
631244277,2026-08-17T15:41:59.569448+00:00,3,0,True,True
631244278,2026-08-17T15:41:59.569448+00:00,0,0,True,True
631244280,2026-08-17T15:41:59.569448+00:00,7,0,True,True
631244281,2026-08-17T15:41:59.569448+00:00,3,0,True,True
631244286,2026-08-17T15:41:59.569448+00:00,3,0,True,True
631244287,2026-08-17T15:41:59.569448+00:00,8,0,True,True
631244288,2026-08-17T15:41:59.569448+00:00,9,0,True,True
631244289,2026-08-17T15:41:59.569448+00:00,1,0,True,True
631244290,2026-08-17T15:41:59.569448+00:00,2,0,True,True
631244291,2026-08-17T15:41:59.569448+00:00,1,0,True,True
631244292,2026-08-17T15:41:59.569448+00:00,4,0,True,True
631244293,2026-08-17T15:41:59.569448+00:00,0,0,True,True
631244294,2026-08-17T15:41:59.569448+00:00,5,0,True,True
631244295,2026-08-17T15:41:59.569448+00:00,2,0,True,True
631244297,2026-08-17T15:41:59.569448+00:00,4,0,True,True
631244302,2026-08-17T15:41:59.569448+00:00,8,0,True,True
631244303,2026-08-17T15:41:59.569448+00:00,5,0,True,True
631244304,2026-08-17T15:41:59.569448+00:00,4,0,True,True
631244306,2026-08-17T15:41:59.569448+00:00,2,0,True,True
631244308,2026-08-17T15:41:59.569448+00:00,17,0,True,True
631244309,2026-08-17T15:41:59.569448+00:00,11,0,True,True
631244311,2026-08-17T15:41:59.569448+00:00,6,0,True,True
631244312,2026-08-17T15:41:59.569448+00:00,0,0,True,True
631244313,2026-08-17T15:41:59.569448+00:00,2,0,True,True
631244315,2026-08-17T15:41:59.569448+00:00,8,0,True,True
631244316,2026-08-17T15:41:59.569448+00:00,1,0,True,True
637793642,2026-08-17T15:41:59.569448+00:00,7,0,True,True
637794034,2026-08-17T15:41:59.569448+00:00,1,0,True,True
608535280,2026-08-17T16:01:26.173589+00:00,5,0,True,True
608535281,2026-08-17T16:01:26.173589+00:00,6,0,True,True
608535282,2026-08-17T16:01:26.173589+00:00,6,0,True,True
608535283,2026-08-17T16:01:26.173589+00:00,4,0,True,True
608535284,2026-08-17T16:01:26.173589+00:00,6,0,True,True
608535285,2026-08-17T16:01:26.173589+00:00,2,0,True,True
608535286,2026-08-17T16:01:26.173589+00:00,4,0,True,True
608535287,2026-08-17T16:01:26.173589+00:00,5,0,True,True
608535288,2026-08-17T16:01:26.173589+00:00,2,0,True,True
608535289,2026-08-17T16:01:26.173589+00:00,2,0,True,True
608535290,2026-08-17T16:01:26.173589+00:00,6,0,True,True
608535291,2026-08-17T16:01:26.173589+00:00,7,0,True,True
608535292,2026-08-17T16:01:26.173589+00:00,2,0,True,True
608535293,2026-08-17T16:01:26.173589+00:00,7,0,True,True
608535294,2026-08-17T16:01:26.173589+00:00,5,0,True,True
608535295,2026-08-17T16:01:26.173589+00:00,6,0,True,True
608535296,2026-08-17T16:01:26.173589+00:00,4,0,True,True
608535297,2026-08-17T16:01:26.173589+00:00,7,0,True,True
608535298,2026-08-17T16:01:26.173589+00:00,6,0,True,True
608535299,2026-08-17T16:01:26.173589+00:00,5,0,True,True
608535300,2026-08-17T16:01:26.173589+00:00,7,0,True,True
608535301,2026-08-17T16:01:26.173589+00:00,8,0,True,True
608535302,2026-08-17T16:01:26.173589+00:00,7,0,True,True
608535303,2026-08-17T16:01:26.173589+00:00,6,0,True,True
608535304,2026-08-17T16:01:26.173589+00:00,6,0,True,True
608535305,2026-08-17T16:01:26.173589+00:00,7,0,True,True
608535306,2026-08-17T16:01:26.173589+00:00,2,0,True,True
608535307,2026-08-17T16:01:26.173589+00:00,7,0,True,True
608535308,2026-08-17T16:01:26.173589+00:00,7,0,True,True
608535309,2026-08-17T16:01:26.173589+00:00,3,0,True,True
608535310,2026-08-17T16:01:26.173589+00:00,4,0,True,True
608535311,2026-08-17T16:01:26.173589+00:00,5,0,True,True
608535312,2026-08-17T16:01:26.173589+00:00,4,0,True,True
608535313,2026-08-17T16:01:26.173589+00:00,0,0,True,True
608535314,2026-08-17T16:01:26.173589+00:00,5,0,True,True
608535315,2026-08-17T16:01:26.173589+00:00,8,0,True,True
608535316,2026-08-17T16:01:26.173589+00:00,7,0,True,True
608535317,2026-08-17T16:01:26.173589+00:00,6,0,True,True
608535318,2026-08-17T16:01:26.173589+00:00,12,0,True,True
608535319,2026-08-17T16:01:26.173589+00:00,3,0,True,True
608535320,2026-08-17T16:01:26.173589+00:00,6,0,True,True
608535321,2026-08-17T16:01:26.173589+00:00,3,0,True,True
608535322,2026-08-17T16:01:26.173589+00:00,13,0,True,True
608535323,2026-08-17T16:01:26.173589+00:00,3,0,True,True
608535324,2026-08-17T16:01:26.173589+00:00,3,0,True,True
608535325,2026-08-17T16:01:26.173589+00:00,5,0,True,True
608535326,2026-08-17T16:01:26.173589+00:00,6,0,True,True
608535327,2026-08-17T16:01:26.173589+00:00,8,0,True,True
608535328,2026-08-17T16:01:26.173589+00:00,11,0,True,True
608535329,2026-08-17T16:01:26.173589+00:00,4,0,True,True
608535330,2026-08-17T16:01:26.173589+00:00,6,0,True,True
608535331,2026-08-17T16:01:26.173589+00:00,1,0,True,True
608535332,2026-08-17T16:01:26.173589+00:00,12,0,True,True
608535333,2026-08-17T16:01:26.173589+00:00,5,0,True,True
608535334,2026-08-17T16:01:26.173589+00:00,3,0,True,True
608535335,2026-08-17T16:01:26.173589+00:00,4,0,True,True
608535336,2026-08-17T16:01:26.173589+00:00,7,0,True,True
608535337,2026-08-17T16:01:26.173589+00:00,3,0,True,True
608535338,2026-08-17T16:01:26.173589+00:00,1,0,True,True
608535339,2026-08-17T16:01:26.173589+00:00,7,0,True,True
608535340,2026-08-17T16:01:26.173589+00:00,8,0,True,True
608535341,2026-08-17T16:01:26.173589+00:00,6,0,True,True
608535342,2026-08-17T16:01:26.173589+00:00,3,0,True,True
608535343,2026-08-17T16:01:26.173589+00:00,5,0,True,True
608535344,2026-08-17T16:01:26.173589+00:00,4,0,True,True
608535345,2026-08-17T16:01:26.173589+00:00,8,0,True,True
608535346,2026-08-17T16:01:26.173589+00:00,2,0,True,True
608535256,2026-08-17T16:01:26.173589+00:00,8,0,True,True
608535257,2026-08-17T16:01:26.173589+00:00,5,0,True,True
608535258,2026-08-17T16:01:26.173589+00:00,3,0,True,True
608535259,2026-08-17T16:01:26.173589+00:00,4,0,True,True
608535260,2026-08-17T16:01:26.173589+00:00,16,0,True,True
608535261,2026-08-17T16:01:26.173589+00:00,2,0,True,True
608535262,2026-08-17T16:01:26.173589+00:00,0,0,True,True
608535263,2026-08-17T16:01:26.173589+00:00,3,0,True,True
608535265,2026-08-17T16:01:26.173589+00:00,2,0,True,True
608535266,2026-08-17T16:01:26.173589+00:00,4,0,True,True
608535267,2026-08-17T16:01:26.173589+00:00,4,0,True,True
608535268,2026-08-17T16:01:26.173589+00:00,5,0,True,True
608535270,2026-08-17T16:01:26.173589+00:00,8,0,True,True
608535271,2026-08-17T16:01:26.173589+00:00,5,0,True,True
608535272,2026-08-17T16:01:26.173589+00:00,8,0,True,True
608535273,2026-08-17T16:01:26.173589+00:00,3,0,True,True
608535274,2026-08-17T16:01:26.173589+00:00,3,0,True,True
608535276,2026-08-17T16:01:26.173589+00:00,3,0,True,True
608535277,2026-08-17T16:01:26.173589+00:00,3,0,True,True
608535278,2026-08-17T16:01:26.173589+00:00,3,0,True,True
608535279,2026-08-17T16:01:26.173589+00:00,5,0,True,True
608535378,2026-08-17T16:01:26.173589+00:00,4,0,True,True
608535379,2026-08-17T16:01:26.173589+00:00,7,0,True,True
608535380,2026-08-17T16:01:26.173589+00:00,5,0,True,True
608535381,2026-08-17T16:01:26.173589+00:00,1,0,True,True
608535383,2026-08-17T16:01:26.173589+00:00,6,0,True,True
608535384,2026-08-17T16:01:26.173589+00:00,2,0,True,True
608535385,2026-08-17T16:01:26.173589+00:00,0,0,True,True
608535386,2026-08-17T16:01:26.173589+00:00,13,0,True,True
608535387,2026-08-17T16:01:26.173589+00:00,5,0,True,True
608535388,2026-08-17T16:01:26.173589+00:00,8,0,True,True
608535389,2026-08-17T16:01:26.173589+00:00,7,0,True,True
608535390,2026-08-17T16:01:26.173589+00:00,7,0,True,True
608535391,2026-08-17T16:01:26.173589+00:00,5,0,True,True
608535392,2026-08-17T16:01:26.173589+00:00,5,0,True,True
608535393,2026-08-17T16:01:26.173589+00:00,7,0,True,True
608535394,2026-08-17T16:01:26.173589+00:00,11,0,True,True
608535395,2026-08-17T16:01:26.173589+00:00,18,0,True,True
608535396,2026-08-17T16:01:26.173589+00:00,3,0,True,True
608535440,2026-08-17T16:01:26.173589+00:00,0,0,True,True
608535441,2026-08-17T16:01:26.173589+00:00,0,0,True,True
608535442,2026-08-17T16:01:26.173589+00:00,1,0,True,True
608535443,2026-08-17T16:01:26.173589+00:00,4,0,True,True
608535444,2026-08-17T16:01:26.173589+00:00,13,0,True,True
608535445,2026-08-17T16:01:26.173589+00:00,28,0,True,True
608535446,2026-08-17T16:01:26.173589+00:00,0,0,True,True
608535447,2026-08-17T16:01:26.173589+00:00,2,0,True,True
608535461,2026-08-17T16:01:26.173589+00:00,5,0,True,True
608535462,2026-08-17T16:01:26.173589+00:00,7,0,True,True
608535463,2026-08-17T16:01:26.173589+00:00,6,0,True,True
608535464,2026-08-17T16:01:26.173589+00:00,3,0,True,True
608535491,2026-08-17T16:01:26.173589+00:00,0,0,True,True
608535492,2026-08-17T16:01:26.173589+00:00,1,0,True,True
608535493,2026-08-17T16:01:26.173589+00:00,8,0,True,True
608535494,2026-08-17T16:01:26.173589+00:00,2,0,True,True
608535495,2026-08-17T16:01:26.173589+00:00,1,0,True,True
608535496,2026-08-17T16:01:26.173589+00:00,5,0,True,True
608535497,2026-08-17T16:01:26.173589+00:00,5,0,True,True
608535498,2026-08-17T16:01:26.173589+00:00,12,0,True,True
608535499,2026-08-17T16:01:26.173589+00:00,3,0,True,True
608535500,2026-08-17T16:01:26.173589+00:00,4,0,True,True
608535501,2026-08-17T16:01:26.173589+00:00,1,0,True,True
608535502,2026-08-17T16:01:26.173589+00:00,4,0,True,True
608535503,2026-08-17T16:01:26.173589+00:00,1,0,True,True
608535504,2026-08-17T16:01:26.173589+00:00,4,0,True,True
608535505,2026-08-17T16:01:26.173589+00:00,0,0,True,True
637793366,2026-08-17T16:01:26.173589+00:00,0,0,True,True
608535516,2026-08-17T16:01:26.173589+00:00,7,0,True,True
608535517,2026-08-17T16:01:26.173589+00:00,10,0,True,True
608535518,2026-08-17T16:01:26.173589+00:00,6,0,True,True
608535519,2026-08-17T16:01:26.173589+00:00,5,0,True,True
608535520,2026-08-17T16:01:26.173589+00:00,8,0,True,True
608535521,2026-08-17T16:01:26.173589+00:00,8,0,True,True
608535522,2026-08-17T16:01:26.173589+00:00,5,0,True,True
608535523,2026-08-17T16:01:26.173589+00:00,6,0,True,True
608535524,2026-08-17T16:01:26.173589+00:00,5,0,True,True
608535525,2026-08-17T16:01:26.173589+00:00,3,0,True,True
608535526,2026-08-17T16:01:26.173589+00:00,1,0,True,True
608535527,2026-08-17T16:01:26.173589+00:00,6,0,True,True
608535528,2026-08-17T16:01:26.173589+00:00,5,0,True,True
608535529,2026-08-17T16:01:26.173589+00:00,6,0,True,True
608535530,2026-08-17T16:01:26.173589+00:00,5,0,True,True
608535531,2026-08-17T16:01:26.173589+00:00,2,0,True,True
608535532,2026-08-17T16:01:26.173589+00:00,5,0,True,True
608535533,2026-08-17T16:01:26.173589+00:00,3,0,True,True
608535534,2026-08-17T16:01:26.173589+00:00,3,0,True,True
608535537,2026-08-17T16:01:26.173589+00:00,1,0,True,True
608535398,2026-08-17T16:01:26.173589+00:00,5,0,True,True
608535399,2026-08-17T16:01:26.173589+00:00,1,0,True,True
608535400,2026-08-17T16:01:26.173589+00:00,2,0,True,True
608535402,2026-08-17T16:01:26.173589+00:00,6,0,True,True
608535403,2026-08-17T16:01:26.173589+00:00,4,0,True,True
608535404,2026-08-17T16:01:26.173589+00:00,5,0,True,True
608535405,2026-08-17T16:01:26.173589+00:00,4,0,True,True
608535406,2026-08-17T16:01:26.173589+00:00,9,0,True,True
608535407,2026-08-17T16:01:26.173589+00:00,11,0,True,True
608535408,2026-08-17T16:01:26.173589+00:00,5,0,True,True
608535409,2026-08-17T16:01:26.173589+00:00,6,0,True,True
608535410,2026-08-17T16:01:26.173589+00:00,6,0,True,True
608535411,2026-08-17T16:01:26.173589+00:00,8,0,True,True
608535412,2026-08-17T16:01:26.173589+00:00,8,0,True,True
608535413,2026-08-17T16:01:26.173589+00:00,5,0,True,True
608535414,2026-08-17T16:01:26.173589+00:00,7,0,True,True
608535415,2026-08-17T16:01:26.173589+00:00,4,0,True,True
608535416,2026-08-17T16:01:26.173589+00:00,8,0,True,True
608535417,2026-08-17T16:01:26.173589+00:00,9,0,True,True
608535418,2026-08-17T16:01:26.173589+00:00,12,0,True,True
608535419,2026-08-17T16:01:26.173589+00:00,9,0,True,True
608535420,2026-08-17T16:01:26.173589+00:00,10,0,True,True
608535421,2026-08-17T16:01:26.173589+00:00,9,0,True,True
608535422,2026-08-17T16:01:26.173589+00:00,6,0,True,True
608535423,2026-08-17T16:01:26.173589+00:00,6,0,True,True
608535424,2026-08-17T16:01:26.173589+00:00,5,0,True,True
608535425,2026-08-17T16:01:26.173589+00:00,3,0,True,True
608535426,2026-08-17T16:01:26.173589+00:00,3,0,True,True
608535427,2026-08-17T16:01:26.173589+00:00,3,0,True,True
608535428,2026-08-17T16:01:26.173589+00:00,9,0,True,True
608535429,2026-08-17T16:01:26.173589+00:00,3,0,True,True
608535430,2026-08-17T16:01:26.173589+00:00,5,0,True,True
608535431,2026-08-17T16:01:26.173589+00:00,1,0,True,True
608535438,2026-08-17T16:01:26.173589+00:00,1,0,True,True
608535439,2026-08-17T16:01:26.173589+00:00,6,0,True,True
608535432,2026-08-17T16:01:26.173589+00:00,5,0,True,True
608535433,2026-08-17T16:01:26.173589+00:00,2,0,True,True
608535434,2026-08-17T16:01:26.173589+00:00,2,0,True,True
608535435,2026-08-17T16:01:26.173589+00:00,0,0,True,True
608535436,2026-08-17T16:01:26.173589+00:00,3,0,True,True
608535437,2026-08-17T16:01:26.173589+00:00,6,0,True,True
608535448,2026-08-17T16:01:26.173589+00:00,7,0,True,True
608535449,2026-08-17T16:01:26.173589+00:00,5,0,True,True
608535450,2026-08-17T16:01:26.173589+00:00,4,0,True,True
608535451,2026-08-17T16:01:26.173589+00:00,4,0,True,True
608535483,2026-08-17T16:01:26.173589+00:00,1,0,True,True
608535484,2026-08-17T16:01:26.173589+00:00,4,0,True,True
608535485,2026-08-17T16:01:26.173589+00:00,3,0,True,True
608535486,2026-08-17T16:01:26.173589+00:00,1,0,True,True
608535487,2026-08-17T16:01:26.173589+00:00,11,0,True,True
608535488,2026-08-17T16:01:26.173589+00:00,5,0,True,True
608535489,2026-08-17T16:01:26.173589+00:00,3,0,True,True
608535490,2026-08-17T16:01:26.173589+00:00,13,0,True,True
608535452,2026-08-17T16:01:26.173589+00:00,4,0,True,True
608535453,2026-08-17T16:01:26.173589+00:00,1,0,True,True
608535454,2026-08-17T16:01:26.173589+00:00,4,0,True,True
608535455,2026-08-17T16:01:26.173589+00:00,4,0,True,True
608535456,2026-08-17T16:01:26.173589+00:00,5,0,True,True
608535457,2026-08-17T16:01:26.173589+00:00,6,0,True,True
608535458,2026-08-17T16:01:26.173589+00:00,18,0,True,True
608535459,2026-08-17T16:01:26.173589+00:00,9,0,True,True
608535460,2026-08-17T16:01:26.173589+00:00,4,0,True,True
608535465,2026-08-17T16:01:26.173589+00:00,6,0,True,True
608535466,2026-08-17T16:01:26.173589+00:00,2,0,True,True
608535467,2026-08-17T16:01:26.173589+00:00,2,0,True,True
608535468,2026-08-17T16:01:26.173589+00:00,4,0,True,True
608535469,2026-08-17T16:01:26.173589+00:00,3,0,True,True
608535470,2026-08-17T16:01:26.173589+00:00,4,0,True,True
608535471,2026-08-17T16:01:26.173589+00:00,2,0,True,True
608535473,2026-08-17T16:01:26.173589+00:00,4,0,True,True
608535474,2026-08-17T16:01:26.173589+00:00,5,0,True,True
608535475,2026-08-17T16:01:26.173589+00:00,5,0,True,True
608535476,2026-08-17T16:01:26.173589+00:00,10,0,True,True
608535477,2026-08-17T16:01:26.173589+00:00,6,0,True,True
608535478,2026-08-17T16:01:26.173589+00:00,7,0,True,True
608535479,2026-08-17T16:01:26.173589+00:00,3,0,True,True
608535480,2026-08-17T16:01:26.173589+00:00,0,0,True,True
608535481,2026-08-17T16:01:26.173589+00:00,4,0,True,True
608535482,2026-08-17T16:01:26.173589+00:00,3,0,True,True
608535507,2026-08-17T16:01:26.173589+00:00,1,0,True,True
608535508,2026-08-17T16:01:26.173589+00:00,3,0,True,True
608535509,2026-08-17T16:01:26.173589+00:00,4,0,True,True
608535510,2026-08-17T16:01:26.173589+00:00,2,0,True,True
608535511,2026-08-17T16:01:26.173589+00:00,1,0,True,True
608535512,2026-08-17T16:01:26.173589+00:00,4,0,True,True
608535513,2026-08-17T16:01:26.173589+00:00,4,0,True,True
608535514,2026-08-17T16:01:26.173589+00:00,4,0,True,True
608535515,2026-08-17T16:01:26.173589+00:00,9,0,True,True
608535347,2026-08-17T16:01:26.173589+00:00,3,0,True,True
608535348,2026-08-17T16:01:26.173589+00:00,7,0,True,True
608535349,2026-08-17T16:01:26.173589+00:00,8,0,True,True
608535350,2026-08-17T16:01:26.173589+00:00,7,0,True,True
608535351,2026-08-17T16:01:26.173589+00:00,1,0,True,True
608535352,2026-08-17T16:01:26.173589+00:00,1,0,True,True
608535353,2026-08-17T16:01:26.173589+00:00,4,0,True,True
608535354,2026-08-17T16:01:26.173589+00:00,8,0,True,True
608535538,2026-08-17T16:01:26.173589+00:00,5,0,True,True
608535539,2026-08-17T16:01:26.173589+00:00,14,0,True,True
608535540,2026-08-17T16:01:26.173589+00:00,4,0,True,True
608535355,2026-08-17T16:01:26.173589+00:00,6,0,True,True
608535356,2026-08-17T16:01:26.173589+00:00,4,0,True,True
608535357,2026-08-17T16:01:26.173589+00:00,5,0,True,True
608535358,2026-08-17T16:01:26.173589+00:00,8,0,True,True
608535359,2026-08-17T16:01:26.173589+00:00,2,0,True,True
608535360,2026-08-17T16:01:26.173589+00:00,3,0,True,True
608535361,2026-08-17T16:01:26.173589+00:00,3,0,True,True
608535362,2026-08-17T16:01:26.173589+00:00,1,0,True,True
608535363,2026-08-17T16:01:26.173589+00:00,1,0,True,True
608535364,2026-08-17T16:01:26.173589+00:00,5,0,True,True
608535365,2026-08-17T16:01:26.173589+00:00,2,0,True,True
608535366,2026-08-17T16:01:26.173589+00:00,2,0,True,True
608535367,2026-08-17T16:01:26.173589+00:00,5,0,True,True
608535368,2026-08-17T16:01:26.173589+00:00,2,0,True,True
608535369,2026-08-17T16:01:26.173589+00:00,1,0,True,True
608535370,2026-08-17T16:01:26.173589+00:00,2,0,True,True
608535371,2026-08-17T16:01:26.173589+00:00,7,0,True,True
608535372,2026-08-17T16:01:26.173589+00:00,4,0,True,True
608535373,2026-08-17T16:01:26.173589+00:00,6,0,True,True
608535375,2026-08-17T16:01:26.173589+00:00,4,0,True,True
608535376,2026-08-17T16:01:26.173589+00:00,7,0,True,True
606857330,2026-08-17T16:01:26.173589+00:00,7,0,True,True
608534898,2026-08-17T16:01:26.173589+00:00,8,0,True,True
608534899,2026-08-17T16:01:26.173589+00:00,1,0,True,True
608534900,2026-08-17T16:01:26.173589+00:00,8,0,True,True
608534901,2026-08-17T16:01:26.173589+00:00,0,0,True,True
608534902,2026-08-17T16:01:26.173589+00:00,15,0,True,True
608534903,2026-08-17T16:01:26.173589+00:00,7,0,True,True
608534904,2026-08-17T16:01:26.173589+00:00,7,0,True,True
608534905,2026-08-17T16:01:26.173589+00:00,0,0,True,True
608534906,2026-08-17T16:01:26.173589+00:00,1,5,True,True
608534907,2026-08-17T16:01:26.173589+00:00,19,0,True,True
608534908,2026-08-17T16:01:26.173589+00:00,4,0,True,True
608534909,2026-08-17T16:01:26.173589+00:00,7,0,True,True
608534910,2026-08-17T16:01:26.173589+00:00,4,0,True,True
608534912,2026-08-17T16:01:26.173589+00:00,4,0,True,True
608534913,2026-08-17T16:01:26.173589+00:00,1,0,True,True
608534914,2026-08-17T16:01:26.173589+00:00,6,0,True,True
608534915,2026-08-17T16:01:26.173589+00:00,4,0,True,True
608534916,2026-08-17T16:01:26.173589+00:00,7,0,True,True
608534917,2026-08-17T16:01:26.173589+00:00,3,0,True,True
608534918,2026-08-17T16:01:26.173589+00:00,5,0,True,True
608534919,2026-08-17T16:01:26.173589+00:00,3,0,True,True
608534920,2026-08-17T16:01:26.173589+00:00,6,0,True,True
608534921,2026-08-17T16:01:26.173589+00:00,15,0,True,True
608534922,2026-08-17T16:01:26.173589+00:00,4,0,True,True
608534923,2026-08-17T16:01:26.173589+00:00,7,0,True,True
608534924,2026-08-17T16:01:26.173589+00:00,7,0,True,True
608534925,2026-08-17T16:01:26.173589+00:00,5,0,True,True
608534926,2026-08-17T16:01:26.173589+00:00,4,0,True,True
608534927,2026-08-17T16:01:26.173589+00:00,3,0,True,True
608534928,2026-08-17T16:01:26.173589+00:00,3,0,True,True
608534930,2026-08-17T16:01:26.173589+00:00,3,0,True,True
608534931,2026-08-17T16:01:26.173589+00:00,5,0,True,True
608534932,2026-08-17T16:01:26.173589+00:00,5,0,True,True
608534933,2026-08-17T16:01:26.173589+00:00,5,0,True,True
608534934,2026-08-17T16:01:26.173589+00:00,6,0,False,False
608534936,2026-08-17T16:01:26.173589+00:00,2,0,True,True
608534937,2026-08-17T16:01:26.173589+00:00,2,0,True,True
608534939,2026-08-17T16:01:26.173589+00:00,6,0,True,True
608534940,2026-08-17T16:01:26.173589+00:00,1,0,True,True
608534942,2026-08-17T16:01:26.173589+00:00,13,0,True,True
608534943,2026-08-17T16:01:26.173589+00:00,6,0,True,True
608534944,2026-08-17T16:01:26.173589+00:00,1,0,True,True
608534945,2026-08-17T16:01:26.173589+00:00,3,0,True,True
608534946,2026-08-17T16:01:26.173589+00:00,8,0,True,True
608534947,2026-08-17T16:01:26.173589+00:00,15,0,True,True
608534948,2026-08-17T16:01:26.173589+00:00,4,0,True,True
608534950,2026-08-17T16:01:26.173589+00:00,14,0,True,True
608534952,2026-08-17T16:01:26.173589+00:00,6,0,True,True
608534953,2026-08-17T16:01:26.173589+00:00,6,0,True,True
608534954,2026-08-17T16:01:26.173589+00:00,3,0,True,True
608534955,2026-08-17T16:01:26.173589+00:00,7,0,True,True
608534956,2026-08-17T16:01:26.173589+00:00,4,0,True,True
608534957,2026-08-17T16:01:26.173589+00:00,4,0,True,True
608534958,2026-08-17T16:01:26.173589+00:00,3,0,True,True
608534959,2026-08-17T16:01:26.173589+00:00,5,3,True,True
608534960,2026-08-17T16:01:26.173589+00:00,5,0,True,True
608534961,2026-08-17T16:01:26.173589+00:00,2,0,True,True
608534962,2026-08-17T16:01:26.173589+00:00,2,0,True,True
608534963,2026-08-17T16:01:26.173589+00:00,8,0,True,True
608534964,2026-08-17T16:01:26.173589+00:00,6,0,True,True
608534965,2026-08-17T16:01:26.173589+00:00,0,0,True,True
608534967,2026-08-17T16:01:26.173589+00:00,3,0,True,True
608534968,2026-08-17T16:01:26.173589+00:00,13,0,True,True
608534969,2026-08-17T16:01:26.173589+00:00,3,0,True,True
608534970,2026-08-17T16:01:26.173589+00:00,2,0,True,True
608534971,2026-08-17T16:01:26.173589+00:00,3,0,True,True
608534973,2026-08-17T16:01:26.173589+00:00,1,0,True,True
608534974,2026-08-17T16:01:26.173589+00:00,10,0,True,True
608534975,2026-08-17T16:01:26.173589+00:00,2,0,True,True
608534977,2026-08-17T16:01:26.173589+00:00,0,0,True,True
608534978,2026-08-17T16:01:26.173589+00:00,2,0,True,True
608534979,2026-08-17T16:01:26.173589+00:00,0,0,True,True
608534980,2026-08-17T16:01:26.173589+00:00,0,0,True,True
608534981,2026-08-17T16:01:26.173589+00:00,0,0,True,True
608534982,2026-08-17T16:01:26.173589+00:00,0,0,True,True
608534983,2026-08-17T16:01:26.173589+00:00,1,0,True,True
608534984,2026-08-17T16:01:26.173589+00:00,0,0,True,True
608534985,2026-08-17T16:01:26.173589+00:00,2,0,True,True
608534986,2026-08-17T16:01:26.173589+00:00,0,0,True,True
608534987,2026-08-17T16:01:26.173589+00:00,2,0,True,True
608534988,2026-08-17T16:01:26.173589+00:00,0,0,True,True
608534990,2026-08-17T16:01:26.173589+00:00,3,0,True,True
608534991,2026-08-17T16:01:26.173589+00:00,0,0,True,True
608534992,2026-08-17T16:01:26.173589+00:00,2,0,True,True
608534993,2026-08-17T16:01:26.173589+00:00,1,0,True,True
608534994,2026-08-17T16:01:26.173589+00:00,0,0,True,True
608534995,2026-08-17T16:01:26.173589+00:00,12,0,True,True
608534996,2026-08-17T16:01:26.173589+00:00,1,0,True,True
608534998,2026-08-17T16:01:26.173589+00:00,1,0,True,True
608534999,2026-08-17T16:01:26.173589+00:00,0,0,True,True
608535000,2026-08-17T16:01:26.173589+00:00,2,0,True,True
608535001,2026-08-17T16:01:26.173589+00:00,2,0,True,True
608535002,2026-08-17T16:01:26.173589+00:00,0,0,True,True
608535003,2026-08-17T16:01:26.173589+00:00,2,0,True,True
608535004,2026-08-17T16:01:26.173589+00:00,0,0,True,True
608535005,2026-08-17T16:01:26.173589+00:00,2,0,True,True
608535006,2026-08-17T16:01:26.173589+00:00,1,0,True,True
608535007,2026-08-17T16:01:26.173589+00:00,0,0,True,True
608535008,2026-08-17T16:01:26.173589+00:00,0,0,True,True
608535009,2026-08-17T16:01:26.173589+00:00,3,0,True,True
608535010,2026-08-17T16:01:26.173589+00:00,2,0,True,True
608535011,2026-08-17T16:01:26.173589+00:00,1,0,True,True
608535012,2026-08-17T16:01:26.173589+00:00,2,0,True,True
608535013,2026-08-17T16:01:26.173589+00:00,1,0,True,True
608535014,2026-08-17T16:01:26.173589+00:00,7,0,True,True
608535015,2026-08-17T16:01:26.173589+00:00,3,0,True,True
608535016,2026-08-17T16:01:26.173589+00:00,2,0,True,True
608535017,2026-08-17T16:01:26.173589+00:00,9,0,True,True
608535018,2026-08-17T16:01:26.173589+00:00,1,0,True,True
608535019,2026-08-17T16:01:26.173589+00:00,4,0,True,True
608535020,2026-08-17T16:01:26.173589+00:00,3,0,True,True
608535021,2026-08-17T16:01:26.173589+00:00,4,0,True,True
608535022,2026-08-17T16:01:26.173589+00:00,2,0,True,True
608535023,2026-08-17T16:01:26.173589+00:00,4,0,True,True
608535024,2026-08-17T16:01:26.173589+00:00,1,0,True,True
608535025,2026-08-17T16:01:26.173589+00:00,2,0,True,True
608535026,2026-08-17T16:01:26.173589+00:00,2,0,True,True
608535027,2026-08-17T16:01:26.173589+00:00,5,0,True,True
608535028,2026-08-17T16:01:26.173589+00:00,7,0,True,True
608535029,2026-08-17T16:01:26.173589+00:00,6,0,True,True
608535030,2026-08-17T16:01:26.173589+00:00,0,0,True,True
608535031,2026-08-17T16:01:26.173589+00:00,12,0,True,True
608535032,2026-08-17T16:01:26.173589+00:00,4,0,True,True
608535033,2026-08-17T16:01:26.173589+00:00,7,0,True,True
608535034,2026-08-17T16:01:26.173589+00:00,4,0,True,True
608535036,2026-08-17T16:01:26.173589+00:00,7,0,True,True
608535037,2026-08-17T16:01:26.173589+00:00,8,0,True,True
608535038,2026-08-17T16:01:26.173589+00:00,3,0,True,True
608535039,2026-08-17T16:01:26.173589+00:00,6,0,True,True
608535040,2026-08-17T16:01:26.173589+00:00,4,0,True,True
608535041,2026-08-17T16:01:26.173589+00:00,7,0,True,True
608535042,2026-08-17T16:01:26.173589+00:00,9,0,True,True
608535043,2026-08-17T16:01:26.173589+00:00,3,0,True,True
608535044,2026-08-17T16:01:26.173589+00:00,4,0,True,True
608535045,2026-08-17T16:01:26.173589+00:00,7,0,True,True
608535046,2026-08-17T16:01:26.173589+00:00,9,0,True,True
608535047,2026-08-17T16:01:26.173589+00:00,6,0,True,True
608535048,2026-08-17T16:01:26.173589+00:00,16,0,True,True
608535049,2026-08-17T16:01:26.173589+00:00,9,0,True,True
608535050,2026-08-17T16:01:26.173589+00:00,8,0,True,True
608535051,2026-08-17T16:01:26.173589+00:00,12,0,True,True
608535052,2026-08-17T16:01:26.173589+00:00,10,0,True,True
608535053,2026-08-17T16:01:26.173589+00:00,4,0,True,True
608535054,2026-08-17T16:01:26.173589+00:00,4,0,True,True
608535055,2026-08-17T16:01:26.173589+00:00,6,0,True,True
608535057,2026-08-17T16:01:26.173589+00:00,10,0,True,True
608535058,2026-08-17T16:01:26.173589+00:00,10,0,True,True
608535059,2026-08-17T16:01:26.173589+00:00,17,0,True,True
608535060,2026-08-17T16:01:26.173589+00:00,16,0,True,True
608535061,2026-08-17T16:01:26.173589+00:00,3,0,True,True
608535062,2026-08-17T16:01:26.173589+00:00,11,0,True,True
608535063,2026-08-17T16:01:26.173589+00:00,3,0,True,True
608535064,2026-08-17T16:01:26.173589+00:00,6,0,True,True
608535065,2026-08-17T16:01:26.173589+00:00,5,0,True,True
608535066,2026-08-17T16:01:26.173589+00:00,11,0,True,True
608535067,2026-08-17T16:01:26.173589+00:00,20,0,True,True
608535068,2026-08-17T16:01:26.173589+00:00,2,0,True,True
608535069,2026-08-17T16:01:26.173589+00:00,5,0,True,True
608535070,2026-08-17T16:01:26.173589+00:00,4,0,True,True
608535071,2026-08-17T16:01:26.173589+00:00,4,0,True,True
608535072,2026-08-17T16:01:26.173589+00:00,4,0,True,True
608535073,2026-08-17T16:01:26.173589+00:00,2,0,True,True
608535074,2026-08-17T16:01:26.173589+00:00,8,0,True,True
608535075,2026-08-17T16:01:26.173589+00:00,4,0,True,True
608535077,2026-08-17T16:01:26.173589+00:00,2,0,True,True
608535078,2026-08-17T16:01:26.173589+00:00,3,0,True,True
608535079,2026-08-17T16:01:26.173589+00:00,1,0,True,True
608535080,2026-08-17T16:01:26.173589+00:00,3,0,True,True
608535081,2026-08-17T16:01:26.173589+00:00,15,0,True,True
608535082,2026-08-17T16:01:26.173589+00:00,5,0,True,True
608535083,2026-08-17T16:01:26.173589+00:00,3,0,True,True
608535084,2026-08-17T16:01:26.173589+00:00,1,0,True,True
608535085,2026-08-17T16:01:26.173589+00:00,7,0,True,True
608535086,2026-08-17T16:01:26.173589+00:00,5,0,True,True
608535087,2026-08-17T16:01:26.173589+00:00,3,0,True,True
608535088,2026-08-17T16:01:26.173589+00:00,2,0,True,True
608535089,2026-08-17T16:01:26.173589+00:00,1,0,True,True
608535090,2026-08-17T16:01:26.173589+00:00,1,0,True,True
608535091,2026-08-17T16:01:26.173589+00:00,0,0,True,True
608535092,2026-08-17T16:01:26.173589+00:00,3,0,True,True
608535093,2026-08-17T16:01:26.173589+00:00,2,0,True,True
608535094,2026-08-17T16:01:26.173589+00:00,11,0,True,True
608535095,2026-08-17T16:01:26.173589+00:00,2,0,True,True
608535096,2026-08-17T16:01:26.173589+00:00,4,0,True,True
608535097,2026-08-17T16:01:26.173589+00:00,1,0,True,True
608535098,2026-08-17T16:01:26.173589+00:00,8,0,True,True
608535099,2026-08-17T16:01:26.173589+00:00,14,0,True,True
608535100,2026-08-17T16:01:26.173589+00:00,7,0,True,True
608535101,2026-08-17T16:01:26.173589+00:00,6,0,True,True
608535102,2026-08-17T16:01:26.173589+00:00,0,0,True,True
608535103,2026-08-17T16:01:26.173589+00:00,12,0,True,True
608535104,2026-08-17T16:01:26.173589+00:00,1,0,True,True
608535105,2026-08-17T16:01:26.173589+00:00,10,0,True,True
608535106,2026-08-17T16:01:26.173589+00:00,2,0,True,True
608535107,2026-08-17T16:01:26.173589+00:00,4,0,True,True
608535108,2026-08-17T16:01:26.173589+00:00,8,0,True,True
608535109,2026-08-17T16:01:26.173589+00:00,8,0,True,True
608535110,2026-08-17T16:01:26.173589+00:00,10,0,True,True
608535111,2026-08-17T16:01:26.173589+00:00,3,0,True,True
608535112,2026-08-17T16:01:26.173589+00:00,4,0,True,True
608535113,2026-08-17T16:01:26.173589+00:00,7,0,True,True
608535114,2026-08-17T16:01:26.173589+00:00,2,0,True,True
608535116,2026-08-17T16:01:26.173589+00:00,2,0,True,True
608535117,2026-08-17T16:01:26.173589+00:00,10,0,True,True
608535118,2026-08-17T16:01:26.173589+00:00,4,0,True,True
608535119,2026-08-17T16:01:26.173589+00:00,0,0,True,True
608535120,2026-08-17T16:01:26.173589+00:00,8,0,True,True
608535121,2026-08-17T16:01:26.173589+00:00,0,0,True,True
608535122,2026-08-17T16:01:26.173589+00:00,3,0,True,True
608535123,2026-08-17T16:01:26.173589+00:00,2,0,True,True
608535124,2026-08-17T16:01:26.173589+00:00,8,0,True,True
608535125,2026-08-17T16:01:26.173589+00:00,0,0,True,True
608535126,2026-08-17T16:01:26.173589+00:00,8,0,True,True
608535127,2026-08-17T16:01:26.173589+00:00,3,0,True,True
608535128,2026-08-17T16:01:26.173589+00:00,1,0,True,True
608535129,2026-08-17T16:01:26.173589+00:00,4,0,True,True
608535130,2026-08-17T16:01:26.173589+00:00,2,0,True,True
608535131,2026-08-17T16:01:26.173589+00:00,7,0,True,True
608535132,2026-08-17T16:01:26.173589+00:00,5,0,True,True
608535133,2026-08-17T16:01:26.173589+00:00,1,0,True,True
608535134,2026-08-17T16:01:26.173589+00:00,3,0,True,True
608535135,2026-08-17T16:01:26.173589+00:00,4,0,True,True
608535136,2026-08-17T16:01:26.173589+00:00,0,0,True,True
608535137,2026-08-17T16:01:26.173589+00:00,1,0,True,True
608535138,2026-08-17T16:01:26.173589+00:00,3,0,True,True
608535139,2026-08-17T16:01:26.173589+00:00,3,0,True,True
608535140,2026-08-17T16:01:26.173589+00:00,3,0,True,True
608535141,2026-08-17T16:01:26.173589+00:00,5,0,True,True
608535142,2026-08-17T16:01:26.173589+00:00,7,0,True,True
608535143,2026-08-17T16:01:26.173589+00:00,1,0,True,True
608535144,2026-08-17T16:01:26.173589+00:00,9,0,True,True
608535145,2026-08-17T16:01:26.173589+00:00,6,0,True,True
608535146,2026-08-17T16:01:26.173589+00:00,3,0,True,True
608535147,2026-08-17T16:01:26.173589+00:00,5,0,True,True
608535148,2026-08-17T16:01:26.173589+00:00,4,0,True,True
608535149,2026-08-17T16:01:26.173589+00:00,3,0,True,True
608535150,2026-08-17T16:01:26.173589+00:00,10,0,True,True
608535151,2026-08-17T16:01:26.173589+00:00,0,0,True,True
608535152,2026-08-17T16:01:26.173589+00:00,3,0,True,True
608535153,2026-08-17T16:01:26.173589+00:00,3,0,True,True
608535154,2026-08-17T16:01:26.173589+00:00,2,0,True,True
608535155,2026-08-17T16:01:26.173589+00:00,0,0,True,True
608535156,2026-08-17T16:01:26.173589+00:00,3,0,True,True
608535157,2026-08-17T16:01:26.173589+00:00,2,0,True,True
608535158,2026-08-17T16:01:26.173589+00:00,2,0,True,True
608535159,2026-08-17T16:01:26.173589+00:00,0,0,True,True
608535160,2026-08-17T16:01:26.173589+00:00,1,0,True,True
608535162,2026-08-17T16:01:26.173589+00:00,2,0,True,True
608535163,2026-08-17T16:01:26.173589+00:00,3,0,True,True
608535164,2026-08-17T16:01:26.173589+00:00,2,0,True,True
608535165,2026-08-17T16:01:26.173589+00:00,1,0,True,True
608535166,2026-08-17T16:01:26.173589+00:00,3,0,True,True
608535167,2026-08-17T16:01:26.173589+00:00,4,0,True,True
608535168,2026-08-17T16:01:26.173589+00:00,4,0,True,True
608535169,2026-08-17T16:01:26.173589+00:00,9,0,True,True
608535170,2026-08-17T16:01:26.173589+00:00,3,0,True,True
608535171,2026-08-17T16:01:26.173589+00:00,3,0,True,True
608535172,2026-08-17T16:01:26.173589+00:00,6,0,True,True
608535173,2026-08-17T16:01:26.173589+00:00,10,0,True,True
608535174,2026-08-17T16:01:26.173589+00:00,0,0,True,True
608535175,2026-08-17T16:01:26.173589+00:00,0,0,True,True
608535176,2026-08-17T16:01:26.173589+00:00,1,0,True,True
608535178,2026-08-17T16:01:26.173589+00:00,11,0,True,True
608535179,2026-08-17T16:01:26.173589+00:00,6,0,True,True
608535180,2026-08-17T16:01:26.173589+00:00,1,0,True,True
608535181,2026-08-17T16:01:26.173589+00:00,3,0,True,True
608535182,2026-08-17T16:01:26.173589+00:00,6,0,True,True
608535183,2026-08-17T16:01:26.173589+00:00,0,0,True,True
608535184,2026-08-17T16:01:26.173589+00:00,0,0,True,True
608535185,2026-08-17T16:01:26.173589+00:00,5,0,True,True
608535186,2026-08-17T16:01:26.173589+00:00,9,0,True,True
608535187,2026-08-17T16:01:26.173589+00:00,2,0,True,True
608535188,2026-08-17T16:01:26.173589+00:00,9,0,True,True
608535189,2026-08-17T16:01:26.173589+00:00,0,0,True,True
608535190,2026-08-17T16:01:26.173589+00:00,6,0,True,True
608535192,2026-08-17T16:01:26.173589+00:00,14,0,True,True
608535193,2026-08-17T16:01:26.173589+00:00,7,0,True,True
608535194,2026-08-17T16:01:26.173589+00:00,2,0,True,True
608535195,2026-08-17T16:01:26.173589+00:00,2,0,True,True
608535196,2026-08-17T16:01:26.173589+00:00,4,0,True,True
608535197,2026-08-17T16:01:26.173589+00:00,0,0,True,True
608535198,2026-08-17T16:01:26.173589+00:00,0,0,True,True
608535199,2026-08-17T16:01:26.173589+00:00,7,0,True,True
608535200,2026-08-17T16:01:26.173589+00:00,0,0,True,True
608535201,2026-08-17T16:01:26.173589+00:00,2,0,True,True
608535202,2026-08-17T16:01:26.173589+00:00,9,0,True,True
608535203,2026-08-17T16:01:26.173589+00:00,9,0,True,True
608535204,2026-08-17T16:01:26.173589+00:00,4,0,True,True
608535205,2026-08-17T16:01:26.173589+00:00,7,0,True,True
608535206,2026-08-17T16:01:26.173589+00:00,7,0,True,True
608535207,2026-08-17T16:01:26.173589+00:00,4,0,True,True
608535208,2026-08-17T16:01:26.173589+00:00,5,0,True,True
608535209,2026-08-17T16:01:26.173589+00:00,0,0,True,True
608535210,2026-08-17T16:01:26.173589+00:00,5,0,True,True
608535211,2026-08-17T16:01:26.173589+00:00,4,0,True,True
608535212,2026-08-17T16:01:26.173589+00:00,3,0,True,True
608535213,2026-08-17T16:01:26.173589+00:00,11,0,True,True
608535214,2026-08-17T16:01:26.173589+00:00,3,0,True,True
608535215,2026-08-17T16:01:26.173589+00:00,2,0,True,True
608535216,2026-08-17T16:01:26.173589+00:00,8,0,True,True
608535217,2026-08-17T16:01:26.173589+00:00,6,0,True,True
608535218,2026-08-17T16:01:26.173589+00:00,7,0,True,True
608535219,2026-08-17T16:01:26.173589+00:00,0,0,True,True
608535220,2026-08-17T16:01:26.173589+00:00,4,0,True,True
608535221,2026-08-17T16:01:26.173589+00:00,2,0,True,True
608535222,2026-08-17T16:01:26.173589+00:00,6,0,True,True
608535223,2026-08-17T16:01:26.173589+00:00,10,0,True,True
608535224,2026-08-17T16:01:26.173589+00:00,3,0,True,True
608535225,2026-08-17T16:01:26.173589+00:00,5,0,True,True
608535226,2026-08-17T16:01:26.173589+00:00,2,0,True,True
608535227,2026-08-17T16:01:26.173589+00:00,1,0,True,True
608535228,2026-08-17T16:01:26.173589+00:00,11,0,True,True
608535229,2026-08-17T16:01:26.173589+00:00,10,0,True,True
608535230,2026-08-17T16:01:26.173589+00:00,3,0,True,True
608535231,2026-08-17T16:01:26.173589+00:00,3,0,True,True
608535232,2026-08-17T16:01:26.173589+00:00,5,0,True,True
608535234,2026-08-17T16:01:26.173589+00:00,12,0,True,True
608535235,2026-08-17T16:01:26.173589+00:00,8,0,True,True
608535236,2026-08-17T16:01:26.173589+00:00,5,0,True,True
608535237,2026-08-17T16:01:26.173589+00:00,5,0,True,True
608535238,2026-08-17T16:01:26.173589+00:00,4,0,True,True
608535239,2026-08-17T16:01:26.173589+00:00,5,0,True,True
608535240,2026-08-17T16:01:26.173589+00:00,5,0,True,True
608535241,2026-08-17T16:01:26.173589+00:00,2,0,True,True
608535242,2026-08-17T16:01:26.173589+00:00,9,0,True,True
608535243,2026-08-17T16:01:26.173589+00:00,7,0,True,True
608535244,2026-08-17T16:01:26.173589+00:00,0,0,True,True
608535245,2026-08-17T16:01:26.173589+00:00,9,0,True,True
608535246,2026-08-17T16:01:26.173589+00:00,4,0,True,True
608535247,2026-08-17T16:01:26.173589+00:00,3,0,True,True
608535248,2026-08-17T16:01:26.173589+00:00,6,0,True,True
608535249,2026-08-17T16:01:26.173589+00:00,6,0,True,True
608535250,2026-08-17T16:01:26.173589+00:00,4,0,True,True
608535251,2026-08-17T16:01:26.173589+00:00,7,0,True,True
608535252,2026-08-17T16:01:26.173589+00:00,5,0,True,True
608535254,2026-08-17T16:01:26.173589+00:00,2,0,True,True
608535255,2026-08-17T16:01:26.173589+00:00,1,0,True,True
613312171,2026-08-17T16:01:26.173589+00:00,10,0,True,True
613312172,2026-08-17T16:01:26.173589+00:00,5,0,True,True
613312173,2026-08-17T16:01:26.173589+00:00,5,0,True,True
613312174,2026-08-17T16:01:26.173589+00:00,3,0,True,True
613312175,2026-08-17T16:01:26.173589+00:00,3,0,True,True
613312176,2026-08-17T16:01:26.173589+00:00,9,0,True,True
613312177,2026-08-17T16:01:26.173589+00:00,4,0,True,True
613312179,2026-08-17T16:01:26.173589+00:00,9,0,True,True
613312180,2026-08-17T16:01:26.173589+00:00,3,0,True,True
613312181,2026-08-17T16:01:26.173589+00:00,16,0,True,True
613312182,2026-08-17T16:01:26.173589+00:00,7,0,True,True
613312183,2026-08-17T16:01:26.173589+00:00,7,0,True,True
613312184,2026-08-17T16:01:26.173589+00:00,0,0,True,True
613312185,2026-08-17T16:01:26.173589+00:00,2,0,True,True
613312186,2026-08-17T16:01:26.173589+00:00,0,0,True,True
613312187,2026-08-17T16:01:26.173589+00:00,1,0,True,True
613312188,2026-08-17T16:01:26.173589+00:00,0,0,True,True
613312189,2026-08-17T16:01:26.173589+00:00,2,0,True,True
613312190,2026-08-17T16:01:26.173589+00:00,0,0,True,True
613312191,2026-08-17T16:01:26.173589+00:00,1,0,True,True
613312192,2026-08-17T16:01:26.173589+00:00,2,0,True,True
613312193,2026-08-17T16:01:26.173589+00:00,0,0,True,True
613312194,2026-08-17T16:01:26.173589+00:00,0,0,True,True
613312195,2026-08-17T16:01:26.173589+00:00,1,0,True,True
613312196,2026-08-17T16:01:26.173589+00:00,5,0,True,True
613312197,2026-08-17T16:01:26.173589+00:00,2,0,True,True
613312198,2026-08-17T16:01:26.173589+00:00,8,0,True,True
613312199,2026-08-17T16:01:26.173589+00:00,5,0,True,True
613312200,2026-08-17T16:01:26.173589+00:00,7,0,True,True
613312201,2026-08-17T16:01:26.173589+00:00,0,0,True,True
613312202,2026-08-17T16:01:26.173589+00:00,10,0,True,True
613312203,2026-08-17T16:01:26.173589+00:00,0,0,True,True
613312204,2026-08-17T16:01:26.173589+00:00,4,0,True,True
613312205,2026-08-17T16:01:26.173589+00:00,9,0,True,True
613312206,2026-08-17T16:01:26.173589+00:00,3,0,True,True
613312207,2026-08-17T16:01:26.173589+00:00,1,0,True,True
613312208,2026-08-17T16:01:26.173589+00:00,7,0,True,True
613312209,2026-08-17T16:01:26.173589+00:00,4,0,True,True
613312210,2026-08-17T16:01:26.173589+00:00,2,0,True,True
613312211,2026-08-17T16:01:26.173589+00:00,3,0,True,True
613312212,2026-08-17T16:01:26.173589+00:00,5,0,True,True
613312213,2026-08-17T16:01:26.173589+00:00,1,0,True,True
613312214,2026-08-17T16:01:26.173589+00:00,4,0,True,True
613312215,2026-08-17T16:01:26.173589+00:00,5,0,True,True
613312216,2026-08-17T16:01:26.173589+00:00,3,0,True,True
613312217,2026-08-17T16:01:26.173589+00:00,1,0,True,True
613312218,2026-08-17T16:01:26.173589+00:00,6,0,True,True
613312219,2026-08-17T16:01:26.173589+00:00,2,0,True,True
613312220,2026-08-17T16:01:26.173589+00:00,4,0,True,True
613312221,2026-08-17T16:01:26.173589+00:00,11,0,True,True
613312222,2026-08-17T16:01:26.173589+00:00,11,0,True,True
613312223,2026-08-17T16:01:26.173589+00:00,1,0,True,True
613312224,2026-08-17T16:01:26.173589+00:00,6,0,True,True
613312225,2026-08-17T16:01:26.173589+00:00,14,0,True,True
613312226,2026-08-17T16:01:26.173589+00:00,1,0,True,True
613312227,2026-08-17T16:01:26.173589+00:00,4,0,True,True
613312228,2026-08-17T16:01:26.173589+00:00,4,0,True,True
613312229,2026-08-17T16:01:26.173589+00:00,9,0,True,True
613312230,2026-08-17T16:01:26.173589+00:00,0,0,True,True
613312231,2026-08-17T16:01:26.173589+00:00,7,0,True,True
613312233,2026-08-17T16:01:26.173589+00:00,1,0,True,True
613312234,2026-08-17T16:01:26.173589+00:00,1,0,True,True
613312236,2026-08-17T16:01:26.173589+00:00,6,0,True,True
613312237,2026-08-17T16:01:26.173589+00:00,11,0,True,True
613312238,2026-08-17T16:01:26.173589+00:00,1,0,True,True
613312239,2026-08-17T16:01:26.173589+00:00,0,0,True,True
613312240,2026-08-17T16:01:26.173589+00:00,3,0,True,True
613312241,2026-08-17T16:01:26.173589+00:00,1,0,True,True
613312242,2026-08-17T16:01:26.173589+00:00,6,0,True,True
613312243,2026-08-17T16:01:26.173589+00:00,2,0,True,True
613312244,2026-08-17T16:01:26.173589+00:00,6,0,True,True
613312245,2026-08-17T16:01:26.173589+00:00,0,0,True,True
613312246,2026-08-17T16:01:26.173589+00:00,6,0,True,True
613312247,2026-08-17T16:01:26.173589+00:00,2,0,True,True
613312248,2026-08-17T16:01:26.173589+00:00,5,0,True,True
613312249,2026-08-17T16:01:26.173589+00:00,8,0,True,True
613312250,2026-08-17T16:01:26.173589+00:00,10,0,True,True
613312251,2026-08-17T16:01:26.173589+00:00,7,0,True,True
613312252,2026-08-17T16:01:26.173589+00:00,4,0,True,True
613312253,2026-08-17T16:01:26.173589+00:00,3,0,True,True
613312254,2026-08-17T16:01:26.173589+00:00,7,0,True,True
613312255,2026-08-17T16:01:26.173589+00:00,3,0,True,True
613312256,2026-08-17T16:01:26.173589+00:00,10,0,True,True
613312257,2026-08-17T16:01:26.173589+00:00,6,0,True,True
613312258,2026-08-17T16:01:26.173589+00:00,9,0,True,True
613312259,2026-08-17T16:01:26.173589+00:00,7,0,True,True
613312260,2026-08-17T16:01:26.173589+00:00,0,0,True,True
613312261,2026-08-17T16:01:26.173589+00:00,1,0,True,True
613312262,2026-08-17T16:01:26.173589+00:00,0,0,True,True
613312263,2026-08-17T16:01:26.173589+00:00,5,0,True,True
613312264,2026-08-17T16:01:26.173589+00:00,2,0,True,True
613312265,2026-08-17T16:01:26.173589+00:00,8,0,True,True
613312266,2026-08-17T16:01:26.173589+00:00,4,0,True,True
613312267,2026-08-17T16:01:26.173589+00:00,5,0,True,True
613312268,2026-08-17T16:01:26.173589+00:00,8,0,True,True
613312269,2026-08-17T16:01:26.173589+00:00,12,0,True,True
613312270,2026-08-17T16:01:26.173589+00:00,8,0,True,True
613312271,2026-08-17T16:01:26.173589+00:00,3,0,True,True
613312272,2026-08-17T16:01:26.173589+00:00,5,0,True,True
613312273,2026-08-17T16:01:26.173589+00:00,8,0,True,True
613312274,2026-08-17T16:01:26.173589+00:00,8,0,True,True
613312275,2026-08-17T16:01:26.173589+00:00,16,0,True,True
613312276,2026-08-17T16:01:26.173589+00:00,2,0,True,True
613312277,2026-08-17T16:01:26.173589+00:00,2,0,True,True
613312278,2026-08-17T16:01:26.173589+00:00,2,0,True,True
613312279,2026-08-17T16:01:26.173589+00:00,12,0,True,True
613312281,2026-08-17T16:01:26.173589+00:00,2,0,True,True
613312282,2026-08-17T16:01:26.173589+00:00,0,0,True,True
613312283,2026-08-17T16:01:26.173589+00:00,4,0,True,True
613312284,2026-08-17T16:01:26.173589+00:00,6,0,True,True
613312285,2026-08-17T16:01:26.173589+00:00,2,0,True,True
613312286,2026-08-17T16:01:26.173589+00:00,0,0,True,True
613312287,2026-08-17T16:01:26.173589+00:00,2,0,True,True
613312288,2026-08-17T16:01:26.173589+00:00,4,0,True,True
613312289,2026-08-17T16:01:26.173589+00:00,6,0,True,True
613312290,2026-08-17T16:01:26.173589+00:00,12,0,True,True
613312291,2026-08-17T16:01:26.173589+00:00,8,0,True,True
613312292,2026-08-17T16:01:26.173589+00:00,2,0,True,True
613312293,2026-08-17T16:01:26.173589+00:00,11,0,True,True
613312294,2026-08-17T16:01:26.173589+00:00,11,0,True,True
613312295,2026-08-17T16:01:26.173589+00:00,13,0,True,True
613312296,2026-08-17T16:01:26.173589+00:00,5,0,True,True
613312297,2026-08-17T16:01:26.173589+00:00,5,0,True,True
613312298,2026-08-17T16:01:26.173589+00:00,5,0,True,True
613312299,2026-08-17T16:01:26.173589+00:00,5,0,True,True
613312300,2026-08-17T16:01:26.173589+00:00,15,0,True,True
613312301,2026-08-17T16:01:26.173589+00:00,9,0,True,True
613312302,2026-08-17T16:01:26.173589+00:00,4,0,True,True
613312303,2026-08-17T16:01:26.173589+00:00,9,0,True,True
613312304,2026-08-17T16:01:26.173589+00:00,9,0,True,True
613312305,2026-08-17T16:01:26.173589+00:00,19,0,True,True
613312306,2026-08-17T16:01:26.173589+00:00,12,0,True,True
613312307,2026-08-17T16:01:26.173589+00:00,8,0,True,True
613312308,2026-08-17T16:01:26.173589+00:00,5,0,True,True
613312309,2026-08-17T16:01:26.173589+00:00,8,0,True,True
613312310,2026-08-17T16:01:26.173589+00:00,6,0,True,True
613312311,2026-08-17T16:01:26.173589+00:00,16,0,True,True
613312312,2026-08-17T16:01:26.173589+00:00,18,0,True,True
613312313,2026-08-17T16:01:26.173589+00:00,5,0,True,True
613312314,2026-08-17T16:01:26.173589+00:00,9,0,True,True
613312315,2026-08-17T16:01:26.173589+00:00,8,0,True,True
613510037,2026-08-17T16:01:26.173589+00:00,0,0,True,True
624056982,2026-08-17T16:01:26.173589+00:00,4,0,True,True
624057057,2026-08-17T16:01:26.173589+00:00,3,0,True,True
631244273,2026-08-17T16:01:26.173589+00:00,0,0,True,True
631244274,2026-08-17T16:01:26.173589+00:00,2,0,True,True
631244275,2026-08-17T16:01:26.173589+00:00,2,0,True,True
631244276,2026-08-17T16:01:26.173589+00:00,11,0,True,True
631244277,2026-08-17T16:01:26.173589+00:00,3,0,True,True
631244278,2026-08-17T16:01:26.173589+00:00,0,0,True,True
631244280,2026-08-17T16:01:26.173589+00:00,6,0,True,True
631244281,2026-08-17T16:01:26.173589+00:00,3,0,True,True
631244286,2026-08-17T16:01:26.173589+00:00,3,0,True,True
631244287,2026-08-17T16:01:26.173589+00:00,9,0,True,True
631244288,2026-08-17T16:01:26.173589+00:00,10,0,True,True
631244289,2026-08-17T16:01:26.173589+00:00,0,0,True,True
631244290,2026-08-17T16:01:26.173589+00:00,2,0,True,True
631244291,2026-08-17T16:01:26.173589+00:00,1,0,True,True
631244292,2026-08-17T16:01:26.173589+00:00,2,0,True,True
631244293,2026-08-17T16:01:26.173589+00:00,0,0,True,True
631244294,2026-08-17T16:01:26.173589+00:00,5,0,True,True
631244295,2026-08-17T16:01:26.173589+00:00,2,0,True,True
631244297,2026-08-17T16:01:26.173589+00:00,4,0,True,True
631244302,2026-08-17T16:01:26.173589+00:00,8,0,True,True
631244303,2026-08-17T16:01:26.173589+00:00,5,0,True,True
631244304,2026-08-17T16:01:26.173589+00:00,4,0,True,True
631244306,2026-08-17T16:01:26.173589+00:00,2,0,True,True
631244308,2026-08-17T16:01:26.173589+00:00,18,0,True,True
631244309,2026-08-17T16:01:26.173589+00:00,11,0,True,True
631244311,2026-08-17T16:01:26.173589+00:00,6,0,True,True
631244312,2026-08-17T16:01:26.173589+00:00,0,0,True,True
631244313,2026-08-17T16:01:26.173589+00:00,1,0,True,True
631244315,2026-08-17T16:01:26.173589+00:00,8,0,True,True
631244316,2026-08-17T16:01:26.173589+00:00,0,0,True,True
637793642,2026-08-17T16:01:26.173589+00:00,7,0,True,True
637794034,2026-08-17T16:01:26.173589+00:00,1,0,True,True
608535280,2026-08-17T16:47:38.259239+00:00,5,0,True,True
608535281,2026-08-17T16:47:38.259239+00:00,5,0,True,True
608535282,2026-08-17T16:47:38.259239+00:00,6,0,True,True
608535283,2026-08-17T16:47:38.259239+00:00,4,0,True,True
608535284,2026-08-17T16:47:38.259239+00:00,6,0,True,True
608535285,2026-08-17T16:47:38.259239+00:00,0,0,True,True
608535286,2026-08-17T16:47:38.259239+00:00,5,0,True,True
608535287,2026-08-17T16:47:38.259239+00:00,4,0,True,True
608535288,2026-08-17T16:47:38.259239+00:00,2,0,True,True
608535289,2026-08-17T16:47:38.259239+00:00,2,0,True,True
608535290,2026-08-17T16:47:38.259239+00:00,5,0,True,True
608535291,2026-08-17T16:47:38.259239+00:00,6,0,True,True
608535292,2026-08-17T16:47:38.259239+00:00,2,0,True,True
608535293,2026-08-17T16:47:38.259239+00:00,7,0,True,True
608535294,2026-08-17T16:47:38.259239+00:00,5,0,True,True
608535295,2026-08-17T16:47:38.259239+00:00,8,0,True,True
608535296,2026-08-17T16:47:38.259239+00:00,3,0,True,True
608535297,2026-08-17T16:47:38.259239+00:00,7,0,True,True
608535298,2026-08-17T16:47:38.259239+00:00,6,0,True,True
608535299,2026-08-17T16:47:38.259239+00:00,4,0,True,True
608535300,2026-08-17T16:47:38.259239+00:00,7,0,True,True
608535301,2026-08-17T16:47:38.259239+00:00,8,0,True,True
608535302,2026-08-17T16:47:38.259239+00:00,7,0,True,True
608535303,2026-08-17T16:47:38.259239+00:00,6,0,True,True
608535304,2026-08-17T16:47:38.259239+00:00,5,0,True,True
608535305,2026-08-17T16:47:38.259239+00:00,7,0,True,True
608535306,2026-08-17T16:47:38.259239+00:00,2,0,True,True
608535307,2026-08-17T16:47:38.259239+00:00,7,0,True,True
608535308,2026-08-17T16:47:38.259239+00:00,7,0,True,True
608535309,2026-08-17T16:47:38.259239+00:00,3,0,True,True
608535310,2026-08-17T16:47:38.259239+00:00,4,0,True,True
608535311,2026-08-17T16:47:38.259239+00:00,5,0,True,True
608535312,2026-08-17T16:47:38.259239+00:00,4,0,True,True
608535313,2026-08-17T16:47:38.259239+00:00,0,0,True,True
608535314,2026-08-17T16:47:38.259239+00:00,5,0,True,True
608535315,2026-08-17T16:47:38.259239+00:00,8,0,True,True
608535316,2026-08-17T16:47:38.259239+00:00,7,0,True,True
608535317,2026-08-17T16:47:38.259239+00:00,6,0,True,True
608535318,2026-08-17T16:47:38.259239+00:00,12,0,True,True
608535319,2026-08-17T16:47:38.259239+00:00,3,0,True,True
608535320,2026-08-17T16:47:38.259239+00:00,6,0,True,True
608535321,2026-08-17T16:47:38.259239+00:00,3,0,True,True
608535322,2026-08-17T16:47:38.259239+00:00,13,0,True,True
608535323,2026-08-17T16:47:38.259239+00:00,3,0,True,True
608535324,2026-08-17T16:47:38.259239+00:00,3,0,True,True
608535325,2026-08-17T16:47:38.259239+00:00,5,0,True,True
608535326,2026-08-17T16:47:38.259239+00:00,6,0,True,True
608535327,2026-08-17T16:47:38.259239+00:00,8,0,True,True
608535328,2026-08-17T16:47:38.259239+00:00,10,0,True,True
608535329,2026-08-17T16:47:38.259239+00:00,4,0,True,True
608535330,2026-08-17T16:47:38.259239+00:00,6,0,True,True
608535331,2026-08-17T16:47:38.259239+00:00,1,0,True,True
608535332,2026-08-17T16:47:38.259239+00:00,12,0,True,True
608535333,2026-08-17T16:47:38.259239+00:00,5,0,True,True
608535334,2026-08-17T16:47:38.259239+00:00,3,0,True,True
608535335,2026-08-17T16:47:38.259239+00:00,4,0,True,True
608535336,2026-08-17T16:47:38.259239+00:00,7,0,True,True
608535337,2026-08-17T16:47:38.259239+00:00,3,0,True,True
608535338,2026-08-17T16:47:38.259239+00:00,1,0,True,True
608535339,2026-08-17T16:47:38.259239+00:00,6,0,True,True
608535340,2026-08-17T16:47:38.259239+00:00,7,0,True,True
608535341,2026-08-17T16:47:38.259239+00:00,7,0,True,True
608535342,2026-08-17T16:47:38.259239+00:00,2,0,True,True
608535343,2026-08-17T16:47:38.259239+00:00,6,0,True,True
608535344,2026-08-17T16:47:38.259239+00:00,4,0,True,True
608535345,2026-08-17T16:47:38.259239+00:00,8,0,True,True
608535346,2026-08-17T16:47:38.259239+00:00,2,0,True,True
608535256,2026-08-17T16:47:38.259239+00:00,7,0,True,True
608535257,2026-08-17T16:47:38.259239+00:00,5,0,True,True
608535258,2026-08-17T16:47:38.259239+00:00,2,0,True,True
608535259,2026-08-17T16:47:38.259239+00:00,5,0,True,True
608535260,2026-08-17T16:47:38.259239+00:00,18,0,True,True
608535261,2026-08-17T16:47:38.259239+00:00,2,0,True,True
608535262,2026-08-17T16:47:38.259239+00:00,0,0,True,True
608535263,2026-08-17T16:47:38.259239+00:00,4,0,True,True
608535265,2026-08-17T16:47:38.259239+00:00,2,0,True,True
608535266,2026-08-17T16:47:38.259239+00:00,4,0,True,True
608535267,2026-08-17T16:47:38.259239+00:00,4,0,True,True
608535268,2026-08-17T16:47:38.259239+00:00,5,0,True,True
608535270,2026-08-17T16:47:38.259239+00:00,8,0,True,True
608535271,2026-08-17T16:47:38.259239+00:00,5,0,True,True
608535272,2026-08-17T16:47:38.259239+00:00,8,0,True,True
608535273,2026-08-17T16:47:38.259239+00:00,3,0,True,True
608535274,2026-08-17T16:47:38.259239+00:00,3,0,True,True
608535276,2026-08-17T16:47:38.259239+00:00,3,0,True,True
608535277,2026-08-17T16:47:38.259239+00:00,3,0,True,True
608535278,2026-08-17T16:47:38.259239+00:00,3,0,True,True
608535279,2026-08-17T16:47:38.259239+00:00,5,0,True,True
608535378,2026-08-17T16:47:38.259239+00:00,4,0,True,True
608535379,2026-08-17T16:47:38.259239+00:00,7,0,True,True
608535380,2026-08-17T16:47:38.259239+00:00,5,0,True,True
608535381,2026-08-17T16:47:38.259239+00:00,1,0,True,True
608535383,2026-08-17T16:47:38.259239+00:00,7,0,True,True
608535384,2026-08-17T16:47:38.259239+00:00,2,0,True,True
608535385,2026-08-17T16:47:38.259239+00:00,3,0,True,True
608535386,2026-08-17T16:47:38.259239+00:00,14,0,True,True
608535387,2026-08-17T16:47:38.259239+00:00,4,0,True,True
608535388,2026-08-17T16:47:38.259239+00:00,8,0,True,True
608535389,2026-08-17T16:47:38.259239+00:00,7,0,True,True
608535390,2026-08-17T16:47:38.259239+00:00,4,0,True,True
608535391,2026-08-17T16:47:38.259239+00:00,5,0,True,True
608535392,2026-08-17T16:47:38.259239+00:00,4,0,True,True
608535393,2026-08-17T16:47:38.259239+00:00,5,0,True,True
608535394,2026-08-17T16:47:38.259239+00:00,9,0,True,True
608535395,2026-08-17T16:47:38.259239+00:00,17,0,True,True
608535396,2026-08-17T16:47:38.259239+00:00,3,0,True,True
608535440,2026-08-17T16:47:38.259239+00:00,1,0,True,True
608535441,2026-08-17T16:47:38.259239+00:00,1,0,True,True
608535442,2026-08-17T16:47:38.259239+00:00,1,0,True,True
608535443,2026-08-17T16:47:38.259239+00:00,4,0,True,True
608535444,2026-08-17T16:47:38.259239+00:00,13,0,True,True
608535445,2026-08-17T16:47:38.259239+00:00,26,0,True,True
608535446,2026-08-17T16:47:38.259239+00:00,0,0,True,True
608535447,2026-08-17T16:47:38.259239+00:00,2,0,True,True
608535461,2026-08-17T16:47:38.259239+00:00,4,0,True,True
608535462,2026-08-17T16:47:38.259239+00:00,7,0,True,True
608535463,2026-08-17T16:47:38.259239+00:00,6,0,True,True
608535464,2026-08-17T16:47:38.259239+00:00,3,0,True,True
608535491,2026-08-17T16:47:38.259239+00:00,0,0,True,True
608535492,2026-08-17T16:47:38.259239+00:00,1,0,True,True
608535493,2026-08-17T16:47:38.259239+00:00,8,0,True,True
608535494,2026-08-17T16:47:38.259239+00:00,2,0,True,True
608535495,2026-08-17T16:47:38.259239+00:00,1,0,True,True
608535496,2026-08-17T16:47:38.259239+00:00,5,0,True,True
608535497,2026-08-17T16:47:38.259239+00:00,5,0,True,True
608535498,2026-08-17T16:47:38.259239+00:00,12,0,True,True
608535499,2026-08-17T16:47:38.259239+00:00,3,0,True,True
608535500,2026-08-17T16:47:38.259239+00:00,4,0,True,True
608535501,2026-08-17T16:47:38.259239+00:00,1,0,True,True
608535502,2026-08-17T16:47:38.259239+00:00,5,0,True,True
608535503,2026-08-17T16:47:38.259239+00:00,3,0,True,True
608535504,2026-08-17T16:47:38.259239+00:00,4,0,True,True
608535505,2026-08-17T16:47:38.259239+00:00,0,0,True,True
637793366,2026-08-17T16:47:38.259239+00:00,0,0,True,True
608535516,2026-08-17T16:47:38.259239+00:00,7,0,True,True
608535517,2026-08-17T16:47:38.259239+00:00,11,0,True,True
608535518,2026-08-17T16:47:38.259239+00:00,6,0,True,True
608535519,2026-08-17T16:47:38.259239+00:00,5,0,True,True
608535520,2026-08-17T16:47:38.259239+00:00,8,0,True,True
608535521,2026-08-17T16:47:38.259239+00:00,7,0,True,True
608535522,2026-08-17T16:47:38.259239+00:00,4,0,True,True
608535523,2026-08-17T16:47:38.259239+00:00,6,0,True,True
608535524,2026-08-17T16:47:38.259239+00:00,5,0,True,True
608535525,2026-08-17T16:47:38.259239+00:00,3,0,True,True
608535526,2026-08-17T16:47:38.259239+00:00,1,0,True,True
608535527,2026-08-17T16:47:38.259239+00:00,6,0,True,True
608535528,2026-08-17T16:47:38.259239+00:00,6,0,True,True
608535529,2026-08-17T16:47:38.259239+00:00,6,0,True,True
608535530,2026-08-17T16:47:38.259239+00:00,5,0,True,True
608535531,2026-08-17T16:47:38.259239+00:00,1,0,True,True
608535532,2026-08-17T16:47:38.259239+00:00,5,0,True,True
608535533,2026-08-17T16:47:38.259239+00:00,3,0,True,True
608535534,2026-08-17T16:47:38.259239+00:00,3,0,True,True
608535537,2026-08-17T16:47:38.259239+00:00,1,0,True,True
608535398,2026-08-17T16:47:38.259239+00:00,5,0,True,True
608535399,2026-08-17T16:47:38.259239+00:00,1,0,True,True
608535400,2026-08-17T16:47:38.259239+00:00,2,0,True,True
608535402,2026-08-17T16:47:38.259239+00:00,5,0,True,True
608535403,2026-08-17T16:47:38.259239+00:00,4,0,True,True
608535404,2026-08-17T16:47:38.259239+00:00,5,0,True,True
608535405,2026-08-17T16:47:38.259239+00:00,4,0,True,True
608535406,2026-08-17T16:47:38.259239+00:00,9,0,True,True
608535407,2026-08-17T16:47:38.259239+00:00,11,0,True,True
608535408,2026-08-17T16:47:38.259239+00:00,5,0,True,True
608535409,2026-08-17T16:47:38.259239+00:00,6,0,True,True
608535410,2026-08-17T16:47:38.259239+00:00,6,0,True,True
608535411,2026-08-17T16:47:38.259239+00:00,8,0,True,True
608535412,2026-08-17T16:47:38.259239+00:00,8,0,True,True
608535413,2026-08-17T16:47:38.259239+00:00,5,0,True,True
608535414,2026-08-17T16:47:38.259239+00:00,7,0,True,True
608535415,2026-08-17T16:47:38.259239+00:00,4,0,True,True
608535416,2026-08-17T16:47:38.259239+00:00,8,0,True,True
608535417,2026-08-17T16:47:38.259239+00:00,9,0,True,True
608535418,2026-08-17T16:47:38.259239+00:00,12,0,True,True
608535419,2026-08-17T16:47:38.259239+00:00,9,0,True,True
608535420,2026-08-17T16:47:38.259239+00:00,10,0,True,True
608535421,2026-08-17T16:47:38.259239+00:00,10,0,True,True
608535422,2026-08-17T16:47:38.259239+00:00,7,0,True,True
608535423,2026-08-17T16:47:38.259239+00:00,6,0,True,True
608535424,2026-08-17T16:47:38.259239+00:00,5,0,True,True
608535425,2026-08-17T16:47:38.259239+00:00,3,0,True,True
608535426,2026-08-17T16:47:38.259239+00:00,3,0,True,True
608535427,2026-08-17T16:47:38.259239+00:00,3,0,True,True
608535428,2026-08-17T16:47:38.259239+00:00,9,0,True,True
608535429,2026-08-17T16:47:38.259239+00:00,4,0,True,True
608535430,2026-08-17T16:47:38.259239+00:00,5,0,True,True
608535431,2026-08-17T16:47:38.259239+00:00,0,0,True,True
608535438,2026-08-17T16:47:38.259239+00:00,1,0,True,True
608535439,2026-08-17T16:47:38.259239+00:00,6,0,True,True
608535432,2026-08-17T16:47:38.259239+00:00,5,0,True,True
608535433,2026-08-17T16:47:38.259239+00:00,1,0,True,True
608535434,2026-08-17T16:47:38.259239+00:00,1,0,True,True
608535435,2026-08-17T16:47:38.259239+00:00,0,0,True,True
608535436,2026-08-17T16:47:38.259239+00:00,3,0,True,True
608535437,2026-08-17T16:47:38.259239+00:00,6,0,True,True
608535448,2026-08-17T16:47:38.259239+00:00,7,0,True,True
608535449,2026-08-17T16:47:38.259239+00:00,5,0,True,True
608535450,2026-08-17T16:47:38.259239+00:00,4,0,True,True
608535451,2026-08-17T16:47:38.259239+00:00,4,0,True,True
608535483,2026-08-17T16:47:38.259239+00:00,1,0,True,True
608535484,2026-08-17T16:47:38.259239+00:00,4,0,True,True
608535485,2026-08-17T16:47:38.259239+00:00,3,0,True,True
608535486,2026-08-17T16:47:38.259239+00:00,1,0,True,True
608535487,2026-08-17T16:47:38.259239+00:00,13,0,True,True
608535488,2026-08-17T16:47:38.259239+00:00,5,0,True,True
608535489,2026-08-17T16:47:38.259239+00:00,3,0,True,True
608535490,2026-08-17T16:47:38.259239+00:00,13,0,True,True
608535452,2026-08-17T16:47:38.259239+00:00,3,0,True,True
608535453,2026-08-17T16:47:38.259239+00:00,1,0,True,True
608535454,2026-08-17T16:47:38.259239+00:00,4,0,True,True
608535455,2026-08-17T16:47:38.259239+00:00,4,0,True,True
608535456,2026-08-17T16:47:38.259239+00:00,5,0,True,True
608535457,2026-08-17T16:47:38.259239+00:00,6,0,True,True
608535458,2026-08-17T16:47:38.259239+00:00,18,0,True,True
608535459,2026-08-17T16:47:38.259239+00:00,10,0,True,True
608535460,2026-08-17T16:47:38.259239+00:00,3,0,True,True
608535465,2026-08-17T16:47:38.259239+00:00,6,0,True,True
608535466,2026-08-17T16:47:38.259239+00:00,2,0,True,True
608535467,2026-08-17T16:47:38.259239+00:00,2,0,True,True
608535468,2026-08-17T16:47:38.259239+00:00,4,0,True,True
608535469,2026-08-17T16:47:38.259239+00:00,3,0,True,True
608535470,2026-08-17T16:47:38.259239+00:00,2,0,True,True
608535471,2026-08-17T16:47:38.259239+00:00,1,0,True,True
608535473,2026-08-17T16:47:38.259239+00:00,3,0,True,True
608535474,2026-08-17T16:47:38.259239+00:00,5,0,True,True
608535475,2026-08-17T16:47:38.259239+00:00,3,0,True,True
608535476,2026-08-17T16:47:38.259239+00:00,10,0,True,True
608535477,2026-08-17T16:47:38.259239+00:00,6,0,True,True
608535478,2026-08-17T16:47:38.259239+00:00,7,0,True,True
608535479,2026-08-17T16:47:38.259239+00:00,3,0,True,True
608535480,2026-08-17T16:47:38.259239+00:00,0,0,True,True
608535481,2026-08-17T16:47:38.259239+00:00,4,0,True,True
608535482,2026-08-17T16:47:38.259239+00:00,3,0,True,True
608535507,2026-08-17T16:47:38.259239+00:00,1,0,True,True
608535508,2026-08-17T16:47:38.259239+00:00,3,0,True,True
608535509,2026-08-17T16:47:38.259239+00:00,4,0,True,True
608535510,2026-08-17T16:47:38.259239+00:00,2,0,True,True
608535511,2026-08-17T16:47:38.259239+00:00,1,0,True,True
608535512,2026-08-17T16:47:38.259239+00:00,4,0,True,True
608535513,2026-08-17T16:47:38.259239+00:00,4,0,True,True
608535514,2026-08-17T16:47:38.259239+00:00,4,0,True,True
608535515,2026-08-17T16:47:38.259239+00:00,9,0,True,True
608535347,2026-08-17T16:47:38.259239+00:00,3,0,True,True
608535348,2026-08-17T16:47:38.259239+00:00,7,0,True,True
608535349,2026-08-17T16:47:38.259239+00:00,8,0,True,True
608535350,2026-08-17T16:47:38.259239+00:00,6,0,True,True
608535351,2026-08-17T16:47:38.259239+00:00,0,0,True,True
608535352,2026-08-17T16:47:38.259239+00:00,1,0,True,True
608535353,2026-08-17T16:47:38.259239+00:00,4,0,True,True
608535354,2026-08-17T16:47:38.259239+00:00,8,0,True,True
608535538,2026-08-17T16:47:38.259239+00:00,4,0,True,True
608535539,2026-08-17T16:47:38.259239+00:00,13,0,True,True
608535540,2026-08-17T16:47:38.259239+00:00,4,0,True,True
608535355,2026-08-17T16:47:38.259239+00:00,6,0,True,True
608535356,2026-08-17T16:47:38.259239+00:00,4,0,True,True
608535357,2026-08-17T16:47:38.259239+00:00,5,0,True,True
608535358,2026-08-17T16:47:38.259239+00:00,8,0,True,True
608535359,2026-08-17T16:47:38.259239+00:00,2,0,True,True
608535360,2026-08-17T16:47:38.259239+00:00,3,0,True,True
608535361,2026-08-17T16:47:38.259239+00:00,3,0,True,True
608535362,2026-08-17T16:47:38.259239+00:00,1,0,True,True
608535363,2026-08-17T16:47:38.259239+00:00,1,0,True,True
608535364,2026-08-17T16:47:38.259239+00:00,5,0,True,True
608535365,2026-08-17T16:47:38.259239+00:00,2,0,True,True
608535366,2026-08-17T16:47:38.259239+00:00,2,0,True,True
608535367,2026-08-17T16:47:38.259239+00:00,5,0,True,True
608535368,2026-08-17T16:47:38.259239+00:00,2,0,True,True
608535369,2026-08-17T16:47:38.259239+00:00,2,0,True,True
608535370,2026-08-17T16:47:38.259239+00:00,2,0,True,True
608535371,2026-08-17T16:47:38.259239+00:00,7,0,True,True
608535372,2026-08-17T16:47:38.259239+00:00,3,0,True,True
608535373,2026-08-17T16:47:38.259239+00:00,6,0,True,True
608535375,2026-08-17T16:47:38.259239+00:00,4,0,True,True
608535376,2026-08-17T16:47:38.259239+00:00,7,0,True,True
606857330,2026-08-17T16:47:38.259239+00:00,8,0,True,True
608534898,2026-08-17T16:47:38.259239+00:00,7,0,True,True
608534899,2026-08-17T16:47:38.259239+00:00,1,0,True,True
608534900,2026-08-17T16:47:38.259239+00:00,8,0,True,True
608534901,2026-08-17T16:47:38.259239+00:00,2,0,True,True
608534902,2026-08-17T16:47:38.259239+00:00,8,0,True,True
608534903,2026-08-17T16:47:38.259239+00:00,8,0,True,True
608534904,2026-08-17T16:47:38.259239+00:00,4,0,True,True
608534905,2026-08-17T16:47:38.259239+00:00,2,0,True,True
608534906,2026-08-17T16:47:38.259239+00:00,1,5,True,True
608534907,2026-08-17T16:47:38.259239+00:00,18,0,True,True
608534908,2026-08-17T16:47:38.259239+00:00,5,0,True,True
608534909,2026-08-17T16:47:38.259239+00:00,4,0,True,True
608534910,2026-08-17T16:47:38.259239+00:00,2,0,True,True
608534912,2026-08-17T16:47:38.259239+00:00,3,0,True,True
608534913,2026-08-17T16:47:38.259239+00:00,0,0,True,True
608534914,2026-08-17T16:47:38.259239+00:00,6,0,True,True
608534915,2026-08-17T16:47:38.259239+00:00,6,0,True,True
608534916,2026-08-17T16:47:38.259239+00:00,10,0,True,True
608534917,2026-08-17T16:47:38.259239+00:00,2,0,True,True
608534918,2026-08-17T16:47:38.259239+00:00,4,0,True,True
608534919,2026-08-17T16:47:38.259239+00:00,3,0,True,True
608534920,2026-08-17T16:47:38.259239+00:00,1,0,True,True
608534921,2026-08-17T16:47:38.259239+00:00,15,0,True,True
608534922,2026-08-17T16:47:38.259239+00:00,7,0,True,True
608534923,2026-08-17T16:47:38.259239+00:00,8,0,True,True
608534924,2026-08-17T16:47:38.259239+00:00,6,0,True,True
608534925,2026-08-17T16:47:38.259239+00:00,6,0,True,True
608534926,2026-08-17T16:47:38.259239+00:00,5,0,True,True
608534927,2026-08-17T16:47:38.259239+00:00,3,0,True,True
608534928,2026-08-17T16:47:38.259239+00:00,4,0,True,True
608534930,2026-08-17T16:47:38.259239+00:00,3,0,True,True
608534931,2026-08-17T16:47:38.259239+00:00,6,0,True,True
608534932,2026-08-17T16:47:38.259239+00:00,4,0,True,True
608534933,2026-08-17T16:47:38.259239+00:00,8,0,True,True
608534934,2026-08-17T16:47:38.259239+00:00,5,0,False,False
608534936,2026-08-17T16:47:38.259239+00:00,4,0,True,True
608534937,2026-08-17T16:47:38.259239+00:00,1,0,True,True
608534939,2026-08-17T16:47:38.259239+00:00,6,0,True,True
608534940,2026-08-17T16:47:38.259239+00:00,0,0,True,True
608534942,2026-08-17T16:47:38.259239+00:00,13,0,True,True
608534943,2026-08-17T16:47:38.259239+00:00,4,0,True,True
608534944,2026-08-17T16:47:38.259239+00:00,0,0,True,True
608534945,2026-08-17T16:47:38.259239+00:00,3,0,True,True
608534946,2026-08-17T16:47:38.259239+00:00,8,0,True,True
608534947,2026-08-17T16:47:38.259239+00:00,14,0,True,True
608534948,2026-08-17T16:47:38.259239+00:00,5,0,True,True
608534950,2026-08-17T16:47:38.259239+00:00,18,0,True,True
608534952,2026-08-17T16:47:38.259239+00:00,11,0,True,True
608534953,2026-08-17T16:47:38.259239+00:00,5,0,True,True
608534954,2026-08-17T16:47:38.259239+00:00,3,0,True,True
608534955,2026-08-17T16:47:38.259239+00:00,8,0,True,True
608534956,2026-08-17T16:47:38.259239+00:00,0,0,True,True
608534957,2026-08-17T16:47:38.259239+00:00,2,0,True,True
608534958,2026-08-17T16:47:38.259239+00:00,3,0,True,True
608534959,2026-08-17T16:47:38.259239+00:00,4,4,True,True
608534960,2026-08-17T16:47:38.259239+00:00,6,0,True,True
608534961,2026-08-17T16:47:38.259239+00:00,3,0,True,True
608534962,2026-08-17T16:47:38.259239+00:00,2,0,True,True
608534963,2026-08-17T16:47:38.259239+00:00,5,0,True,True
608534964,2026-08-17T16:47:38.259239+00:00,5,0,True,True
608534965,2026-08-17T16:47:38.259239+00:00,0,0,True,True
608534967,2026-08-17T16:47:38.259239+00:00,3,0,True,True
608534968,2026-08-17T16:47:38.259239+00:00,14,0,True,True
608534969,2026-08-17T16:47:38.259239+00:00,4,0,True,True
608534970,2026-08-17T16:47:38.259239+00:00,2,0,True,True
608534971,2026-08-17T16:47:38.259239+00:00,3,0,True,True
608534973,2026-08-17T16:47:38.259239+00:00,2,0,True,True
608534974,2026-08-17T16:47:38.259239+00:00,12,0,True,True
608534975,2026-08-17T16:47:38.259239+00:00,3,0,True,True
608534977,2026-08-17T16:47:38.259239+00:00,0,0,True,True
608534978,2026-08-17T16:47:38.259239+00:00,0,0,True,True
608534979,2026-08-17T16:47:38.259239+00:00,0,0,True,True
608534980,2026-08-17T16:47:38.259239+00:00,0,0,True,True
608534981,2026-08-17T16:47:38.259239+00:00,0,0,True,True
608534982,2026-08-17T16:47:38.259239+00:00,0,0,True,True
608534983,2026-08-17T16:47:38.259239+00:00,2,0,True,True
608534984,2026-08-17T16:47:38.259239+00:00,0,0,True,True
608534985,2026-08-17T16:47:38.259239+00:00,3,0,True,True
608534986,2026-08-17T16:47:38.259239+00:00,5,0,True,True
608534987,2026-08-17T16:47:38.259239+00:00,4,0,True,True
608534988,2026-08-17T16:47:38.259239+00:00,0,0,True,True
608534990,2026-08-17T16:47:38.259239+00:00,2,0,True,True
608534991,2026-08-17T16:47:38.259239+00:00,5,0,True,True
608534992,2026-08-17T16:47:38.259239+00:00,2,0,True,True
608534993,2026-08-17T16:47:38.259239+00:00,1,0,True,True
608534994,2026-08-17T16:47:38.259239+00:00,1,0,True,True
608534995,2026-08-17T16:47:38.259239+00:00,10,0,True,True
608534996,2026-08-17T16:47:38.259239+00:00,2,0,True,True
608534998,2026-08-17T16:47:38.259239+00:00,2,0,True,True
608534999,2026-08-17T16:47:38.259239+00:00,1,0,True,True
608535000,2026-08-17T16:47:38.259239+00:00,5,0,True,True
608535001,2026-08-17T16:47:38.259239+00:00,3,0,True,True
608535002,2026-08-17T16:47:38.259239+00:00,0,0,True,True
608535003,2026-08-17T16:47:38.259239+00:00,1,0,True,True
608535004,2026-08-17T16:47:38.259239+00:00,0,0,True,True
608535005,2026-08-17T16:47:38.259239+00:00,2,0,True,True
608535006,2026-08-17T16:47:38.259239+00:00,3,0,True,True
608535007,2026-08-17T16:47:38.259239+00:00,0,0,True,True
608535008,2026-08-17T16:47:38.259239+00:00,0,0,True,True
608535009,2026-08-17T16:47:38.259239+00:00,8,0,True,True
608535010,2026-08-17T16:47:38.259239+00:00,3,0,True,True
608535011,2026-08-17T16:47:38.259239+00:00,2,0,True,True
608535012,2026-08-17T16:47:38.259239+00:00,2,0,True,True
608535013,2026-08-17T16:47:38.259239+00:00,1,0,True,True
608535014,2026-08-17T16:47:38.259239+00:00,7,0,True,True
608535015,2026-08-17T16:47:38.259239+00:00,2,0,True,True
608535016,2026-08-17T16:47:38.259239+00:00,1,0,True,True
608535017,2026-08-17T16:47:38.259239+00:00,9,0,True,True
608535018,2026-08-17T16:47:38.259239+00:00,3,0,True,True
608535019,2026-08-17T16:47:38.259239+00:00,5,0,True,True
608535020,2026-08-17T16:47:38.259239+00:00,2,0,True,True
608535021,2026-08-17T16:47:38.259239+00:00,0,0,True,True
608535022,2026-08-17T16:47:38.259239+00:00,2,0,True,True
608535023,2026-08-17T16:47:38.259239+00:00,6,0,True,True
608535024,2026-08-17T16:47:38.259239+00:00,1,0,True,True
608535025,2026-08-17T16:47:38.259239+00:00,1,0,True,True
608535026,2026-08-17T16:47:38.259239+00:00,3,0,True,True
608535027,2026-08-17T16:47:38.259239+00:00,5,0,True,True
608535028,2026-08-17T16:47:38.259239+00:00,6,0,True,True
608535029,2026-08-17T16:47:38.259239+00:00,7,0,True,True
608535030,2026-08-17T16:47:38.259239+00:00,0,0,True,True
608535031,2026-08-17T16:47:38.259239+00:00,12,0,True,True
608535032,2026-08-17T16:47:38.259239+00:00,4,0,True,True
608535033,2026-08-17T16:47:38.259239+00:00,6,0,True,True
608535034,2026-08-17T16:47:38.259239+00:00,4,0,True,True
608535036,2026-08-17T16:47:38.259239+00:00,6,0,True,True
608535037,2026-08-17T16:47:38.259239+00:00,9,0,True,True
608535038,2026-08-17T16:47:38.259239+00:00,3,0,True,True
608535039,2026-08-17T16:47:38.259239+00:00,6,0,True,True
608535040,2026-08-17T16:47:38.259239+00:00,4,0,True,True
608535041,2026-08-17T16:47:38.259239+00:00,6,0,True,True
608535042,2026-08-17T16:47:38.259239+00:00,9,0,True,True
608535043,2026-08-17T16:47:38.259239+00:00,4,0,True,True
608535044,2026-08-17T16:47:38.259239+00:00,4,0,True,True
608535045,2026-08-17T16:47:38.259239+00:00,7,0,True,True
608535046,2026-08-17T16:47:38.259239+00:00,7,0,True,True
608535047,2026-08-17T16:47:38.259239+00:00,6,0,True,True
608535048,2026-08-17T16:47:38.259239+00:00,16,0,True,True
608535049,2026-08-17T16:47:38.259239+00:00,9,0,True,True
608535050,2026-08-17T16:47:38.259239+00:00,9,0,True,True
608535051,2026-08-17T16:47:38.259239+00:00,12,0,True,True
608535052,2026-08-17T16:47:38.259239+00:00,17,0,True,True
608535053,2026-08-17T16:47:38.259239+00:00,4,0,True,True
608535054,2026-08-17T16:47:38.259239+00:00,4,0,True,True
608535055,2026-08-17T16:47:38.259239+00:00,6,0,True,True
608535057,2026-08-17T16:47:38.259239+00:00,13,0,True,True
608535058,2026-08-17T16:47:38.259239+00:00,9,0,True,True
608535059,2026-08-17T16:47:38.259239+00:00,17,0,True,True
608535060,2026-08-17T16:47:38.259239+00:00,16,0,True,True
608535061,2026-08-17T16:47:38.259239+00:00,3,0,True,True
608535062,2026-08-17T16:47:38.259239+00:00,5,0,True,True
608535063,2026-08-17T16:47:38.259239+00:00,3,0,True,True
608535064,2026-08-17T16:47:38.259239+00:00,6,0,True,True
608535065,2026-08-17T16:47:38.259239+00:00,5,0,True,True
608535066,2026-08-17T16:47:38.259239+00:00,11,0,True,True
608535067,2026-08-17T16:47:38.259239+00:00,17,0,True,True
608535068,2026-08-17T16:47:38.259239+00:00,2,0,True,True
608535069,2026-08-17T16:47:38.259239+00:00,5,0,True,True
608535070,2026-08-17T16:47:38.259239+00:00,8,0,True,True
608535071,2026-08-17T16:47:38.259239+00:00,4,0,True,True
608535072,2026-08-17T16:47:38.259239+00:00,4,0,True,True
608535073,2026-08-17T16:47:38.259239+00:00,3,0,True,True
608535074,2026-08-17T16:47:38.259239+00:00,8,0,True,True
608535075,2026-08-17T16:47:38.259239+00:00,3,0,True,True
608535077,2026-08-17T16:47:38.259239+00:00,2,0,True,True
608535078,2026-08-17T16:47:38.259239+00:00,3,0,True,True
608535079,2026-08-17T16:47:38.259239+00:00,0,0,True,True
608535080,2026-08-17T16:47:38.259239+00:00,2,0,True,True
608535081,2026-08-17T16:47:38.259239+00:00,17,0,True,True
608535082,2026-08-17T16:47:38.259239+00:00,5,0,True,True
608535083,2026-08-17T16:47:38.259239+00:00,3,0,True,True
608535084,2026-08-17T16:47:38.259239+00:00,0,0,True,True
608535085,2026-08-17T16:47:38.259239+00:00,7,0,True,True
608535086,2026-08-17T16:47:38.259239+00:00,5,0,True,True
608535087,2026-08-17T16:47:38.259239+00:00,1,0,True,True
608535088,2026-08-17T16:47:38.259239+00:00,2,0,True,True
608535089,2026-08-17T16:47:38.259239+00:00,0,0,True,True
608535090,2026-08-17T16:47:38.259239+00:00,1,0,True,True
608535091,2026-08-17T16:47:38.259239+00:00,0,0,True,True
608535092,2026-08-17T16:47:38.259239+00:00,3,0,True,True
608535093,2026-08-17T16:47:38.259239+00:00,2,0,True,True
608535094,2026-08-17T16:47:38.259239+00:00,11,0,True,True
608535095,2026-08-17T16:47:38.259239+00:00,2,0,True,True
608535096,2026-08-17T16:47:38.259239+00:00,4,0,True,True
608535097,2026-08-17T16:47:38.259239+00:00,2,0,True,True
608535098,2026-08-17T16:47:38.259239+00:00,9,0,True,True
608535099,2026-08-17T16:47:38.259239+00:00,14,0,True,True
608535100,2026-08-17T16:47:38.259239+00:00,5,0,True,True
608535101,2026-08-17T16:47:38.259239+00:00,6,0,True,True
608535102,2026-08-17T16:47:38.259239+00:00,1,0,True,True
608535103,2026-08-17T16:47:38.259239+00:00,12,0,True,True
608535104,2026-08-17T16:47:38.259239+00:00,1,0,True,True
608535105,2026-08-17T16:47:38.259239+00:00,10,0,True,True
608535106,2026-08-17T16:47:38.259239+00:00,2,0,True,True
608535107,2026-08-17T16:47:38.259239+00:00,5,0,True,True
608535108,2026-08-17T16:47:38.259239+00:00,8,0,True,True
608535109,2026-08-17T16:47:38.259239+00:00,8,0,True,True
608535110,2026-08-17T16:47:38.259239+00:00,10,0,True,True
608535111,2026-08-17T16:47:38.259239+00:00,3,0,True,True
608535112,2026-08-17T16:47:38.259239+00:00,5,0,True,True
608535113,2026-08-17T16:47:38.259239+00:00,8,0,True,True
608535114,2026-08-17T16:47:38.259239+00:00,2,0,True,True
608535116,2026-08-17T16:47:38.259239+00:00,2,0,True,True
608535117,2026-08-17T16:47:38.259239+00:00,10,0,True,True
608535118,2026-08-17T16:47:38.259239+00:00,5,0,True,True
608535119,2026-08-17T16:47:38.259239+00:00,0,0,True,True
608535120,2026-08-17T16:47:38.259239+00:00,8,0,True,True
608535121,2026-08-17T16:47:38.259239+00:00,2,0,True,True
608535122,2026-08-17T16:47:38.259239+00:00,3,0,True,True
608535123,2026-08-17T16:47:38.259239+00:00,2,0,True,True
608535124,2026-08-17T16:47:38.259239+00:00,3,0,True,True
608535125,2026-08-17T16:47:38.259239+00:00,0,0,True,True
608535126,2026-08-17T16:47:38.259239+00:00,8,0,True,True
608535127,2026-08-17T16:47:38.259239+00:00,0,0,True,True
608535128,2026-08-17T16:47:38.259239+00:00,1,0,True,True
608535129,2026-08-17T16:47:38.259239+00:00,4,0,True,True
608535130,2026-08-17T16:47:38.259239+00:00,3,0,True,True
608535131,2026-08-17T16:47:38.259239+00:00,7,0,True,True
608535132,2026-08-17T16:47:38.259239+00:00,5,0,True,True
608535133,2026-08-17T16:47:38.259239+00:00,0,0,True,True
608535134,2026-08-17T16:47:38.259239+00:00,4,0,True,True
608535135,2026-08-17T16:47:38.259239+00:00,2,0,True,True
608535136,2026-08-17T16:47:38.259239+00:00,1,0,True,True
608535137,2026-08-17T16:47:38.259239+00:00,1,0,True,True
608535138,2026-08-17T16:47:38.259239+00:00,4,0,True,True
608535139,2026-08-17T16:47:38.259239+00:00,3,0,True,True
608535140,2026-08-17T16:47:38.259239+00:00,3,0,True,True
608535141,2026-08-17T16:47:38.259239+00:00,5,0,True,True
608535142,2026-08-17T16:47:38.259239+00:00,6,0,True,True
608535143,2026-08-17T16:47:38.259239+00:00,2,0,True,True
608535144,2026-08-17T16:47:38.259239+00:00,9,0,True,True
608535145,2026-08-17T16:47:38.259239+00:00,6,0,True,True
608535146,2026-08-17T16:47:38.259239+00:00,3,0,True,True
608535147,2026-08-17T16:47:38.259239+00:00,4,0,True,True
608535148,2026-08-17T16:47:38.259239+00:00,6,0,True,True
608535149,2026-08-17T16:47:38.259239+00:00,3,0,True,True
608535150,2026-08-17T16:47:38.259239+00:00,9,0,True,True
608535151,2026-08-17T16:47:38.259239+00:00,0,0,True,True
608535152,2026-08-17T16:47:38.259239+00:00,2,0,True,True
608535153,2026-08-17T16:47:38.259239+00:00,4,0,True,True
608535154,2026-08-17T16:47:38.259239+00:00,1,0,True,True
608535155,2026-08-17T16:47:38.259239+00:00,0,0,True,True
608535156,2026-08-17T16:47:38.259239+00:00,3,0,True,True
608535157,2026-08-17T16:47:38.259239+00:00,3,0,True,True
608535158,2026-08-17T16:47:38.259239+00:00,0,0,True,True
608535159,2026-08-17T16:47:38.259239+00:00,0,0,True,True
608535160,2026-08-17T16:47:38.259239+00:00,1,0,True,True
608535162,2026-08-17T16:47:38.259239+00:00,2,0,True,True
608535163,2026-08-17T16:47:38.259239+00:00,4,0,True,True
608535164,2026-08-17T16:47:38.259239+00:00,2,0,True,True
608535165,2026-08-17T16:47:38.259239+00:00,1,0,True,True
608535166,2026-08-17T16:47:38.259239+00:00,3,0,True,True
608535167,2026-08-17T16:47:38.259239+00:00,4,0,True,True
608535168,2026-08-17T16:47:38.259239+00:00,4,0,True,True
608535169,2026-08-17T16:47:38.259239+00:00,9,0,True,True
608535170,2026-08-17T16:47:38.259239+00:00,4,0,True,True
608535171,2026-08-17T16:47:38.259239+00:00,3,0,True,True
608535172,2026-08-17T16:47:38.259239+00:00,6,0,True,True
608535173,2026-08-17T16:47:38.259239+00:00,9,0,True,True
608535174,2026-08-17T16:47:38.259239+00:00,0,0,True,True
608535175,2026-08-17T16:47:38.259239+00:00,0,0,True,True
608535176,2026-08-17T16:47:38.259239+00:00,2,0,True,True
608535178,2026-08-17T16:47:38.259239+00:00,12,0,True,True
608535179,2026-08-17T16:47:38.259239+00:00,6,0,True,True
608535180,2026-08-17T16:47:38.259239+00:00,1,0,True,True
608535181,2026-08-17T16:47:38.259239+00:00,4,0,True,True
608535182,2026-08-17T16:47:38.259239+00:00,7,0,True,True
608535183,2026-08-17T16:47:38.259239+00:00,0,0,True,True
608535184,2026-08-17T16:47:38.259239+00:00,2,0,True,True
608535185,2026-08-17T16:47:38.259239+00:00,3,0,True,True
608535186,2026-08-17T16:47:38.259239+00:00,9,0,True,True
608535187,2026-08-17T16:47:38.259239+00:00,1,0,True,True
608535188,2026-08-17T16:47:38.259239+00:00,9,0,True,True
608535189,2026-08-17T16:47:38.259239+00:00,1,0,True,True
608535190,2026-08-17T16:47:38.259239+00:00,7,0,True,True
608535192,2026-08-17T16:47:38.259239+00:00,14,0,True,True
608535193,2026-08-17T16:47:38.259239+00:00,7,0,True,True
608535194,2026-08-17T16:47:38.259239+00:00,2,0,True,True
608535195,2026-08-17T16:47:38.259239+00:00,1,0,True,True
608535196,2026-08-17T16:47:38.259239+00:00,4,0,True,True
608535197,2026-08-17T16:47:38.259239+00:00,1,0,True,True
608535198,2026-08-17T16:47:38.259239+00:00,0,0,True,True
608535199,2026-08-17T16:47:38.259239+00:00,5,0,True,True
608535200,2026-08-17T16:47:38.259239+00:00,0,0,True,True
608535201,2026-08-17T16:47:38.259239+00:00,0,0,True,True
608535202,2026-08-17T16:47:38.259239+00:00,9,0,True,True
608535203,2026-08-17T16:47:38.259239+00:00,9,0,True,True
608535204,2026-08-17T16:47:38.259239+00:00,5,0,True,True
608535205,2026-08-17T16:47:38.259239+00:00,7,0,True,True
608535206,2026-08-17T16:47:38.259239+00:00,7,0,True,True
608535207,2026-08-17T16:47:38.259239+00:00,4,0,True,True
608535208,2026-08-17T16:47:38.259239+00:00,5,0,True,True
608535209,2026-08-17T16:47:38.259239+00:00,0,0,True,True
608535210,2026-08-17T16:47:38.259239+00:00,5,0,True,True
608535211,2026-08-17T16:47:38.259239+00:00,4,0,True,True
608535212,2026-08-17T16:47:38.259239+00:00,5,0,True,True
608535213,2026-08-17T16:47:38.259239+00:00,11,0,True,True
608535214,2026-08-17T16:47:38.259239+00:00,3,0,True,True
608535215,2026-08-17T16:47:38.259239+00:00,2,0,True,True
608535216,2026-08-17T16:47:38.259239+00:00,8,0,True,True
608535217,2026-08-17T16:47:38.259239+00:00,6,0,True,True
608535218,2026-08-17T16:47:38.259239+00:00,5,0,True,True
608535219,2026-08-17T16:47:38.259239+00:00,0,0,True,True
608535220,2026-08-17T16:47:38.259239+00:00,3,0,True,True
608535221,2026-08-17T16:47:38.259239+00:00,2,0,True,True
608535222,2026-08-17T16:47:38.259239+00:00,6,0,True,True
608535223,2026-08-17T16:47:38.259239+00:00,10,0,True,True
608535224,2026-08-17T16:47:38.259239+00:00,3,0,True,True
608535225,2026-08-17T16:47:38.259239+00:00,6,0,True,True
608535226,2026-08-17T16:47:38.259239+00:00,1,0,True,True
608535227,2026-08-17T16:47:38.259239+00:00,3,0,True,True
608535228,2026-08-17T16:47:38.259239+00:00,11,0,True,True
608535229,2026-08-17T16:47:38.259239+00:00,10,0,True,True
608535230,2026-08-17T16:47:38.259239+00:00,3,0,True,True
608535231,2026-08-17T16:47:38.259239+00:00,3,0,True,True
608535232,2026-08-17T16:47:38.259239+00:00,5,0,True,True
608535234,2026-08-17T16:47:38.259239+00:00,12,0,True,True
608535235,2026-08-17T16:47:38.259239+00:00,8,0,True,True
608535236,2026-08-17T16:47:38.259239+00:00,5,0,True,True
608535237,2026-08-17T16:47:38.259239+00:00,5,0,True,True
608535238,2026-08-17T16:47:38.259239+00:00,1,0,True,True
608535239,2026-08-17T16:47:38.259239+00:00,5,0,True,True
608535240,2026-08-17T16:47:38.259239+00:00,6,0,True,True
608535241,2026-08-17T16:47:38.259239+00:00,1,0,True,True
608535242,2026-08-17T16:47:38.259239+00:00,8,0,True,True
608535243,2026-08-17T16:47:38.259239+00:00,6,0,True,True
608535244,2026-08-17T16:47:38.259239+00:00,1,0,True,True
608535245,2026-08-17T16:47:38.259239+00:00,10,0,True,True
608535246,2026-08-17T16:47:38.259239+00:00,3,0,True,True
608535247,2026-08-17T16:47:38.259239+00:00,1,0,True,True
608535248,2026-08-17T16:47:38.259239+00:00,7,0,True,True
608535249,2026-08-17T16:47:38.259239+00:00,6,0,True,True
608535250,2026-08-17T16:47:38.259239+00:00,3,0,True,True
608535251,2026-08-17T16:47:38.259239+00:00,7,0,True,True
608535252,2026-08-17T16:47:38.259239+00:00,4,0,True,True
608535254,2026-08-17T16:47:38.259239+00:00,2,0,True,True
608535255,2026-08-17T16:47:38.259239+00:00,0,0,True,True
613312171,2026-08-17T16:47:38.259239+00:00,9,0,True,True
613312172,2026-08-17T16:47:38.259239+00:00,5,0,True,True
613312173,2026-08-17T16:47:38.259239+00:00,1,0,True,True
613312174,2026-08-17T16:47:38.259239+00:00,3,0,True,True
613312175,2026-08-17T16:47:38.259239+00:00,3,0,True,True
613312176,2026-08-17T16:47:38.259239+00:00,10,0,True,True
613312177,2026-08-17T16:47:38.259239+00:00,0,0,True,True
613312179,2026-08-17T16:47:38.259239+00:00,8,0,True,True
613312180,2026-08-17T16:47:38.259239+00:00,4,0,True,True
613312181,2026-08-17T16:47:38.259239+00:00,15,0,True,True
613312182,2026-08-17T16:47:38.259239+00:00,9,0,True,True
613312183,2026-08-17T16:47:38.259239+00:00,7,0,True,True
613312184,2026-08-17T16:47:38.259239+00:00,1,0,True,True
613312185,2026-08-17T16:47:38.259239+00:00,6,0,True,True
613312186,2026-08-17T16:47:38.259239+00:00,1,0,True,True
613312187,2026-08-17T16:47:38.259239+00:00,1,0,True,True
613312188,2026-08-17T16:47:38.259239+00:00,1,0,True,True
613312189,2026-08-17T16:47:38.259239+00:00,3,0,True,True
613312190,2026-08-17T16:47:38.259239+00:00,0,0,True,True
613312191,2026-08-17T16:47:38.259239+00:00,0,0,True,True
613312192,2026-08-17T16:47:38.259239+00:00,1,0,True,True
613312193,2026-08-17T16:47:38.259239+00:00,0,0,True,True
613312194,2026-08-17T16:47:38.259239+00:00,0,0,True,True
613312195,2026-08-17T16:47:38.259239+00:00,2,0,True,True
613312196,2026-08-17T16:47:38.259239+00:00,5,0,True,True
613312197,2026-08-17T16:47:38.259239+00:00,2,0,True,True
613312198,2026-08-17T16:47:38.259239+00:00,9,0,True,True
613312199,2026-08-17T16:47:38.259239+00:00,5,0,True,True
613312200,2026-08-17T16:47:38.259239+00:00,6,0,True,True
613312201,2026-08-17T16:47:38.259239+00:00,0,0,True,True
613312202,2026-08-17T16:47:38.259239+00:00,10,0,True,True
613312203,2026-08-17T16:47:38.259239+00:00,0,0,True,True
613312204,2026-08-17T16:47:38.259239+00:00,5,0,True,True
613312205,2026-08-17T16:47:38.259239+00:00,9,0,True,True
613312206,2026-08-17T16:47:38.259239+00:00,2,0,True,True
613312207,2026-08-17T16:47:38.259239+00:00,1,0,True,True
613312208,2026-08-17T16:47:38.259239+00:00,7,0,True,True
613312209,2026-08-17T16:47:38.259239+00:00,4,0,True,True
613312210,2026-08-17T16:47:38.259239+00:00,2,0,True,True
613312211,2026-08-17T16:47:38.259239+00:00,3,0,True,True
613312212,2026-08-17T16:47:38.259239+00:00,6,0,True,True
613312213,2026-08-17T16:47:38.259239+00:00,3,0,True,True
613312214,2026-08-17T16:47:38.259239+00:00,4,0,True,True
613312215,2026-08-17T16:47:38.259239+00:00,5,0,True,True
613312216,2026-08-17T16:47:38.259239+00:00,3,0,True,True
613312217,2026-08-17T16:47:38.259239+00:00,1,0,True,True
613312218,2026-08-17T16:47:38.259239+00:00,6,0,True,True
613312219,2026-08-17T16:47:38.259239+00:00,2,0,True,True
613312220,2026-08-17T16:47:38.259239+00:00,4,0,True,True
613312221,2026-08-17T16:47:38.259239+00:00,11,0,True,True
613312222,2026-08-17T16:47:38.259239+00:00,11,0,True,True
613312223,2026-08-17T16:47:38.259239+00:00,1,0,True,True
613312224,2026-08-17T16:47:38.259239+00:00,6,0,True,True
613312225,2026-08-17T16:47:38.259239+00:00,14,0,True,True
613312226,2026-08-17T16:47:38.259239+00:00,0,0,True,True
613312227,2026-08-17T16:47:38.259239+00:00,4,0,True,True
613312228,2026-08-17T16:47:38.259239+00:00,5,0,True,True
613312229,2026-08-17T16:47:38.259239+00:00,9,0,True,True
613312230,2026-08-17T16:47:38.259239+00:00,0,0,True,True
613312231,2026-08-17T16:47:38.259239+00:00,5,0,True,True
613312233,2026-08-17T16:47:38.259239+00:00,1,0,True,True
613312234,2026-08-17T16:47:38.259239+00:00,1,0,True,True
613312236,2026-08-17T16:47:38.259239+00:00,4,0,True,True
613312237,2026-08-17T16:47:38.259239+00:00,13,0,True,True
613312238,2026-08-17T16:47:38.259239+00:00,3,0,True,True
613312239,2026-08-17T16:47:38.259239+00:00,1,0,True,True
613312240,2026-08-17T16:47:38.259239+00:00,2,0,True,True
613312241,2026-08-17T16:47:38.259239+00:00,0,0,True,True
613312242,2026-08-17T16:47:38.259239+00:00,5,0,True,True
613312243,2026-08-17T16:47:38.259239+00:00,2,0,True,True
613312244,2026-08-17T16:47:38.259239+00:00,6,0,True,True
613312245,2026-08-17T16:47:38.259239+00:00,0,0,True,True
613312246,2026-08-17T16:47:38.259239+00:00,6,0,True,True
613312247,2026-08-17T16:47:38.259239+00:00,1,0,True,True
613312248,2026-08-17T16:47:38.259239+00:00,5,0,True,True
613312249,2026-08-17T16:47:38.259239+00:00,8,0,True,True
613312250,2026-08-17T16:47:38.259239+00:00,10,0,True,True
613312251,2026-08-17T16:47:38.259239+00:00,7,0,True,True
613312252,2026-08-17T16:47:38.259239+00:00,4,0,True,True
613312253,2026-08-17T16:47:38.259239+00:00,3,0,True,True
613312254,2026-08-17T16:47:38.259239+00:00,7,0,True,True
613312255,2026-08-17T16:47:38.259239+00:00,3,0,True,True
613312256,2026-08-17T16:47:38.259239+00:00,10,0,True,True
613312257,2026-08-17T16:47:38.259239+00:00,6,0,True,True
613312258,2026-08-17T16:47:38.259239+00:00,9,0,True,True
613312259,2026-08-17T16:47:38.259239+00:00,8,0,True,True
613312260,2026-08-17T16:47:38.259239+00:00,0,0,True,True
613312261,2026-08-17T16:47:38.259239+00:00,1,0,True,True
613312262,2026-08-17T16:47:38.259239+00:00,0,0,True,True
613312263,2026-08-17T16:47:38.259239+00:00,3,0,True,True
613312264,2026-08-17T16:47:38.259239+00:00,3,0,True,True
613312265,2026-08-17T16:47:38.259239+00:00,8,0,True,True
613312266,2026-08-17T16:47:38.259239+00:00,4,0,True,True
613312267,2026-08-17T16:47:38.259239+00:00,5,0,True,True
613312268,2026-08-17T16:47:38.259239+00:00,9,0,True,True
613312269,2026-08-17T16:47:38.259239+00:00,12,0,True,True
613312270,2026-08-17T16:47:38.259239+00:00,8,0,True,True
613312271,2026-08-17T16:47:38.259239+00:00,3,0,True,True
613312272,2026-08-17T16:47:38.259239+00:00,2,0,True,True
613312273,2026-08-17T16:47:38.259239+00:00,8,0,True,True
613312274,2026-08-17T16:47:38.259239+00:00,8,0,True,True
613312275,2026-08-17T16:47:38.259239+00:00,16,0,True,True
613312276,2026-08-17T16:47:38.259239+00:00,1,0,True,True
613312277,2026-08-17T16:47:38.259239+00:00,1,0,True,True
613312278,2026-08-17T16:47:38.259239+00:00,3,0,True,True
613312279,2026-08-17T16:47:38.259239+00:00,11,0,True,True
613312281,2026-08-17T16:47:38.259239+00:00,2,0,True,True
613312282,2026-08-17T16:47:38.259239+00:00,0,0,True,True
613312283,2026-08-17T16:47:38.259239+00:00,3,0,True,True
613312284,2026-08-17T16:47:38.259239+00:00,6,0,True,True
613312285,2026-08-17T16:47:38.259239+00:00,2,0,True,True
613312286,2026-08-17T16:47:38.259239+00:00,0,0,True,True
613312287,2026-08-17T16:47:38.259239+00:00,1,0,True,True
613312288,2026-08-17T16:47:38.259239+00:00,3,0,True,True
613312289,2026-08-17T16:47:38.259239+00:00,6,0,True,True
613312290,2026-08-17T16:47:38.259239+00:00,12,0,True,True
613312291,2026-08-17T16:47:38.259239+00:00,10,0,True,True
613312292,2026-08-17T16:47:38.259239+00:00,2,0,True,True
613312293,2026-08-17T16:47:38.259239+00:00,11,0,True,True
613312294,2026-08-17T16:47:38.259239+00:00,11,0,True,True
613312295,2026-08-17T16:47:38.259239+00:00,14,0,True,True
613312296,2026-08-17T16:47:38.259239+00:00,5,0,True,True
613312297,2026-08-17T16:47:38.259239+00:00,5,0,True,True
613312298,2026-08-17T16:47:38.259239+00:00,5,0,True,True
613312299,2026-08-17T16:47:38.259239+00:00,5,0,True,True
613312300,2026-08-17T16:47:38.259239+00:00,15,0,True,True
613312301,2026-08-17T16:47:38.259239+00:00,9,0,True,True
613312302,2026-08-17T16:47:38.259239+00:00,4,0,True,True
613312303,2026-08-17T16:47:38.259239+00:00,9,0,True,True
613312304,2026-08-17T16:47:38.259239+00:00,9,0,True,True
613312305,2026-08-17T16:47:38.259239+00:00,19,0,True,True
613312306,2026-08-17T16:47:38.259239+00:00,12,0,True,True
613312307,2026-08-17T16:47:38.259239+00:00,8,0,True,True
613312308,2026-08-17T16:47:38.259239+00:00,5,0,True,True
613312309,2026-08-17T16:47:38.259239+00:00,8,0,True,True
613312310,2026-08-17T16:47:38.259239+00:00,6,0,True,True
613312311,2026-08-17T16:47:38.259239+00:00,15,0,True,True
613312312,2026-08-17T16:47:38.259239+00:00,17,0,True,True
613312313,2026-08-17T16:47:38.259239+00:00,5,0,True,True
613312314,2026-08-17T16:47:38.259239+00:00,9,0,True,True
613312315,2026-08-17T16:47:38.259239+00:00,8,0,True,True
613510037,2026-08-17T16:47:38.259239+00:00,0,0,True,True
624056982,2026-08-17T16:47:38.259239+00:00,4,0,True,True
624057057,2026-08-17T16:47:38.259239+00:00,3,0,True,True
631244273,2026-08-17T16:47:38.259239+00:00,1,0,True,True
631244274,2026-08-17T16:47:38.259239+00:00,3,0,True,True
631244275,2026-08-17T16:47:38.259239+00:00,3,0,True,True
631244276,2026-08-17T16:47:38.259239+00:00,14,0,True,True
631244277,2026-08-17T16:47:38.259239+00:00,2,0,True,True
631244278,2026-08-17T16:47:38.259239+00:00,0,0,True,True
631244280,2026-08-17T16:47:38.259239+00:00,6,0,True,True
631244281,2026-08-17T16:47:38.259239+00:00,5,0,True,True
631244286,2026-08-17T16:47:38.259239+00:00,0,0,True,True
631244287,2026-08-17T16:47:38.259239+00:00,9,0,True,True
631244288,2026-08-17T16:47:38.259239+00:00,10,0,True,True
631244289,2026-08-17T16:47:38.259239+00:00,0,0,True,True
631244290,2026-08-17T16:47:38.259239+00:00,1,0,True,True
631244291,2026-08-17T16:47:38.259239+00:00,2,0,True,True
631244292,2026-08-17T16:47:38.259239+00:00,2,0,True,True
631244293,2026-08-17T16:47:38.259239+00:00,0,0,True,True
631244294,2026-08-17T16:47:38.259239+00:00,3,0,True,True
631244295,2026-08-17T16:47:38.259239+00:00,2,0,True,True
631244297,2026-08-17T16:47:38.259239+00:00,5,0,True,True
631244302,2026-08-17T16:47:38.259239+00:00,9,0,True,True
631244303,2026-08-17T16:47:38.259239+00:00,5,0,True,True
631244304,2026-08-17T16:47:38.259239+00:00,4,0,True,True
631244306,2026-08-17T16:47:38.259239+00:00,2,0,True,True
631244308,2026-08-17T16:47:38.259239+00:00,18,0,True,True
631244309,2026-08-17T16:47:38.259239+00:00,11,0,True,True
631244311,2026-08-17T16:47:38.259239+00:00,6,0,True,True
631244312,2026-08-17T16:47:38.259239+00:00,0,0,True,True
631244313,2026-08-17T16:47:38.259239+00:00,0,0,True,True
631244315,2026-08-17T16:47:38.259239+00:00,7,0,True,True
631244316,2026-08-17T16:47:38.259239+00:00,2,0,True,True
637793642,2026-08-17T16:47:38.259239+00:00,5,0,True,True
637794034,2026-08-17T16:47:38.259239+00:00,1,0,True,True
